MemberID,Churn_Probability,Risk_Tier,Top_Driver,Recommended_Action
H00000,0.7437,HIGH,,
H00001,0.0691,LOW,,
H00002,0.0751,LOW,,
H00003,0.0494,LOW,,
H00004,0.3531,LOW,,
H00005,0.0771,LOW,,
H00006,0.1452,LOW,,
H00007,0.0324,LOW,,
H00008,0.4795,MEDIUM,,
H00009,0.2145,LOW,,
H00010,0.0602,LOW,,
H00011,0.049,LOW,,
H00012,0.0617,LOW,,
H00013,0.0785,LOW,,
H00014,0.3817,LOW,,
H00015,0.7418,HIGH,,
H00016,0.1452,LOW,,
H00017,0.1644,LOW,,
H00018,0.3957,LOW,,
H00019,0.0206,LOW,,
H00020,0.0462,LOW,,
H00021,0.0754,LOW,,
H00022,0.4992,MEDIUM,,
H00023,0.0364,LOW,,
H00024,0.7728,HIGH,,
H00025,0.0256,LOW,,
H00026,0.0242,LOW,,
H00027,0.1143,LOW,,
H00028,0.0632,LOW,,
H00029,0.496,MEDIUM,,
H00030,0.8753,HIGH,,
H00031,0.2043,LOW,,
H00032,0.5963,MEDIUM,,
H00033,0.1642,LOW,,
H00034,0.0268,LOW,,
H00035,0.043,LOW,,
H00036,0.4494,MEDIUM,,
H00037,0.0092,LOW,,
H00038,0.0286,LOW,,
H00039,0.7674,HIGH,,
H00040,0.0672,LOW,,
H00041,0.0353,LOW,,
H00042,0.0442,LOW,,
H00043,0.0168,LOW,,
H00044,0.0841,LOW,,
H00045,0.8646,HIGH,,
H00046,0.0302,LOW,,
H00047,0.0406,LOW,,
H00048,0.0379,LOW,,
H00049,0.0602,LOW,,
H00050,0.0859,LOW,,
H00051,0.2607,LOW,,
H00052,0.0173,LOW,,
H00053,0.0436,LOW,,
H00054,0.0436,LOW,,
H00055,0.1371,LOW,,
H00056,0.0464,LOW,,
H00057,0.7153,HIGH,,
H00058,0.0213,LOW,,
H00059,0.0873,LOW,,
H00060,0.2137,LOW,,
H00061,0.4167,MEDIUM,,
H00062,0.1296,LOW,,
H00063,0.2118,LOW,,
H00064,0.0626,LOW,,
H00065,0.0226,LOW,,
H00066,0.0171,LOW,,
H00067,0.0325,LOW,,
H00068,0.1944,LOW,,
H00069,0.0746,LOW,,
H00070,0.0245,LOW,,
H00071,0.0657,LOW,,
H00072,0.0665,LOW,,
H00073,0.2738,LOW,,
H00074,0.1196,LOW,,
H00075,0.087,LOW,,
H00076,0.1583,LOW,,
H00077,0.8226,HIGH,,
H00078,0.1397,LOW,,
H00079,0.1618,LOW,,
H00080,0.4231,MEDIUM,,
H00081,0.019,LOW,,
H00082,0.0431,LOW,,
H00083,0.1122,LOW,,
H00084,0.0234,LOW,,
H00085,0.0459,LOW,,
H00086,0.0126,LOW,,
H00087,0.1646,LOW,,
H00088,0.0831,LOW,,
H00089,0.1085,LOW,,
H00090,0.0278,LOW,,
H00091,0.6939,MEDIUM,,
H00092,0.0876,LOW,,
H00093,0.4737,MEDIUM,,
H00094,0.0504,LOW,,
H00095,0.0354,LOW,,
H00096,0.4751,MEDIUM,,
H00097,0.0187,LOW,,
H00098,0.1314,LOW,,
H00099,0.6108,MEDIUM,,
H00100,0.0794,LOW,,
H00101,0.0318,LOW,,
H00102,0.0635,LOW,,
H00103,0.2465,LOW,,
H00104,0.0243,LOW,,
H00105,0.4471,MEDIUM,,
H00106,0.2817,LOW,,
H00107,0.0707,LOW,,
H00108,0.3738,LOW,,
H00109,0.7457,HIGH,,
H00110,0.0483,LOW,,
H00111,0.0979,LOW,,
H00112,0.058,LOW,,
H00113,0.2557,LOW,,
H00114,0.0659,LOW,,
H00115,0.04,LOW,,
H00116,0.1964,LOW,,
H00117,0.0278,LOW,,
H00118,0.0712,LOW,,
H00119,0.3804,LOW,,
H00120,0.0749,LOW,,
H00121,0.9103,HIGH,,
H00122,0.0251,LOW,,
H00123,0.4372,MEDIUM,,
H00124,0.5039,MEDIUM,,
H00125,0.0862,LOW,,
H00126,0.0538,LOW,,
H00127,0.2017,LOW,,
H00128,0.1684,LOW,,
H00129,0.0889,LOW,,
H00130,0.0675,LOW,,
H00131,0.2024,LOW,,
H00132,0.1291,LOW,,
H00133,0.1147,LOW,,
H00134,0.3242,LOW,,
H00135,0.0514,LOW,,
H00136,0.353,LOW,,
H00137,0.7181,HIGH,,
H00138,0.0249,LOW,,
H00139,0.0108,LOW,,
H00140,0.4012,MEDIUM,,
H00141,0.0182,LOW,,
H00142,0.0109,LOW,,
H00143,0.459,MEDIUM,,
H00144,0.0734,LOW,,
H00145,0.8018,HIGH,,
H00146,0.0396,LOW,,
H00147,0.0182,LOW,,
H00148,0.1115,LOW,,
H00149,0.2702,LOW,,
H00150,0.3098,LOW,,
H00151,0.0966,LOW,,
H00152,0.0835,LOW,,
H00153,0.4246,MEDIUM,,
H00154,0.802,HIGH,,
H00155,0.0859,LOW,,
H00156,0.0458,LOW,,
H00157,0.1702,LOW,,
H00158,0.4213,MEDIUM,,
H00159,0.0471,LOW,,
H00160,0.0576,LOW,,
H00161,0.2347,LOW,,
H00162,0.1161,LOW,,
H00163,0.0201,LOW,,
H00164,0.0287,LOW,,
H00165,0.4735,MEDIUM,,
H00166,0.1977,LOW,,
H00167,0.1032,LOW,,
H00168,0.0767,LOW,,
H00169,0.0267,LOW,,
H00170,0.1209,LOW,,
H00171,0.0257,LOW,,
H00172,0.05,LOW,,
H00173,0.0701,LOW,,
H00174,0.1994,LOW,,
H00175,0.0405,LOW,,
H00176,0.0324,LOW,,
H00177,0.41,MEDIUM,,
H00178,0.1008,LOW,,
H00179,0.1218,LOW,,
H00180,0.0664,LOW,,
H00181,0.0393,LOW,,
H00182,0.0505,LOW,,
H00183,0.0288,LOW,,
H00184,0.0632,LOW,,
H00185,0.173,LOW,,
H00186,0.0405,LOW,,
H00187,0.7067,HIGH,,
H00188,0.0278,LOW,,
H00189,0.9058,HIGH,,
H00190,0.1333,LOW,,
H00191,0.3811,LOW,,
H00192,0.0383,LOW,,
H00193,0.093,LOW,,
H00194,0.0254,LOW,,
H00195,0.1875,LOW,,
H00196,0.086,LOW,,
H00197,0.7084,HIGH,,
H00198,0.0693,LOW,,
H00199,0.6073,MEDIUM,,
H00200,0.3035,LOW,,
H00201,0.4279,MEDIUM,,
H00202,0.3123,LOW,,
H00203,0.0721,LOW,,
H00204,0.3985,LOW,,
H00205,0.0413,LOW,,
H00206,0.0302,LOW,,
H00207,0.2326,LOW,,
H00208,0.5818,MEDIUM,,
H00209,0.1123,LOW,,
H00210,0.5617,MEDIUM,,
H00211,0.1197,LOW,,
H00212,0.0728,LOW,,
H00213,0.2112,LOW,,
H00214,0.0161,LOW,,
H00215,0.1337,LOW,,
H00216,0.0814,LOW,,
H00217,0.3538,LOW,,
H00218,0.0936,LOW,,
H00219,0.1136,LOW,,
H00220,0.0516,LOW,,
H00221,0.1552,LOW,,
H00222,0.0484,LOW,,
H00223,0.5387,MEDIUM,,
H00224,0.2925,LOW,,
H00225,0.0285,LOW,,
H00226,0.6737,MEDIUM,,
H00227,0.0211,LOW,,
H00228,0.8591,HIGH,,
H00229,0.0599,LOW,,
H00230,0.1008,LOW,,
H00231,0.2502,LOW,,
H00232,0.0219,LOW,,
H00233,0.0678,LOW,,
H00234,0.0309,LOW,,
H00235,0.0263,LOW,,
H00236,0.1474,LOW,,
H00237,0.0277,LOW,,
H00238,0.0153,LOW,,
H00239,0.3602,LOW,,
H00240,0.1498,LOW,,
H00241,0.1822,LOW,,
H00242,0.0793,LOW,,
H00243,0.1641,LOW,,
H00244,0.1795,LOW,,
H00245,0.0797,LOW,,
H00246,0.0448,LOW,,
H00247,0.0106,LOW,,
H00248,0.0291,LOW,,
H00249,0.2366,LOW,,
H00250,0.0148,LOW,,
H00251,0.025,LOW,,
H00252,0.076,LOW,,
H00253,0.0244,LOW,,
H00254,0.2521,LOW,,
H00255,0.1023,LOW,,
H00256,0.0428,LOW,,
H00257,0.0266,LOW,,
H00258,0.0298,LOW,,
H00259,0.2998,LOW,,
H00260,0.09,LOW,,
H00261,0.8832,HIGH,,
H00262,0.047,LOW,,
H00263,0.4391,MEDIUM,,
H00264,0.3143,LOW,,
H00265,0.0257,LOW,,
H00266,0.1118,LOW,,
H00267,0.0317,LOW,,
H00268,0.057,LOW,,
H00269,0.0403,LOW,,
H00270,0.4959,MEDIUM,,
H00271,0.0225,LOW,,
H00272,0.0768,LOW,,
H00273,0.2673,LOW,,
H00274,0.3916,LOW,,
H00275,0.0623,LOW,,
H00276,0.0787,LOW,,
H00277,0.5588,MEDIUM,,
H00278,0.6108,MEDIUM,,
H00279,0.0226,LOW,,
H00280,0.0799,LOW,,
H00281,0.0651,LOW,,
H00282,0.1604,LOW,,
H00283,0.034,LOW,,
H00284,0.0722,LOW,,
H00285,0.1164,LOW,,
H00286,0.6135,MEDIUM,,
H00287,0.056,LOW,,
H00288,0.1773,LOW,,
H00289,0.0579,LOW,,
H00290,0.2509,LOW,,
H00291,0.1641,LOW,,
H00292,0.1114,LOW,,
H00293,0.0411,LOW,,
H00294,0.4325,MEDIUM,,
H00295,0.0645,LOW,,
H00296,0.0278,LOW,,
H00297,0.1128,LOW,,
H00298,0.1187,LOW,,
H00299,0.0821,LOW,,
H00300,0.0862,LOW,,
H00301,0.1883,LOW,,
H00302,0.052,LOW,,
H00303,0.8314,HIGH,,
H00304,0.4717,MEDIUM,,
H00305,0.2128,LOW,,
H00306,0.03,LOW,,
H00307,0.0557,LOW,,
H00308,0.3687,LOW,,
H00309,0.635,MEDIUM,,
H00310,0.0693,LOW,,
H00311,0.0595,LOW,,
H00312,0.0569,LOW,,
H00313,0.0609,LOW,,
H00314,0.0236,LOW,,
H00315,0.0338,LOW,,
H00316,0.3517,LOW,,
H00317,0.0871,LOW,,
H00318,0.085,LOW,,
H00319,0.2181,LOW,,
H00320,0.0454,LOW,,
H00321,0.0541,LOW,,
H00322,0.5778,MEDIUM,,
H00323,0.0922,LOW,,
H00324,0.2258,LOW,,
H00325,0.5377,MEDIUM,,
H00326,0.1015,LOW,,
H00327,0.9601,HIGH,,
H00328,0.168,LOW,,
H00329,0.0583,LOW,,
H00330,0.0318,LOW,,
H00331,0.0999,LOW,,
H00332,0.4318,MEDIUM,,
H00333,0.045,LOW,,
H00334,0.7133,HIGH,,
H00335,0.0308,LOW,,
H00336,0.0461,LOW,,
H00337,0.1123,LOW,,
H00338,0.0241,LOW,,
H00339,0.0444,LOW,,
H00340,0.1061,LOW,,
H00341,0.1249,LOW,,
H00342,0.9022,HIGH,,
H00343,0.2729,LOW,,
H00344,0.0306,LOW,,
H00345,0.1644,LOW,,
H00346,0.4434,MEDIUM,,
H00347,0.4455,MEDIUM,,
H00348,0.061,LOW,,
H00349,0.376,LOW,,
H00350,0.0209,LOW,,
H00351,0.0974,LOW,,
H00352,0.0225,LOW,,
H00353,0.7017,HIGH,,
H00354,0.8058,HIGH,,
H00355,0.2728,LOW,,
H00356,0.1396,LOW,,
H00357,0.2169,LOW,,
H00358,0.0281,LOW,,
H00359,0.5854,MEDIUM,,
H00360,0.0654,LOW,,
H00361,0.0336,LOW,,
H00362,0.2406,LOW,,
H00363,0.0882,LOW,,
H00364,0.0545,LOW,,
H00365,0.0243,LOW,,
H00366,0.095,LOW,,
H00367,0.6709,MEDIUM,,
H00368,0.6963,MEDIUM,,
H00369,0.0678,LOW,,
H00370,0.8194,HIGH,,
H00371,0.2468,LOW,,
H00372,0.3134,LOW,,
H00373,0.021,LOW,,
H00374,0.1435,LOW,,
H00375,0.0565,LOW,,
H00376,0.6198,MEDIUM,,
H00377,0.4626,MEDIUM,,
H00378,0.2842,LOW,,
H00379,0.0637,LOW,,
H00380,0.1226,LOW,,
H00381,0.1317,LOW,,
H00382,0.0517,LOW,,
H00383,0.1541,LOW,,
H00384,0.0666,LOW,,
H00385,0.0696,LOW,,
H00386,0.042,LOW,,
H00387,0.9006,HIGH,,
H00388,0.0254,LOW,,
H00389,0.2735,LOW,,
H00390,0.2698,LOW,,
H00391,0.045,LOW,,
H00392,0.3076,LOW,,
H00393,0.0302,LOW,,
H00394,0.0249,LOW,,
H00395,0.059,LOW,,
H00396,0.8361,HIGH,,
H00397,0.1339,LOW,,
H00398,0.0131,LOW,,
H00399,0.0517,LOW,,
H00400,0.1206,LOW,,
H00401,0.0894,LOW,,
H00402,0.0106,LOW,,
H00403,0.377,LOW,,
H00404,0.0273,LOW,,
H00405,0.04,LOW,,
H00406,0.1052,LOW,,
H00407,0.9654,HIGH,,
H00408,0.0301,LOW,,
H00409,0.0929,LOW,,
H00410,0.105,LOW,,
H00411,0.0867,LOW,,
H00412,0.1264,LOW,,
H00413,0.7038,HIGH,,
H00414,0.3743,LOW,,
H00415,0.3288,LOW,,
H00416,0.1188,LOW,,
H00417,0.1852,LOW,,
H00418,0.0529,LOW,,
H00419,0.0697,LOW,,
H00420,0.0883,LOW,,
H00421,0.176,LOW,,
H00422,0.0597,LOW,,
H00423,0.0531,LOW,,
H00424,0.8816,HIGH,,
H00425,0.2028,LOW,,
H00426,0.0612,LOW,,
H00427,0.0441,LOW,,
H00428,0.6912,MEDIUM,,
H00429,0.7122,HIGH,,
H00430,0.0529,LOW,,
H00431,0.0567,LOW,,
H00432,0.2095,LOW,,
H00433,0.0287,LOW,,
H00434,0.0454,LOW,,
H00435,0.0605,LOW,,
H00436,0.0471,LOW,,
H00437,0.0414,LOW,,
H00438,0.5199,MEDIUM,,
H00439,0.7332,HIGH,,
H00440,0.0722,LOW,,
H00441,0.5951,MEDIUM,,
H00442,0.1221,LOW,,
H00443,0.0345,LOW,,
H00444,0.0355,LOW,,
H00445,0.1057,LOW,,
H00446,0.2102,LOW,,
H00447,0.5724,MEDIUM,,
H00448,0.1402,LOW,,
H00449,0.0213,LOW,,
H00450,0.0388,LOW,,
H00451,0.102,LOW,,
H00452,0.6168,MEDIUM,,
H00453,0.0568,LOW,,
H00454,0.0684,LOW,,
H00455,0.177,LOW,,
H00456,0.1275,LOW,,
H00457,0.0532,LOW,,
H00458,0.175,LOW,,
H00459,0.0494,LOW,,
H00460,0.068,LOW,,
H00461,0.0336,LOW,,
H00462,0.0823,LOW,,
H00463,0.0401,LOW,,
H00464,0.243,LOW,,
H00465,0.16,LOW,,
H00466,0.1223,LOW,,
H00467,0.0246,LOW,,
H00468,0.0382,LOW,,
H00469,0.0398,LOW,,
H00470,0.326,LOW,,
H00471,0.098,LOW,,
H00472,0.0569,LOW,,
H00473,0.6618,MEDIUM,,
H00474,0.0493,LOW,,
H00475,0.5154,MEDIUM,,
H00476,0.5176,MEDIUM,,
H00477,0.0268,LOW,,
H00478,0.1122,LOW,,
H00479,0.1844,LOW,,
H00480,0.0831,LOW,,
H00481,0.0271,LOW,,
H00482,0.0571,LOW,,
H00483,0.7378,HIGH,,
H00484,0.0241,LOW,,
H00485,0.024,LOW,,
H00486,0.0754,LOW,,
H00487,0.0204,LOW,,
H00488,0.3781,LOW,,
H00489,0.0325,LOW,,
H00490,0.0238,LOW,,
H00491,0.8307,HIGH,,
H00492,0.0433,LOW,,
H00493,0.0174,LOW,,
H00494,0.3406,LOW,,
H00495,0.0757,LOW,,
H00496,0.0325,LOW,,
H00497,0.5692,MEDIUM,,
H00498,0.0278,LOW,,
H00499,0.0465,LOW,,
H00500,0.1131,LOW,,
H00501,0.0518,LOW,,
H00502,0.5392,MEDIUM,,
H00503,0.1462,LOW,,
H00504,0.4785,MEDIUM,,
H00505,0.0384,LOW,,
H00506,0.0225,LOW,,
H00507,0.1277,LOW,,
H00508,0.0595,LOW,,
H00509,0.2174,LOW,,
H00510,0.05,LOW,,
H00511,0.0707,LOW,,
H00512,0.0186,LOW,,
H00513,0.0969,LOW,,
H00514,0.0145,LOW,,
H00515,0.0702,LOW,,
H00516,0.0707,LOW,,
H00517,0.0704,LOW,,
H00518,0.5695,MEDIUM,,
H00519,0.1641,LOW,,
H00520,0.0311,LOW,,
H00521,0.1278,LOW,,
H00522,0.0223,LOW,,
H00523,0.0511,LOW,,
H00524,0.0356,LOW,,
H00525,0.1137,LOW,,
H00526,0.0394,LOW,,
H00527,0.0247,LOW,,
H00528,0.5914,MEDIUM,,
H00529,0.1921,LOW,,
H00530,0.1723,LOW,,
H00531,0.0936,LOW,,
H00532,0.3209,LOW,,
H00533,0.2204,LOW,,
H00534,0.4297,MEDIUM,,
H00535,0.215,LOW,,
H00536,0.0251,LOW,,
H00537,0.0181,LOW,,
H00538,0.043,LOW,,
H00539,0.0941,LOW,,
H00540,0.0308,LOW,,
H00541,0.042,LOW,,
H00542,0.0894,LOW,,
H00543,0.1704,LOW,,
H00544,0.032,LOW,,
H00545,0.04,LOW,,
H00546,0.0132,LOW,,
H00547,0.0859,LOW,,
H00548,0.0693,LOW,,
H00549,0.2928,LOW,,
H00550,0.2233,LOW,,
H00551,0.5197,MEDIUM,,
H00552,0.4365,MEDIUM,,
H00553,0.0468,LOW,,
H00554,0.1378,LOW,,
H00555,0.0906,LOW,,
H00556,0.1108,LOW,,
H00557,0.0366,LOW,,
H00558,0.1429,LOW,,
H00559,0.0188,LOW,,
H00560,0.0488,LOW,,
H00561,0.7615,HIGH,,
H00562,0.053,LOW,,
H00563,0.2561,LOW,,
H00564,0.0914,LOW,,
H00565,0.4303,MEDIUM,,
H00566,0.0766,LOW,,
H00567,0.5155,MEDIUM,,
H00568,0.4969,MEDIUM,,
H00569,0.1457,LOW,,
H00570,0.7659,HIGH,,
H00571,0.1875,LOW,,
H00572,0.0199,LOW,,
H00573,0.5003,MEDIUM,,
H00574,0.428,MEDIUM,,
H00575,0.2304,LOW,,
H00576,0.0343,LOW,,
H00577,0.3943,LOW,,
H00578,0.0504,LOW,,
H00579,0.2128,LOW,,
H00580,0.0319,LOW,,
H00581,0.1022,LOW,,
H00582,0.0935,LOW,,
H00583,0.0376,LOW,,
H00584,0.8591,HIGH,,
H00585,0.008,LOW,,
H00586,0.1919,LOW,,
H00587,0.127,LOW,,
H00588,0.654,MEDIUM,,
H00589,0.735,HIGH,,
H00590,0.1453,LOW,,
H00591,0.1764,LOW,,
H00592,0.0404,LOW,,
H00593,0.4835,MEDIUM,,
H00594,0.2121,LOW,,
H00595,0.2915,LOW,,
H00596,0.2877,LOW,,
H00597,0.9291,HIGH,,
H00598,0.2397,LOW,,
H00599,0.2285,LOW,,
H00600,0.5404,MEDIUM,,
H00601,0.9484,HIGH,,
H00602,0.2621,LOW,,
H00603,0.2289,LOW,,
H00604,0.4519,MEDIUM,,
H00605,0.145,LOW,,
H00606,0.0522,LOW,,
H00607,0.0274,LOW,,
H00608,0.1713,LOW,,
H00609,0.0256,LOW,,
H00610,0.0961,LOW,,
H00611,0.0163,LOW,,
H00612,0.2271,LOW,,
H00613,0.8883,HIGH,,
H00614,0.1001,LOW,,
H00615,0.0296,LOW,,
H00616,0.1369,LOW,,
H00617,0.8501,HIGH,,
H00618,0.1333,LOW,,
H00619,0.0169,LOW,,
H00620,0.009,LOW,,
H00621,0.0729,LOW,,
H00622,0.0639,LOW,,
H00623,0.0263,LOW,,
H00624,0.1365,LOW,,
H00625,0.031,LOW,,
H00626,0.0656,LOW,,
H00627,0.0233,LOW,,
H00628,0.6048,MEDIUM,,
H00629,0.0686,LOW,,
H00630,0.0378,LOW,,
H00631,0.0896,LOW,,
H00632,0.595,MEDIUM,,
H00633,0.0458,LOW,,
H00634,0.2316,LOW,,
H00635,0.1121,LOW,,
H00636,0.0868,LOW,,
H00637,0.4006,MEDIUM,,
H00638,0.5868,MEDIUM,,
H00639,0.0373,LOW,,
H00640,0.0739,LOW,,
H00641,0.0177,LOW,,
H00642,0.0605,LOW,,
H00643,0.2057,LOW,,
H00644,0.0756,LOW,,
H00645,0.0428,LOW,,
H00646,0.4361,MEDIUM,,
H00647,0.4269,MEDIUM,,
H00648,0.0597,LOW,,
H00649,0.0103,LOW,,
H00650,0.1282,LOW,,
H00651,0.1421,LOW,,
H00652,0.027,LOW,,
H00653,0.4318,MEDIUM,,
H00654,0.3902,LOW,,
H00655,0.6573,MEDIUM,,
H00656,0.023,LOW,,
H00657,0.0852,LOW,,
H00658,0.0724,LOW,,
H00659,0.5409,MEDIUM,,
H00660,0.0949,LOW,,
H00661,0.4338,MEDIUM,,
H00662,0.0722,LOW,,
H00663,0.9005,HIGH,,
H00664,0.0252,LOW,,
H00665,0.3973,LOW,,
H00666,0.0703,LOW,,
H00667,0.0515,LOW,,
H00668,0.0983,LOW,,
H00669,0.0373,LOW,,
H00670,0.1668,LOW,,
H00671,0.4609,MEDIUM,,
H00672,0.0213,LOW,,
H00673,0.6044,MEDIUM,,
H00674,0.0183,LOW,,
H00675,0.0598,LOW,,
H00676,0.6208,MEDIUM,,
H00677,0.1279,LOW,,
H00678,0.0899,LOW,,
H00679,0.0339,LOW,,
H00680,0.1245,LOW,,
H00681,0.0923,LOW,,
H00682,0.0679,LOW,,
H00683,0.1105,LOW,,
H00684,0.0343,LOW,,
H00685,0.3167,LOW,,
H00686,0.0425,LOW,,
H00687,0.0436,LOW,,
H00688,0.0616,LOW,,
H00689,0.0337,LOW,,
H00690,0.6335,MEDIUM,,
H00691,0.0787,LOW,,
H00692,0.0738,LOW,,
H00693,0.16,LOW,,
H00694,0.117,LOW,,
H00695,0.2526,LOW,,
H00696,0.2985,LOW,,
H00697,0.1298,LOW,,
H00698,0.1585,LOW,,
H00699,0.055,LOW,,
H00700,0.0455,LOW,,
H00701,0.0438,LOW,,
H00702,0.1106,LOW,,
H00703,0.0303,LOW,,
H00704,0.4648,MEDIUM,,
H00705,0.0798,LOW,,
H00706,0.6399,MEDIUM,,
H00707,0.4288,MEDIUM,,
H00708,0.1184,LOW,,
H00709,0.0266,LOW,,
H00710,0.0635,LOW,,
H00711,0.037,LOW,,
H00712,0.2391,LOW,,
H00713,0.814,HIGH,,
H00714,0.4586,MEDIUM,,
H00715,0.3841,LOW,,
H00716,0.0327,LOW,,
H00717,0.0533,LOW,,
H00718,0.2536,LOW,,
H00719,0.049,LOW,,
H00720,0.0314,LOW,,
H00721,0.0424,LOW,,
H00722,0.0275,LOW,,
H00723,0.7669,HIGH,,
H00724,0.0624,LOW,,
H00725,0.0557,LOW,,
H00726,0.0261,LOW,,
H00727,0.2608,LOW,,
H00728,0.0641,LOW,,
H00729,0.0716,LOW,,
H00730,0.0724,LOW,,
H00731,0.0864,LOW,,
H00732,0.1598,LOW,,
H00733,0.5778,MEDIUM,,
H00734,0.0719,LOW,,
H00735,0.027,LOW,,
H00736,0.0211,LOW,,
H00737,0.0555,LOW,,
H00738,0.0362,LOW,,
H00739,0.0406,LOW,,
H00740,0.8596,HIGH,,
H00741,0.065,LOW,,
H00742,0.02,LOW,,
H00743,0.6081,MEDIUM,,
H00744,0.3857,LOW,,
H00745,0.1946,LOW,,
H00746,0.028,LOW,,
H00747,0.3919,LOW,,
H00748,0.2132,LOW,,
H00749,0.0187,LOW,,
H00750,0.106,LOW,,
H00751,0.014,LOW,,
H00752,0.056,LOW,,
H00753,0.1957,LOW,,
H00754,0.4673,MEDIUM,,
H00755,0.0571,LOW,,
H00756,0.0854,LOW,,
H00757,0.0661,LOW,,
H00758,0.1861,LOW,,
H00759,0.0736,LOW,,
H00760,0.2235,LOW,,
H00761,0.1032,LOW,,
H00762,0.0353,LOW,,
H00763,0.7943,HIGH,,
H00764,0.8709,HIGH,,
H00765,0.1653,LOW,,
H00766,0.0413,LOW,,
H00767,0.0606,LOW,,
H00768,0.6193,MEDIUM,,
H00769,0.0442,LOW,,
H00770,0.0093,LOW,,
H00771,0.0981,LOW,,
H00772,0.0211,LOW,,
H00773,0.0806,LOW,,
H00774,0.0182,LOW,,
H00775,0.0415,LOW,,
H00776,0.0824,LOW,,
H00777,0.3734,LOW,,
H00778,0.0226,LOW,,
H00779,0.0218,LOW,,
H00780,0.1965,LOW,,
H00781,0.1974,LOW,,
H00782,0.0289,LOW,,
H00783,0.0228,LOW,,
H00784,0.9028,HIGH,,
H00785,0.4749,MEDIUM,,
H00786,0.014,LOW,,
H00787,0.0437,LOW,,
H00788,0.0235,LOW,,
H00789,0.0566,LOW,,
H00790,0.3772,LOW,,
H00791,0.0344,LOW,,
H00792,0.0695,LOW,,
H00793,0.0183,LOW,,
H00794,0.0327,LOW,,
H00795,0.2505,LOW,,
H00796,0.0577,LOW,,
H00797,0.0477,LOW,,
H00798,0.1127,LOW,,
H00799,0.1966,LOW,,
H00800,0.0827,LOW,,
H00801,0.0409,LOW,,
H00802,0.0343,LOW,,
H00803,0.0281,LOW,,
H00804,0.0952,LOW,,
H00805,0.0296,LOW,,
H00806,0.2426,LOW,,
H00807,0.0404,LOW,,
H00808,0.0094,LOW,,
H00809,0.0406,LOW,,
H00810,0.1594,LOW,,
H00811,0.9157,HIGH,,
H00812,0.7075,HIGH,,
H00813,0.3205,LOW,,
H00814,0.3822,LOW,,
H00815,0.7149,HIGH,,
H00816,0.0248,LOW,,
H00817,0.0936,LOW,,
H00818,0.4221,MEDIUM,,
H00819,0.1632,LOW,,
H00820,0.0695,LOW,,
H00821,0.0522,LOW,,
H00822,0.4049,MEDIUM,,
H00823,0.0715,LOW,,
H00824,0.1035,LOW,,
H00825,0.0476,LOW,,
H00826,0.1089,LOW,,
H00827,0.1359,LOW,,
H00828,0.3296,LOW,,
H00829,0.0293,LOW,,
H00830,0.0318,LOW,,
H00831,0.0277,LOW,,
H00832,0.0284,LOW,,
H00833,0.7405,HIGH,,
H00834,0.0211,LOW,,
H00835,0.0139,LOW,,
H00836,0.8521,HIGH,,
H00837,0.4674,MEDIUM,,
H00838,0.0284,LOW,,
H00839,0.6186,MEDIUM,,
H00840,0.1316,LOW,,
H00841,0.097,LOW,,
H00842,0.0632,LOW,,
H00843,0.0698,LOW,,
H00844,0.5525,MEDIUM,,
H00845,0.2236,LOW,,
H00846,0.091,LOW,,
H00847,0.0838,LOW,,
H00848,0.2265,LOW,,
H00849,0.0519,LOW,,
H00850,0.1843,LOW,,
H00851,0.0288,LOW,,
H00852,0.0177,LOW,,
H00853,0.0205,LOW,,
H00854,0.1359,LOW,,
H00855,0.1459,LOW,,
H00856,0.0649,LOW,,
H00857,0.4432,MEDIUM,,
H00858,0.2813,LOW,,
H00859,0.084,LOW,,
H00860,0.051,LOW,,
H00861,0.4084,MEDIUM,,
H00862,0.0543,LOW,,
H00863,0.0169,LOW,,
H00864,0.0777,LOW,,
H00865,0.0304,LOW,,
H00866,0.0154,LOW,,
H00867,0.0699,LOW,,
H00868,0.0425,LOW,,
H00869,0.3612,LOW,,
H00870,0.0341,LOW,,
H00871,0.2241,LOW,,
H00872,0.0302,LOW,,
H00873,0.0184,LOW,,
H00874,0.0665,LOW,,
H00875,0.2932,LOW,,
H00876,0.1718,LOW,,
H00877,0.1078,LOW,,
H00878,0.688,MEDIUM,,
H00879,0.0621,LOW,,
H00880,0.6633,MEDIUM,,
H00881,0.1931,LOW,,
H00882,0.0515,LOW,,
H00883,0.1489,LOW,,
H00884,0.0133,LOW,,
H00885,0.125,LOW,,
H00886,0.122,LOW,,
H00887,0.0307,LOW,,
H00888,0.0587,LOW,,
H00889,0.0624,LOW,,
H00890,0.1888,LOW,,
H00891,0.0632,LOW,,
H00892,0.0518,LOW,,
H00893,0.0356,LOW,,
H00894,0.0262,LOW,,
H00895,0.4841,MEDIUM,,
H00896,0.0423,LOW,,
H00897,0.0217,LOW,,
H00898,0.0491,LOW,,
H00899,0.0262,LOW,,
H00900,0.1035,LOW,,
H00901,0.0636,LOW,,
H00902,0.4838,MEDIUM,,
H00903,0.2311,LOW,,
H00904,0.2141,LOW,,
H00905,0.7623,HIGH,,
H00906,0.0362,LOW,,
H00907,0.479,MEDIUM,,
H00908,0.3975,LOW,,
H00909,0.6909,MEDIUM,,
H00910,0.0641,LOW,,
H00911,0.0513,LOW,,
H00912,0.8937,HIGH,,
H00913,0.8379,HIGH,,
H00914,0.6527,MEDIUM,,
H00915,0.3572,LOW,,
H00916,0.0163,LOW,,
H00917,0.4539,MEDIUM,,
H00918,0.621,MEDIUM,,
H00919,0.0461,LOW,,
H00920,0.3234,LOW,,
H00921,0.0136,LOW,,
H00922,0.0846,LOW,,
H00923,0.0636,LOW,,
H00924,0.0435,LOW,,
H00925,0.0429,LOW,,
H00926,0.7518,HIGH,,
H00927,0.0125,LOW,,
H00928,0.6503,MEDIUM,,
H00929,0.0319,LOW,,
H00930,0.7419,HIGH,,
H00931,0.0354,LOW,,
H00932,0.0198,LOW,,
H00933,0.0256,LOW,,
H00934,0.0462,LOW,,
H00935,0.0297,LOW,,
H00936,0.0526,LOW,,
H00937,0.0299,LOW,,
H00938,0.0458,LOW,,
H00939,0.1597,LOW,,
H00940,0.3746,LOW,,
H00941,0.0669,LOW,,
H00942,0.0242,LOW,,
H00943,0.2389,LOW,,
H00944,0.072,LOW,,
H00945,0.1253,LOW,,
H00946,0.0239,LOW,,
H00947,0.6603,MEDIUM,,
H00948,0.1085,LOW,,
H00949,0.0583,LOW,,
H00950,0.2587,LOW,,
H00951,0.0285,LOW,,
H00952,0.0987,LOW,,
H00953,0.1288,LOW,,
H00954,0.6753,MEDIUM,,
H00955,0.0272,LOW,,
H00956,0.4505,MEDIUM,,
H00957,0.0389,LOW,,
H00958,0.07,LOW,,
H00959,0.0288,LOW,,
H00960,0.2539,LOW,,
H00961,0.126,LOW,,
H00962,0.0371,LOW,,
H00963,0.039,LOW,,
H00964,0.4902,MEDIUM,,
H00965,0.194,LOW,,
H00966,0.0238,LOW,,
H00967,0.0612,LOW,,
H00968,0.0649,LOW,,
H00969,0.5822,MEDIUM,,
H00970,0.5733,MEDIUM,,
H00971,0.0283,LOW,,
H00972,0.038,LOW,,
H00973,0.1405,LOW,,
H00974,0.179,LOW,,
H00975,0.073,LOW,,
H00976,0.3888,LOW,,
H00977,0.1094,LOW,,
H00978,0.5563,MEDIUM,,
H00979,0.0941,LOW,,
H00980,0.0595,LOW,,
H00981,0.9078,HIGH,,
H00982,0.1544,LOW,,
H00983,0.032,LOW,,
H00984,0.0445,LOW,,
H00985,0.0209,LOW,,
H00986,0.0847,LOW,,
H00987,0.0364,LOW,,
H00988,0.1329,LOW,,
H00989,0.4819,MEDIUM,,
H00990,0.3194,LOW,,
H00991,0.4344,MEDIUM,,
H00992,0.165,LOW,,
H00993,0.139,LOW,,
H00994,0.2267,LOW,,
H00995,0.1399,LOW,,
H00996,0.0966,LOW,,
H00997,0.0317,LOW,,
H00998,0.3129,LOW,,
H00999,0.4855,MEDIUM,,
H01000,0.0481,LOW,,
H01001,0.1945,LOW,,
H01002,0.0551,LOW,,
H01003,0.0411,LOW,,
H01004,0.5831,MEDIUM,,
H01005,0.0554,LOW,,
H01006,0.0823,LOW,,
H01007,0.0713,LOW,,
H01008,0.9314,HIGH,,
H01009,0.1534,LOW,,
H01010,0.2831,LOW,,
H01011,0.0136,LOW,,
H01012,0.0263,LOW,,
H01013,0.8423,HIGH,,
H01014,0.0502,LOW,,
H01015,0.0557,LOW,,
H01016,0.0116,LOW,,
H01017,0.1511,LOW,,
H01018,0.4345,MEDIUM,,
H01019,0.0359,LOW,,
H01020,0.606,MEDIUM,,
H01021,0.0424,LOW,,
H01022,0.0659,LOW,,
H01023,0.1777,LOW,,
H01024,0.662,MEDIUM,,
H01025,0.1008,LOW,,
H01026,0.0453,LOW,,
H01027,0.0556,LOW,,
H01028,0.0561,LOW,,
H01029,0.0334,LOW,,
H01030,0.039,LOW,,
H01031,0.1705,LOW,,
H01032,0.9245,HIGH,,
H01033,0.0753,LOW,,
H01034,0.0532,LOW,,
H01035,0.2625,LOW,,
H01036,0.1873,LOW,,
H01037,0.0133,LOW,,
H01038,0.4939,MEDIUM,,
H01039,0.4554,MEDIUM,,
H01040,0.0304,LOW,,
H01041,0.6915,MEDIUM,,
H01042,0.066,LOW,,
H01043,0.2683,LOW,,
H01044,0.0349,LOW,,
H01045,0.0793,LOW,,
H01046,0.1132,LOW,,
H01047,0.0414,LOW,,
H01048,0.0311,LOW,,
H01049,0.1311,LOW,,
H01050,0.2576,LOW,,
H01051,0.0509,LOW,,
H01052,0.0839,LOW,,
H01053,0.0416,LOW,,
H01054,0.1156,LOW,,
H01055,0.1917,LOW,,
H01056,0.0674,LOW,,
H01057,0.0423,LOW,,
H01058,0.0715,LOW,,
H01059,0.0509,LOW,,
H01060,0.7091,HIGH,,
H01061,0.0468,LOW,,
H01062,0.298,LOW,,
H01063,0.6883,MEDIUM,,
H01064,0.0668,LOW,,
H01065,0.0595,LOW,,
H01066,0.017,LOW,,
H01067,0.0776,LOW,,
H01068,0.0281,LOW,,
H01069,0.0642,LOW,,
H01070,0.4521,MEDIUM,,
H01071,0.107,LOW,,
H01072,0.8692,HIGH,,
H01073,0.1935,LOW,,
H01074,0.0191,LOW,,
H01075,0.0506,LOW,,
H01076,0.009,LOW,,
H01077,0.7598,HIGH,,
H01078,0.0237,LOW,,
H01079,0.7703,HIGH,,
H01080,0.6333,MEDIUM,,
H01081,0.0351,LOW,,
H01082,0.0265,LOW,,
H01083,0.7183,HIGH,,
H01084,0.0399,LOW,,
H01085,0.4298,MEDIUM,,
H01086,0.0879,LOW,,
H01087,0.0658,LOW,,
H01088,0.1301,LOW,,
H01089,0.1114,LOW,,
H01090,0.069,LOW,,
H01091,0.8117,HIGH,,
H01092,0.0314,LOW,,
H01093,0.0346,LOW,,
H01094,0.1751,LOW,,
H01095,0.2982,LOW,,
H01096,0.0454,LOW,,
H01097,0.3404,LOW,,
H01098,0.5005,MEDIUM,,
H01099,0.2334,LOW,,
H01100,0.0499,LOW,,
H01101,0.1055,LOW,,
H01102,0.0543,LOW,,
H01103,0.0587,LOW,,
H01104,0.0733,LOW,,
H01105,0.0846,LOW,,
H01106,0.1883,LOW,,
H01107,0.4739,MEDIUM,,
H01108,0.4928,MEDIUM,,
H01109,0.1294,LOW,,
H01110,0.0255,LOW,,
H01111,0.0404,LOW,,
H01112,0.0434,LOW,,
H01113,0.0242,LOW,,
H01114,0.0383,LOW,,
H01115,0.0722,LOW,,
H01116,0.0587,LOW,,
H01117,0.099,LOW,,
H01118,0.0502,LOW,,
H01119,0.4802,MEDIUM,,
H01120,0.0377,LOW,,
H01121,0.0734,LOW,,
H01122,0.0417,LOW,,
H01123,0.0133,LOW,,
H01124,0.0361,LOW,,
H01125,0.7989,HIGH,,
H01126,0.1592,LOW,,
H01127,0.6774,MEDIUM,,
H01128,0.6795,MEDIUM,,
H01129,0.0501,LOW,,
H01130,0.0144,LOW,,
H01131,0.0438,LOW,,
H01132,0.0515,LOW,,
H01133,0.103,LOW,,
H01134,0.0332,LOW,,
H01135,0.2503,LOW,,
H01136,0.0125,LOW,,
H01137,0.024,LOW,,
H01138,0.0334,LOW,,
H01139,0.0717,LOW,,
H01140,0.323,LOW,,
H01141,0.6589,MEDIUM,,
H01142,0.4968,MEDIUM,,
H01143,0.1776,LOW,,
H01144,0.044,LOW,,
H01145,0.0823,LOW,,
H01146,0.1137,LOW,,
H01147,0.8139,HIGH,,
H01148,0.0443,LOW,,
H01149,0.0224,LOW,,
H01150,0.0275,LOW,,
H01151,0.0406,LOW,,
H01152,0.1399,LOW,,
H01153,0.0334,LOW,,
H01154,0.4343,MEDIUM,,
H01155,0.0292,LOW,,
H01156,0.0333,LOW,,
H01157,0.3868,LOW,,
H01158,0.2726,LOW,,
H01159,0.0786,LOW,,
H01160,0.0074,LOW,,
H01161,0.2863,LOW,,
H01162,0.0406,LOW,,
H01163,0.0277,LOW,,
H01164,0.0274,LOW,,
H01165,0.5326,MEDIUM,,
H01166,0.0655,LOW,,
H01167,0.0238,LOW,,
H01168,0.1486,LOW,,
H01169,0.0591,LOW,,
H01170,0.0244,LOW,,
H01171,0.4113,MEDIUM,,
H01172,0.1272,LOW,,
H01173,0.094,LOW,,
H01174,0.0377,LOW,,
H01175,0.7763,HIGH,,
H01176,0.0148,LOW,,
H01177,0.051,LOW,,
H01178,0.1302,LOW,,
H01179,0.307,LOW,,
H01180,0.0358,LOW,,
H01181,0.1229,LOW,,
H01182,0.0217,LOW,,
H01183,0.8731,HIGH,,
H01184,0.0971,LOW,,
H01185,0.406,MEDIUM,,
H01186,0.5687,MEDIUM,,
H01187,0.0572,LOW,,
H01188,0.2329,LOW,,
H01189,0.0757,LOW,,
H01190,0.0931,LOW,,
H01191,0.6773,MEDIUM,,
H01192,0.1906,LOW,,
H01193,0.7802,HIGH,,
H01194,0.068,LOW,,
H01195,0.401,MEDIUM,,
H01196,0.0537,LOW,,
H01197,0.0831,LOW,,
H01198,0.0276,LOW,,
H01199,0.1581,LOW,,
H01200,0.0881,LOW,,
H01201,0.0253,LOW,,
H01202,0.0622,LOW,,
H01203,0.0501,LOW,,
H01204,0.0889,LOW,,
H01205,0.055,LOW,,
H01206,0.1075,LOW,,
H01207,0.2108,LOW,,
H01208,0.0345,LOW,,
H01209,0.8421,HIGH,,
H01210,0.0343,LOW,,
H01211,0.0239,LOW,,
H01212,0.0581,LOW,,
H01213,0.0185,LOW,,
H01214,0.0195,LOW,,
H01215,0.2909,LOW,,
H01216,0.7665,HIGH,,
H01217,0.0482,LOW,,
H01218,0.173,LOW,,
H01219,0.0945,LOW,,
H01220,0.0298,LOW,,
H01221,0.6156,MEDIUM,,
H01222,0.0705,LOW,,
H01223,0.0835,LOW,,
H01224,0.0451,LOW,,
H01225,0.106,LOW,,
H01226,0.2205,LOW,,
H01227,0.1729,LOW,,
H01228,0.2692,LOW,,
H01229,0.0237,LOW,,
H01230,0.0178,LOW,,
H01231,0.5217,MEDIUM,,
H01232,0.243,LOW,,
H01233,0.0577,LOW,,
H01234,0.0248,LOW,,
H01235,0.0146,LOW,,
H01236,0.0748,LOW,,
H01237,0.8569,HIGH,,
H01238,0.8615,HIGH,,
H01239,0.0349,LOW,,
H01240,0.0673,LOW,,
H01241,0.0183,LOW,,
H01242,0.6819,MEDIUM,,
H01243,0.2601,LOW,,
H01244,0.0164,LOW,,
H01245,0.3301,LOW,,
H01246,0.1834,LOW,,
H01247,0.5429,MEDIUM,,
H01248,0.7846,HIGH,,
H01249,0.0363,LOW,,
H01250,0.043,LOW,,
H01251,0.0276,LOW,,
H01252,0.0212,LOW,,
H01253,0.1006,LOW,,
H01254,0.1631,LOW,,
H01255,0.575,MEDIUM,,
H01256,0.0931,LOW,,
H01257,0.6803,MEDIUM,,
H01258,0.1257,LOW,,
H01259,0.0662,LOW,,
H01260,0.2424,LOW,,
H01261,0.114,LOW,,
H01262,0.0096,LOW,,
H01263,0.1936,LOW,,
H01264,0.0107,LOW,,
H01265,0.1645,LOW,,
H01266,0.5987,MEDIUM,,
H01267,0.0483,LOW,,
H01268,0.0519,LOW,,
H01269,0.2154,LOW,,
H01270,0.4638,MEDIUM,,
H01271,0.2897,LOW,,
H01272,0.0329,LOW,,
H01273,0.2437,LOW,,
H01274,0.0321,LOW,,
H01275,0.0814,LOW,,
H01276,0.1056,LOW,,
H01277,0.1739,LOW,,
H01278,0.112,LOW,,
H01279,0.1007,LOW,,
H01280,0.2903,LOW,,
H01281,0.0743,LOW,,
H01282,0.0924,LOW,,
H01283,0.8147,HIGH,,
H01284,0.0355,LOW,,
H01285,0.7099,HIGH,,
H01286,0.1493,LOW,,
H01287,0.0381,LOW,,
H01288,0.0867,LOW,,
H01289,0.0205,LOW,,
H01290,0.0922,LOW,,
H01291,0.058,LOW,,
H01292,0.0207,LOW,,
H01293,0.0581,LOW,,
H01294,0.0244,LOW,,
H01295,0.2562,LOW,,
H01296,0.1589,LOW,,
H01297,0.3035,LOW,,
H01298,0.0786,LOW,,
H01299,0.5991,MEDIUM,,
H01300,0.8632,HIGH,,
H01301,0.0573,LOW,,
H01302,0.0611,LOW,,
H01303,0.2615,LOW,,
H01304,0.5959,MEDIUM,,
H01305,0.1085,LOW,,
H01306,0.0091,LOW,,
H01307,0.2237,LOW,,
H01308,0.0327,LOW,,
H01309,0.448,MEDIUM,,
H01310,0.1036,LOW,,
H01311,0.0453,LOW,,
H01312,0.1064,LOW,,
H01313,0.0383,LOW,,
H01314,0.274,LOW,,
H01315,0.0963,LOW,,
H01316,0.0616,LOW,,
H01317,0.0248,LOW,,
H01318,0.0604,LOW,,
H01319,0.3859,LOW,,
H01320,0.0213,LOW,,
H01321,0.0325,LOW,,
H01322,0.196,LOW,,
H01323,0.0957,LOW,,
H01324,0.0646,LOW,,
H01325,0.0392,LOW,,
H01326,0.2247,LOW,,
H01327,0.1645,LOW,,
H01328,0.2286,LOW,,
H01329,0.4899,MEDIUM,,
H01330,0.1467,LOW,,
H01331,0.1888,LOW,,
H01332,0.0396,LOW,,
H01333,0.0738,LOW,,
H01334,0.0686,LOW,,
H01335,0.5733,MEDIUM,,
H01336,0.0299,LOW,,
H01337,0.0186,LOW,,
H01338,0.0702,LOW,,
H01339,0.0445,LOW,,
H01340,0.8926,HIGH,,
H01341,0.0278,LOW,,
H01342,0.0387,LOW,,
H01343,0.4023,MEDIUM,,
H01344,0.2115,LOW,,
H01345,0.0807,LOW,,
H01346,0.0461,LOW,,
H01347,0.0907,LOW,,
H01348,0.8061,HIGH,,
H01349,0.3931,LOW,,
H01350,0.03,LOW,,
H01351,0.2623,LOW,,
H01352,0.026,LOW,,
H01353,0.0939,LOW,,
H01354,0.0836,LOW,,
H01355,0.1164,LOW,,
H01356,0.0803,LOW,,
H01357,0.055,LOW,,
H01358,0.0157,LOW,,
H01359,0.9298,HIGH,,
H01360,0.1237,LOW,,
H01361,0.0545,LOW,,
H01362,0.0949,LOW,,
H01363,0.0449,LOW,,
H01364,0.2831,LOW,,
H01365,0.102,LOW,,
H01366,0.0395,LOW,,
H01367,0.3246,LOW,,
H01368,0.0493,LOW,,
H01369,0.0845,LOW,,
H01370,0.1731,LOW,,
H01371,0.0697,LOW,,
H01372,0.3686,LOW,,
H01373,0.2472,LOW,,
H01374,0.2614,LOW,,
H01375,0.8544,HIGH,,
H01376,0.187,LOW,,
H01377,0.034,LOW,,
H01378,0.191,LOW,,
H01379,0.0247,LOW,,
H01380,0.0528,LOW,,
H01381,0.0573,LOW,,
H01382,0.5026,MEDIUM,,
H01383,0.0759,LOW,,
H01384,0.0462,LOW,,
H01385,0.0558,LOW,,
H01386,0.1086,LOW,,
H01387,0.0486,LOW,,
H01388,0.1257,LOW,,
H01389,0.0484,LOW,,
H01390,0.0805,LOW,,
H01391,0.6886,MEDIUM,,
H01392,0.058,LOW,,
H01393,0.8807,HIGH,,
H01394,0.0918,LOW,,
H01395,0.0669,LOW,,
H01396,0.1298,LOW,,
H01397,0.087,LOW,,
H01398,0.0831,LOW,,
H01399,0.2921,LOW,,
H01400,0.0486,LOW,,
H01401,0.058,LOW,,
H01402,0.1697,LOW,,
H01403,0.119,LOW,,
H01404,0.3912,LOW,,
H01405,0.0928,LOW,,
H01406,0.5143,MEDIUM,,
H01407,0.0286,LOW,,
H01408,0.14,LOW,,
H01409,0.0488,LOW,,
H01410,0.0856,LOW,,
H01411,0.0168,LOW,,
H01412,0.0325,LOW,,
H01413,0.3112,LOW,,
H01414,0.2492,LOW,,
H01415,0.0569,LOW,,
H01416,0.0397,LOW,,
H01417,0.9068,HIGH,,
H01418,0.1258,LOW,,
H01419,0.0392,LOW,,
H01420,0.9208,HIGH,,
H01421,0.025,LOW,,
H01422,0.0795,LOW,,
H01423,0.0656,LOW,,
H01424,0.0134,LOW,,
H01425,0.3236,LOW,,
H01426,0.7776,HIGH,,
H01427,0.0729,LOW,,
H01428,0.3893,LOW,,
H01429,0.3109,LOW,,
H01430,0.0218,LOW,,
H01431,0.0076,LOW,,
H01432,0.0351,LOW,,
H01433,0.1908,LOW,,
H01434,0.0919,LOW,,
H01435,0.0831,LOW,,
H01436,0.0742,LOW,,
H01437,0.0812,LOW,,
H01438,0.1954,LOW,,
H01439,0.0831,LOW,,
H01440,0.0362,LOW,,
H01441,0.1202,LOW,,
H01442,0.2291,LOW,,
H01443,0.8693,HIGH,,
H01444,0.0125,LOW,,
H01445,0.0681,LOW,,
H01446,0.0251,LOW,,
H01447,0.4372,MEDIUM,,
H01448,0.0261,LOW,,
H01449,0.0937,LOW,,
H01450,0.0874,LOW,,
H01451,0.0433,LOW,,
H01452,0.0616,LOW,,
H01453,0.0695,LOW,,
H01454,0.3699,LOW,,
H01455,0.1868,LOW,,
H01456,0.0358,LOW,,
H01457,0.0578,LOW,,
H01458,0.0295,LOW,,
H01459,0.0137,LOW,,
H01460,0.0213,LOW,,
H01461,0.159,LOW,,
H01462,0.0187,LOW,,
H01463,0.1385,LOW,,
H01464,0.1289,LOW,,
H01465,0.1187,LOW,,
H01466,0.0459,LOW,,
H01467,0.6022,MEDIUM,,
H01468,0.8343,HIGH,,
H01469,0.2483,LOW,,
H01470,0.86,HIGH,,
H01471,0.0738,LOW,,
H01472,0.0571,LOW,,
H01473,0.0245,LOW,,
H01474,0.0575,LOW,,
H01475,0.0115,LOW,,
H01476,0.0217,LOW,,
H01477,0.1902,LOW,,
H01478,0.5395,MEDIUM,,
H01479,0.8572,HIGH,,
H01480,0.299,LOW,,
H01481,0.1223,LOW,,
H01482,0.7779,HIGH,,
H01483,0.0278,LOW,,
H01484,0.0486,LOW,,
H01485,0.045,LOW,,
H01486,0.0216,LOW,,
H01487,0.676,MEDIUM,,
H01488,0.123,LOW,,
H01489,0.0212,LOW,,
H01490,0.0554,LOW,,
H01491,0.1255,LOW,,
H01492,0.0102,LOW,,
H01493,0.3076,LOW,,
H01494,0.4209,MEDIUM,,
H01495,0.6602,MEDIUM,,
H01496,0.0376,LOW,,
H01497,0.0175,LOW,,
H01498,0.3382,LOW,,
H01499,0.0491,LOW,,
H01500,0.0272,LOW,,
H01501,0.1096,LOW,,
H01502,0.0349,LOW,,
H01503,0.0197,LOW,,
H01504,0.1013,LOW,,
H01505,0.021,LOW,,
H01506,0.0826,LOW,,
H01507,0.023,LOW,,
H01508,0.0726,LOW,,
H01509,0.9394,HIGH,,
H01510,0.0455,LOW,,
H01511,0.0371,LOW,,
H01512,0.774,HIGH,,
H01513,0.0869,LOW,,
H01514,0.347,LOW,,
H01515,0.0362,LOW,,
H01516,0.0535,LOW,,
H01517,0.1044,LOW,,
H01518,0.4383,MEDIUM,,
H01519,0.032,LOW,,
H01520,0.0665,LOW,,
H01521,0.4205,MEDIUM,,
H01522,0.749,HIGH,,
H01523,0.1145,LOW,,
H01524,0.0143,LOW,,
H01525,0.7681,HIGH,,
H01526,0.0244,LOW,,
H01527,0.0089,LOW,,
H01528,0.0572,LOW,,
H01529,0.1172,LOW,,
H01530,0.1511,LOW,,
H01531,0.0833,LOW,,
H01532,0.0832,LOW,,
H01533,0.0807,LOW,,
H01534,0.8639,HIGH,,
H01535,0.0513,LOW,,
H01536,0.0781,LOW,,
H01537,0.0881,LOW,,
H01538,0.2051,LOW,,
H01539,0.7069,HIGH,,
H01540,0.1146,LOW,,
H01541,0.0139,LOW,,
H01542,0.1967,LOW,,
H01543,0.054,LOW,,
H01544,0.044,LOW,,
H01545,0.0542,LOW,,
H01546,0.0437,LOW,,
H01547,0.1097,LOW,,
H01548,0.3361,LOW,,
H01549,0.2681,LOW,,
H01550,0.403,MEDIUM,,
H01551,0.1032,LOW,,
H01552,0.0097,LOW,,
H01553,0.0925,LOW,,
H01554,0.7448,HIGH,,
H01555,0.0639,LOW,,
H01556,0.0946,LOW,,
H01557,0.0377,LOW,,
H01558,0.5125,MEDIUM,,
H01559,0.3989,LOW,,
H01560,0.8964,HIGH,,
H01561,0.055,LOW,,
H01562,0.0488,LOW,,
H01563,0.4987,MEDIUM,,
H01564,0.1076,LOW,,
H01565,0.0696,LOW,,
H01566,0.4056,MEDIUM,,
H01567,0.0388,LOW,,
H01568,0.0798,LOW,,
H01569,0.0446,LOW,,
H01570,0.3619,LOW,,
H01571,0.0326,LOW,,
H01572,0.1072,LOW,,
H01573,0.0272,LOW,,
H01574,0.4831,MEDIUM,,
H01575,0.5652,MEDIUM,,
H01576,0.1245,LOW,,
H01577,0.0721,LOW,,
H01578,0.0328,LOW,,
H01579,0.1012,LOW,,
H01580,0.0811,LOW,,
H01581,0.0335,LOW,,
H01582,0.1529,LOW,,
H01583,0.4391,MEDIUM,,
H01584,0.6053,MEDIUM,,
H01585,0.0781,LOW,,
H01586,0.3773,LOW,,
H01587,0.0521,LOW,,
H01588,0.0474,LOW,,
H01589,0.0879,LOW,,
H01590,0.1102,LOW,,
H01591,0.6834,MEDIUM,,
H01592,0.3034,LOW,,
H01593,0.2928,LOW,,
H01594,0.0513,LOW,,
H01595,0.0414,LOW,,
H01596,0.3359,LOW,,
H01597,0.0812,LOW,,
H01598,0.1924,LOW,,
H01599,0.1865,LOW,,
H01600,0.038,LOW,,
H01601,0.0524,LOW,,
H01602,0.0377,LOW,,
H01603,0.0482,LOW,,
H01604,0.0307,LOW,,
H01605,0.6577,MEDIUM,,
H01606,0.0238,LOW,,
H01607,0.284,LOW,,
H01608,0.0719,LOW,,
H01609,0.1407,LOW,,
H01610,0.0655,LOW,,
H01611,0.0275,LOW,,
H01612,0.0244,LOW,,
H01613,0.0879,LOW,,
H01614,0.0528,LOW,,
H01615,0.0674,LOW,,
H01616,0.0662,LOW,,
H01617,0.2986,LOW,,
H01618,0.0143,LOW,,
H01619,0.0122,LOW,,
H01620,0.2361,LOW,,
H01621,0.8038,HIGH,,
H01622,0.0505,LOW,,
H01623,0.0909,LOW,,
H01624,0.0344,LOW,,
H01625,0.1078,LOW,,
H01626,0.024,LOW,,
H01627,0.0558,LOW,,
H01628,0.3038,LOW,,
H01629,0.0709,LOW,,
H01630,0.036,LOW,,
H01631,0.1894,LOW,,
H01632,0.0033,LOW,,
H01633,0.0395,LOW,,
H01634,0.6643,MEDIUM,,
H01635,0.0219,LOW,,
H01636,0.066,LOW,,
H01637,0.0554,LOW,,
H01638,0.0673,LOW,,
H01639,0.0751,LOW,,
H01640,0.6703,MEDIUM,,
H01641,0.2292,LOW,,
H01642,0.0421,LOW,,
H01643,0.1189,LOW,,
H01644,0.1018,LOW,,
H01645,0.7851,HIGH,,
H01646,0.0989,LOW,,
H01647,0.0403,LOW,,
H01648,0.1337,LOW,,
H01649,0.8746,HIGH,,
H01650,0.8807,HIGH,,
H01651,0.0732,LOW,,
H01652,0.3997,LOW,,
H01653,0.3787,LOW,,
H01654,0.467,MEDIUM,,
H01655,0.0211,LOW,,
H01656,0.3595,LOW,,
H01657,0.5111,MEDIUM,,
H01658,0.0251,LOW,,
H01659,0.1564,LOW,,
H01660,0.0213,LOW,,
H01661,0.0366,LOW,,
H01662,0.1764,LOW,,
H01663,0.3148,LOW,,
H01664,0.4101,MEDIUM,,
H01665,0.1555,LOW,,
H01666,0.2431,LOW,,
H01667,0.0847,LOW,,
H01668,0.036,LOW,,
H01669,0.057,LOW,,
H01670,0.403,MEDIUM,,
H01671,0.6231,MEDIUM,,
H01672,0.0422,LOW,,
H01673,0.1643,LOW,,
H01674,0.105,LOW,,
H01675,0.1601,LOW,,
H01676,0.0494,LOW,,
H01677,0.0801,LOW,,
H01678,0.0357,LOW,,
H01679,0.1554,LOW,,
H01680,0.0281,LOW,,
H01681,0.8135,HIGH,,
H01682,0.314,LOW,,
H01683,0.0818,LOW,,
H01684,0.0876,LOW,,
H01685,0.0583,LOW,,
H01686,0.0559,LOW,,
H01687,0.0276,LOW,,
H01688,0.0225,LOW,,
H01689,0.4023,MEDIUM,,
H01690,0.1171,LOW,,
H01691,0.9245,HIGH,,
H01692,0.0402,LOW,,
H01693,0.0591,LOW,,
H01694,0.0244,LOW,,
H01695,0.4371,MEDIUM,,
H01696,0.0623,LOW,,
H01697,0.0772,LOW,,
H01698,0.3721,LOW,,
H01699,0.0343,LOW,,
H01700,0.0072,LOW,,
H01701,0.0403,LOW,,
H01702,0.0792,LOW,,
H01703,0.0704,LOW,,
H01704,0.025,LOW,,
H01705,0.9406,HIGH,,
H01706,0.2013,LOW,,
H01707,0.0419,LOW,,
H01708,0.042,LOW,,
H01709,0.0298,LOW,,
H01710,0.0365,LOW,,
H01711,0.1427,LOW,,
H01712,0.8098,HIGH,,
H01713,0.1283,LOW,,
H01714,0.0414,LOW,,
H01715,0.1375,LOW,,
H01716,0.2393,LOW,,
H01717,0.1817,LOW,,
H01718,0.0404,LOW,,
H01719,0.2011,LOW,,
H01720,0.1132,LOW,,
H01721,0.0706,LOW,,
H01722,0.0314,LOW,,
H01723,0.108,LOW,,
H01724,0.0141,LOW,,
H01725,0.0199,LOW,,
H01726,0.0425,LOW,,
H01727,0.0627,LOW,,
H01728,0.0673,LOW,,
H01729,0.5148,MEDIUM,,
H01730,0.142,LOW,,
H01731,0.0435,LOW,,
H01732,0.2412,LOW,,
H01733,0.1709,LOW,,
H01734,0.371,LOW,,
H01735,0.7857,HIGH,,
H01736,0.495,MEDIUM,,
H01737,0.1526,LOW,,
H01738,0.8088,HIGH,,
H01739,0.7045,HIGH,,
H01740,0.3481,LOW,,
H01741,0.1689,LOW,,
H01742,0.1992,LOW,,
H01743,0.0614,LOW,,
H01744,0.2126,LOW,,
H01745,0.1049,LOW,,
H01746,0.0436,LOW,,
H01747,0.082,LOW,,
H01748,0.1327,LOW,,
H01749,0.4338,MEDIUM,,
H01750,0.2099,LOW,,
H01751,0.0371,LOW,,
H01752,0.0117,LOW,,
H01753,0.7593,HIGH,,
H01754,0.0489,LOW,,
H01755,0.2536,LOW,,
H01756,0.8642,HIGH,,
H01757,0.0388,LOW,,
H01758,0.1463,LOW,,
H01759,0.0588,LOW,,
H01760,0.7823,HIGH,,
H01761,0.2459,LOW,,
H01762,0.0622,LOW,,
H01763,0.7856,HIGH,,
H01764,0.3584,LOW,,
H01765,0.0152,LOW,,
H01766,0.0545,LOW,,
H01767,0.0154,LOW,,
H01768,0.2813,LOW,,
H01769,0.0243,LOW,,
H01770,0.0792,LOW,,
H01771,0.039,LOW,,
H01772,0.2435,LOW,,
H01773,0.429,MEDIUM,,
H01774,0.0504,LOW,,
H01775,0.1371,LOW,,
H01776,0.0506,LOW,,
H01777,0.3539,LOW,,
H01778,0.9015,HIGH,,
H01779,0.1875,LOW,,
H01780,0.1977,LOW,,
H01781,0.2793,LOW,,
H01782,0.0474,LOW,,
H01783,0.5298,MEDIUM,,
H01784,0.2496,LOW,,
H01785,0.0448,LOW,,
H01786,0.6888,MEDIUM,,
H01787,0.1236,LOW,,
H01788,0.0392,LOW,,
H01789,0.139,LOW,,
H01790,0.0099,LOW,,
H01791,0.9302,HIGH,,
H01792,0.0189,LOW,,
H01793,0.8547,HIGH,,
H01794,0.3112,LOW,,
H01795,0.5431,MEDIUM,,
H01796,0.8311,HIGH,,
H01797,0.1547,LOW,,
H01798,0.0854,LOW,,
H01799,0.0523,LOW,,
H01800,0.0078,LOW,,
H01801,0.1024,LOW,,
H01802,0.0499,LOW,,
H01803,0.0291,LOW,,
H01804,0.1013,LOW,,
H01805,0.1789,LOW,,
H01806,0.0515,LOW,,
H01807,0.2568,LOW,,
H01808,0.4154,MEDIUM,,
H01809,0.106,LOW,,
H01810,0.1754,LOW,,
H01811,0.0493,LOW,,
H01812,0.0265,LOW,,
H01813,0.024,LOW,,
H01814,0.1408,LOW,,
H01815,0.0281,LOW,,
H01816,0.1584,LOW,,
H01817,0.1115,LOW,,
H01818,0.067,LOW,,
H01819,0.0488,LOW,,
H01820,0.1377,LOW,,
H01821,0.0402,LOW,,
H01822,0.1438,LOW,,
H01823,0.4882,MEDIUM,,
H01824,0.1821,LOW,,
H01825,0.0413,LOW,,
H01826,0.2637,LOW,,
H01827,0.0331,LOW,,
H01828,0.0975,LOW,,
H01829,0.0113,LOW,,
H01830,0.2991,LOW,,
H01831,0.0393,LOW,,
H01832,0.1104,LOW,,
H01833,0.0172,LOW,,
H01834,0.3644,LOW,,
H01835,0.1322,LOW,,
H01836,0.0235,LOW,,
H01837,0.068,LOW,,
H01838,0.03,LOW,,
H01839,0.0366,LOW,,
H01840,0.0942,LOW,,
H01841,0.0434,LOW,,
H01842,0.1153,LOW,,
H01843,0.0366,LOW,,
H01844,0.4265,MEDIUM,,
H01845,0.0244,LOW,,
H01846,0.0407,LOW,,
H01847,0.1273,LOW,,
H01848,0.0314,LOW,,
H01849,0.0342,LOW,,
H01850,0.1856,LOW,,
H01851,0.0494,LOW,,
H01852,0.2051,LOW,,
H01853,0.0146,LOW,,
H01854,0.068,LOW,,
H01855,0.0257,LOW,,
H01856,0.0091,LOW,,
H01857,0.1469,LOW,,
H01858,0.1839,LOW,,
H01859,0.0474,LOW,,
H01860,0.1167,LOW,,
H01861,0.0313,LOW,,
H01862,0.0265,LOW,,
H01863,0.0478,LOW,,
H01864,0.0666,LOW,,
H01865,0.085,LOW,,
H01866,0.0441,LOW,,
H01867,0.0957,LOW,,
H01868,0.1222,LOW,,
H01869,0.1742,LOW,,
H01870,0.0716,LOW,,
H01871,0.2301,LOW,,
H01872,0.8319,HIGH,,
H01873,0.0165,LOW,,
H01874,0.066,LOW,,
H01875,0.1756,LOW,,
H01876,0.5415,MEDIUM,,
H01877,0.0936,LOW,,
H01878,0.1746,LOW,,
H01879,0.0409,LOW,,
H01880,0.0879,LOW,,
H01881,0.0535,LOW,,
H01882,0.1819,LOW,,
H01883,0.1472,LOW,,
H01884,0.8268,HIGH,,
H01885,0.0161,LOW,,
H01886,0.8353,HIGH,,
H01887,0.078,LOW,,
H01888,0.1058,LOW,,
H01889,0.446,MEDIUM,,
H01890,0.1291,LOW,,
H01891,0.0431,LOW,,
H01892,0.0812,LOW,,
H01893,0.0814,LOW,,
H01894,0.1533,LOW,,
H01895,0.0709,LOW,,
H01896,0.0639,LOW,,
H01897,0.0393,LOW,,
H01898,0.2781,LOW,,
H01899,0.0788,LOW,,
H01900,0.0502,LOW,,
H01901,0.0276,LOW,,
H01902,0.7776,HIGH,,
H01903,0.2225,LOW,,
H01904,0.8664,HIGH,,
H01905,0.0465,LOW,,
H01906,0.1664,LOW,,
H01907,0.5058,MEDIUM,,
H01908,0.0431,LOW,,
H01909,0.0394,LOW,,
H01910,0.5818,MEDIUM,,
H01911,0.2029,LOW,,
H01912,0.1369,LOW,,
H01913,0.0611,LOW,,
H01914,0.1218,LOW,,
H01915,0.0323,LOW,,
H01916,0.1023,LOW,,
H01917,0.0499,LOW,,
H01918,0.0247,LOW,,
H01919,0.1131,LOW,,
H01920,0.016,LOW,,
H01921,0.0508,LOW,,
H01922,0.5757,MEDIUM,,
H01923,0.1832,LOW,,
H01924,0.1948,LOW,,
H01925,0.7407,HIGH,,
H01926,0.2366,LOW,,
H01927,0.0573,LOW,,
H01928,0.0881,LOW,,
H01929,0.0685,LOW,,
H01930,0.4452,MEDIUM,,
H01931,0.0299,LOW,,
H01932,0.0177,LOW,,
H01933,0.4979,MEDIUM,,
H01934,0.1676,LOW,,
H01935,0.053,LOW,,
H01936,0.0519,LOW,,
H01937,0.0586,LOW,,
H01938,0.078,LOW,,
H01939,0.0324,LOW,,
H01940,0.0812,LOW,,
H01941,0.6634,MEDIUM,,
H01942,0.0203,LOW,,
H01943,0.2517,LOW,,
H01944,0.2337,LOW,,
H01945,0.7942,HIGH,,
H01946,0.4134,MEDIUM,,
H01947,0.0544,LOW,,
H01948,0.5134,MEDIUM,,
H01949,0.0448,LOW,,
H01950,0.1923,LOW,,
H01951,0.2006,LOW,,
H01952,0.0422,LOW,,
H01953,0.4766,MEDIUM,,
H01954,0.0652,LOW,,
H01955,0.0816,LOW,,
H01956,0.8794,HIGH,,
H01957,0.2878,LOW,,
H01958,0.013,LOW,,
H01959,0.0382,LOW,,
H01960,0.3151,LOW,,
H01961,0.3813,LOW,,
H01962,0.1215,LOW,,
H01963,0.1593,LOW,,
H01964,0.1184,LOW,,
H01965,0.0154,LOW,,
H01966,0.4696,MEDIUM,,
H01967,0.9426,HIGH,,
H01968,0.8228,HIGH,,
H01969,0.1247,LOW,,
H01970,0.7017,HIGH,,
H01971,0.1082,LOW,,
H01972,0.0236,LOW,,
H01973,0.0365,LOW,,
H01974,0.0985,LOW,,
H01975,0.1779,LOW,,
H01976,0.0673,LOW,,
H01977,0.7873,HIGH,,
H01978,0.1164,LOW,,
H01979,0.3005,LOW,,
H01980,0.1088,LOW,,
H01981,0.2962,LOW,,
H01982,0.0758,LOW,,
H01983,0.1435,LOW,,
H01984,0.7176,HIGH,,
H01985,0.6783,MEDIUM,,
H01986,0.0678,LOW,,
H01987,0.0335,LOW,,
H01988,0.4606,MEDIUM,,
H01989,0.2079,LOW,,
H01990,0.4952,MEDIUM,,
H01991,0.1226,LOW,,
H01992,0.0768,LOW,,
H01993,0.1352,LOW,,
H01994,0.1033,LOW,,
H01995,0.0732,LOW,,
H01996,0.6308,MEDIUM,,
H01997,0.2475,LOW,,
H01998,0.0143,LOW,,
H01999,0.1481,LOW,,
H02000,0.0218,LOW,,
H02001,0.0152,LOW,,
H02002,0.0598,LOW,,
H02003,0.0868,LOW,,
H02004,0.7701,HIGH,,
H02005,0.0753,LOW,,
H02006,0.044,LOW,,
H02007,0.0764,LOW,,
H02008,0.0406,LOW,,
H02009,0.0439,LOW,,
H02010,0.0654,LOW,,
H02011,0.037,LOW,,
H02012,0.0901,LOW,,
H02013,0.0384,LOW,,
H02014,0.3575,LOW,,
H02015,0.0978,LOW,,
H02016,0.0611,LOW,,
H02017,0.8331,HIGH,,
H02018,0.088,LOW,,
H02019,0.2559,LOW,,
H02020,0.0444,LOW,,
H02021,0.0637,LOW,,
H02022,0.0233,LOW,,
H02023,0.0975,LOW,,
H02024,0.3593,LOW,,
H02025,0.715,HIGH,,
H02026,0.0781,LOW,,
H02027,0.0165,LOW,,
H02028,0.0753,LOW,,
H02029,0.6985,MEDIUM,,
H02030,0.0273,LOW,,
H02031,0.722,HIGH,,
H02032,0.5055,MEDIUM,,
H02033,0.0928,LOW,,
H02034,0.1899,LOW,,
H02035,0.5284,MEDIUM,,
H02036,0.0383,LOW,,
H02037,0.0407,LOW,,
H02038,0.5732,MEDIUM,,
H02039,0.0647,LOW,,
H02040,0.0384,LOW,,
H02041,0.031,LOW,,
H02042,0.0292,LOW,,
H02043,0.044,LOW,,
H02044,0.4627,MEDIUM,,
H02045,0.0338,LOW,,
H02046,0.7791,HIGH,,
H02047,0.6539,MEDIUM,,
H02048,0.1015,LOW,,
H02049,0.0874,LOW,,
H02050,0.0313,LOW,,
H02051,0.4367,MEDIUM,,
H02052,0.0685,LOW,,
H02053,0.0444,LOW,,
H02054,0.1484,LOW,,
H02055,0.0675,LOW,,
H02056,0.0112,LOW,,
H02057,0.1667,LOW,,
H02058,0.26,LOW,,
H02059,0.1648,LOW,,
H02060,0.3881,LOW,,
H02061,0.234,LOW,,
H02062,0.0593,LOW,,
H02063,0.2093,LOW,,
H02064,0.1878,LOW,,
H02065,0.4333,MEDIUM,,
H02066,0.0337,LOW,,
H02067,0.0141,LOW,,
H02068,0.865,HIGH,,
H02069,0.2102,LOW,,
H02070,0.0355,LOW,,
H02071,0.0867,LOW,,
H02072,0.0242,LOW,,
H02073,0.0996,LOW,,
H02074,0.0271,LOW,,
H02075,0.1885,LOW,,
H02076,0.0201,LOW,,
H02077,0.0751,LOW,,
H02078,0.0499,LOW,,
H02079,0.2356,LOW,,
H02080,0.0307,LOW,,
H02081,0.1348,LOW,,
H02082,0.0377,LOW,,
H02083,0.1224,LOW,,
H02084,0.0246,LOW,,
H02085,0.1207,LOW,,
H02086,0.1981,LOW,,
H02087,0.0843,LOW,,
H02088,0.7656,HIGH,,
H02089,0.1087,LOW,,
H02090,0.0592,LOW,,
H02091,0.3657,LOW,,
H02092,0.0532,LOW,,
H02093,0.0889,LOW,,
H02094,0.0341,LOW,,
H02095,0.0117,LOW,,
H02096,0.0253,LOW,,
H02097,0.0306,LOW,,
H02098,0.0644,LOW,,
H02099,0.1004,LOW,,
H02100,0.1245,LOW,,
H02101,0.0262,LOW,,
H02102,0.0759,LOW,,
H02103,0.8649,HIGH,,
H02104,0.0517,LOW,,
H02105,0.0208,LOW,,
H02106,0.0263,LOW,,
H02107,0.1336,LOW,,
H02108,0.037,LOW,,
H02109,0.0398,LOW,,
H02110,0.141,LOW,,
H02111,0.0801,LOW,,
H02112,0.3102,LOW,,
H02113,0.3624,LOW,,
H02114,0.072,LOW,,
H02115,0.0419,LOW,,
H02116,0.0423,LOW,,
H02117,0.5762,MEDIUM,,
H02118,0.2464,LOW,,
H02119,0.0927,LOW,,
H02120,0.1727,LOW,,
H02121,0.7348,HIGH,,
H02122,0.0338,LOW,,
H02123,0.0446,LOW,,
H02124,0.1173,LOW,,
H02125,0.1733,LOW,,
H02126,0.1854,LOW,,
H02127,0.0365,LOW,,
H02128,0.3504,LOW,,
H02129,0.8789,HIGH,,
H02130,0.0414,LOW,,
H02131,0.0338,LOW,,
H02132,0.1477,LOW,,
H02133,0.1383,LOW,,
H02134,0.1117,LOW,,
H02135,0.411,MEDIUM,,
H02136,0.0612,LOW,,
H02137,0.0956,LOW,,
H02138,0.1923,LOW,,
H02139,0.0457,LOW,,
H02140,0.1868,LOW,,
H02141,0.2427,LOW,,
H02142,0.6844,MEDIUM,,
H02143,0.322,LOW,,
H02144,0.0574,LOW,,
H02145,0.2848,LOW,,
H02146,0.0569,LOW,,
H02147,0.1385,LOW,,
H02148,0.2492,LOW,,
H02149,0.4131,MEDIUM,,
H02150,0.1229,LOW,,
H02151,0.0757,LOW,,
H02152,0.0458,LOW,,
H02153,0.0742,LOW,,
H02154,0.1239,LOW,,
H02155,0.9065,HIGH,,
H02156,0.4332,MEDIUM,,
H02157,0.3526,LOW,,
H02158,0.0313,LOW,,
H02159,0.0758,LOW,,
H02160,0.1169,LOW,,
H02161,0.0911,LOW,,
H02162,0.1641,LOW,,
H02163,0.0295,LOW,,
H02164,0.8777,HIGH,,
H02165,0.8667,HIGH,,
H02166,0.0791,LOW,,
H02167,0.5344,MEDIUM,,
H02168,0.0307,LOW,,
H02169,0.0181,LOW,,
H02170,0.0167,LOW,,
H02171,0.0644,LOW,,
H02172,0.0151,LOW,,
H02173,0.0777,LOW,,
H02174,0.0094,LOW,,
H02175,0.1557,LOW,,
H02176,0.0621,LOW,,
H02177,0.4887,MEDIUM,,
H02178,0.0227,LOW,,
H02179,0.014,LOW,,
H02180,0.2222,LOW,,
H02181,0.4626,MEDIUM,,
H02182,0.04,LOW,,
H02183,0.1301,LOW,,
H02184,0.0243,LOW,,
H02185,0.0792,LOW,,
H02186,0.1933,LOW,,
H02187,0.1679,LOW,,
H02188,0.4803,MEDIUM,,
H02189,0.1142,LOW,,
H02190,0.0121,LOW,,
H02191,0.024,LOW,,
H02192,0.1464,LOW,,
H02193,0.0503,LOW,,
H02194,0.0815,LOW,,
H02195,0.7207,HIGH,,
H02196,0.1747,LOW,,
H02197,0.024,LOW,,
H02198,0.1495,LOW,,
H02199,0.059,LOW,,
H02200,0.0758,LOW,,
H02201,0.3402,LOW,,
H02202,0.0281,LOW,,
H02203,0.056,LOW,,
H02204,0.7151,HIGH,,
H02205,0.362,LOW,,
H02206,0.0316,LOW,,
H02207,0.085,LOW,,
H02208,0.0352,LOW,,
H02209,0.2403,LOW,,
H02210,0.0241,LOW,,
H02211,0.8347,HIGH,,
H02212,0.2165,LOW,,
H02213,0.0804,LOW,,
H02214,0.0949,LOW,,
H02215,0.4466,MEDIUM,,
H02216,0.7093,HIGH,,
H02217,0.3009,LOW,,
H02218,0.3053,LOW,,
H02219,0.0195,LOW,,
H02220,0.1644,LOW,,
H02221,0.6516,MEDIUM,,
H02222,0.0249,LOW,,
H02223,0.5854,MEDIUM,,
H02224,0.0542,LOW,,
H02225,0.4065,MEDIUM,,
H02226,0.0167,LOW,,
H02227,0.4734,MEDIUM,,
H02228,0.0495,LOW,,
H02229,0.0394,LOW,,
H02230,0.0186,LOW,,
H02231,0.2406,LOW,,
H02232,0.5556,MEDIUM,,
H02233,0.0612,LOW,,
H02234,0.1344,LOW,,
H02235,0.3585,LOW,,
H02236,0.0434,LOW,,
H02237,0.0389,LOW,,
H02238,0.1991,LOW,,
H02239,0.0717,LOW,,
H02240,0.0408,LOW,,
H02241,0.2115,LOW,,
H02242,0.1273,LOW,,
H02243,0.5847,MEDIUM,,
H02244,0.1438,LOW,,
H02245,0.0515,LOW,,
H02246,0.5456,MEDIUM,,
H02247,0.2539,LOW,,
H02248,0.1011,LOW,,
H02249,0.0671,LOW,,
H02250,0.2198,LOW,,
H02251,0.0299,LOW,,
H02252,0.0911,LOW,,
H02253,0.037,LOW,,
H02254,0.018,LOW,,
H02255,0.039,LOW,,
H02256,0.444,MEDIUM,,
H02257,0.0461,LOW,,
H02258,0.0092,LOW,,
H02259,0.5596,MEDIUM,,
H02260,0.0278,LOW,,
H02261,0.1431,LOW,,
H02262,0.0639,LOW,,
H02263,0.0433,LOW,,
H02264,0.1385,LOW,,
H02265,0.1873,LOW,,
H02266,0.1638,LOW,,
H02267,0.0492,LOW,,
H02268,0.2218,LOW,,
H02269,0.0701,LOW,,
H02270,0.0488,LOW,,
H02271,0.0511,LOW,,
H02272,0.039,LOW,,
H02273,0.0284,LOW,,
H02274,0.0141,LOW,,
H02275,0.1983,LOW,,
H02276,0.2649,LOW,,
H02277,0.047,LOW,,
H02278,0.0183,LOW,,
H02279,0.0736,LOW,,
H02280,0.0535,LOW,,
H02281,0.0311,LOW,,
H02282,0.5692,MEDIUM,,
H02283,0.0216,LOW,,
H02284,0.0298,LOW,,
H02285,0.0572,LOW,,
H02286,0.1739,LOW,,
H02287,0.1159,LOW,,
H02288,0.6356,MEDIUM,,
H02289,0.8714,HIGH,,
H02290,0.0581,LOW,,
H02291,0.8072,HIGH,,
H02292,0.0217,LOW,,
H02293,0.3646,LOW,,
H02294,0.8573,HIGH,,
H02295,0.0364,LOW,,
H02296,0.0413,LOW,,
H02297,0.0847,LOW,,
H02298,0.0331,LOW,,
H02299,0.034,LOW,,
H02300,0.5668,MEDIUM,,
H02301,0.0132,LOW,,
H02302,0.0786,LOW,,
H02303,0.0483,LOW,,
H02304,0.0079,LOW,,
H02305,0.0536,LOW,,
H02306,0.7646,HIGH,,
H02307,0.0801,LOW,,
H02308,0.0312,LOW,,
H02309,0.0466,LOW,,
H02310,0.0102,LOW,,
H02311,0.2835,LOW,,
H02312,0.6942,MEDIUM,,
H02313,0.3363,LOW,,
H02314,0.0949,LOW,,
H02315,0.063,LOW,,
H02316,0.6985,MEDIUM,,
H02317,0.0948,LOW,,
H02318,0.3242,LOW,,
H02319,0.1718,LOW,,
H02320,0.0505,LOW,,
H02321,0.2375,LOW,,
H02322,0.0371,LOW,,
H02323,0.1485,LOW,,
H02324,0.0609,LOW,,
H02325,0.0167,LOW,,
H02326,0.0335,LOW,,
H02327,0.0726,LOW,,
H02328,0.0789,LOW,,
H02329,0.0211,LOW,,
H02330,0.0686,LOW,,
H02331,0.0986,LOW,,
H02332,0.2418,LOW,,
H02333,0.4561,MEDIUM,,
H02334,0.1249,LOW,,
H02335,0.8447,HIGH,,
H02336,0.2881,LOW,,
H02337,0.9026,HIGH,,
H02338,0.0291,LOW,,
H02339,0.0692,LOW,,
H02340,0.123,LOW,,
H02341,0.0262,LOW,,
H02342,0.093,LOW,,
H02343,0.0666,LOW,,
H02344,0.0471,LOW,,
H02345,0.4808,MEDIUM,,
H02346,0.0289,LOW,,
H02347,0.0503,LOW,,
H02348,0.1061,LOW,,
H02349,0.1293,LOW,,
H02350,0.0193,LOW,,
H02351,0.0559,LOW,,
H02352,0.1916,LOW,,
H02353,0.072,LOW,,
H02354,0.0416,LOW,,
H02355,0.0778,LOW,,
H02356,0.3577,LOW,,
H02357,0.2217,LOW,,
H02358,0.0859,LOW,,
H02359,0.2093,LOW,,
H02360,0.1332,LOW,,
H02361,0.4578,MEDIUM,,
H02362,0.6927,MEDIUM,,
H02363,0.0558,LOW,,
H02364,0.5751,MEDIUM,,
H02365,0.0508,LOW,,
H02366,0.0115,LOW,,
H02367,0.1445,LOW,,
H02368,0.1589,LOW,,
H02369,0.087,LOW,,
H02370,0.3641,LOW,,
H02371,0.3014,LOW,,
H02372,0.0857,LOW,,
H02373,0.1254,LOW,,
H02374,0.1101,LOW,,
H02375,0.078,LOW,,
H02376,0.7326,HIGH,,
H02377,0.0725,LOW,,
H02378,0.0351,LOW,,
H02379,0.2877,LOW,,
H02380,0.0742,LOW,,
H02381,0.2278,LOW,,
H02382,0.039,LOW,,
H02383,0.0876,LOW,,
H02384,0.0181,LOW,,
H02385,0.0241,LOW,,
H02386,0.0535,LOW,,
H02387,0.5858,MEDIUM,,
H02388,0.672,MEDIUM,,
H02389,0.1356,LOW,,
H02390,0.0945,LOW,,
H02391,0.2767,LOW,,
H02392,0.0217,LOW,,
H02393,0.0409,LOW,,
H02394,0.0457,LOW,,
H02395,0.0511,LOW,,
H02396,0.0454,LOW,,
H02397,0.0131,LOW,,
H02398,0.0618,LOW,,
H02399,0.4377,MEDIUM,,
H02400,0.0513,LOW,,
H02401,0.0784,LOW,,
H02402,0.7857,HIGH,,
H02403,0.0908,LOW,,
H02404,0.032,LOW,,
H02405,0.9492,HIGH,,
H02406,0.2061,LOW,,
H02407,0.0383,LOW,,
H02408,0.0852,LOW,,
H02409,0.0981,LOW,,
H02410,0.033,LOW,,
H02411,0.0871,LOW,,
H02412,0.5911,MEDIUM,,
H02413,0.0233,LOW,,
H02414,0.0407,LOW,,
H02415,0.7827,HIGH,,
H02416,0.8125,HIGH,,
H02417,0.062,LOW,,
H02418,0.1779,LOW,,
H02419,0.0285,LOW,,
H02420,0.1371,LOW,,
H02421,0.9054,HIGH,,
H02422,0.1466,LOW,,
H02423,0.0326,LOW,,
H02424,0.1234,LOW,,
H02425,0.3523,LOW,,
H02426,0.952,HIGH,,
H02427,0.0604,LOW,,
H02428,0.0399,LOW,,
H02429,0.2943,LOW,,
H02430,0.0165,LOW,,
H02431,0.0324,LOW,,
H02432,0.1691,LOW,,
H02433,0.0564,LOW,,
H02434,0.0432,LOW,,
H02435,0.7051,HIGH,,
H02436,0.496,MEDIUM,,
H02437,0.0478,LOW,,
H02438,0.6975,MEDIUM,,
H02439,0.1524,LOW,,
H02440,0.6951,MEDIUM,,
H02441,0.0843,LOW,,
H02442,0.0257,LOW,,
H02443,0.4123,MEDIUM,,
H02444,0.326,LOW,,
H02445,0.8705,HIGH,,
H02446,0.0355,LOW,,
H02447,0.0605,LOW,,
H02448,0.8604,HIGH,,
H02449,0.0787,LOW,,
H02450,0.357,LOW,,
H02451,0.0683,LOW,,
H02452,0.2646,LOW,,
H02453,0.0945,LOW,,
H02454,0.3903,LOW,,
H02455,0.7079,HIGH,,
H02456,0.2112,LOW,,
H02457,0.9171,HIGH,,
H02458,0.3013,LOW,,
H02459,0.0271,LOW,,
H02460,0.1335,LOW,,
H02461,0.0558,LOW,,
H02462,0.0287,LOW,,
H02463,0.2614,LOW,,
H02464,0.0362,LOW,,
H02465,0.2519,LOW,,
H02466,0.2381,LOW,,
H02467,0.148,LOW,,
H02468,0.6261,MEDIUM,,
H02469,0.1508,LOW,,
H02470,0.0287,LOW,,
H02471,0.1195,LOW,,
H02472,0.0201,LOW,,
H02473,0.0209,LOW,,
H02474,0.4436,MEDIUM,,
H02475,0.0126,LOW,,
H02476,0.536,MEDIUM,,
H02477,0.1866,LOW,,
H02478,0.0339,LOW,,
H02479,0.0705,LOW,,
H02480,0.0454,LOW,,
H02481,0.0284,LOW,,
H02482,0.0813,LOW,,
H02483,0.0336,LOW,,
H02484,0.616,MEDIUM,,
H02485,0.4547,MEDIUM,,
H02486,0.1379,LOW,,
H02487,0.2962,LOW,,
H02488,0.0297,LOW,,
H02489,0.0542,LOW,,
H02490,0.0915,LOW,,
H02491,0.8453,HIGH,,
H02492,0.2086,LOW,,
H02493,0.0327,LOW,,
H02494,0.038,LOW,,
H02495,0.2518,LOW,,
H02496,0.1198,LOW,,
H02497,0.0866,LOW,,
H02498,0.099,LOW,,
H02499,0.0583,LOW,,
H02500,0.9164,HIGH,,
H02501,0.0988,LOW,,
H02502,0.027,LOW,,
H02503,0.5075,MEDIUM,,
H02504,0.5472,MEDIUM,,
H02505,0.0515,LOW,,
H02506,0.0613,LOW,,
H02507,0.0476,LOW,,
H02508,0.1153,LOW,,
H02509,0.0572,LOW,,
H02510,0.6383,MEDIUM,,
H02511,0.1895,LOW,,
H02512,0.2606,LOW,,
H02513,0.1933,LOW,,
H02514,0.0395,LOW,,
H02515,0.4975,MEDIUM,,
H02516,0.329,LOW,,
H02517,0.2935,LOW,,
H02518,0.2438,LOW,,
H02519,0.0782,LOW,,
H02520,0.0255,LOW,,
H02521,0.6084,MEDIUM,,
H02522,0.1191,LOW,,
H02523,0.4604,MEDIUM,,
H02524,0.8846,HIGH,,
H02525,0.1125,LOW,,
H02526,0.7385,HIGH,,
H02527,0.1117,LOW,,
H02528,0.6905,MEDIUM,,
H02529,0.8084,HIGH,,
H02530,0.0528,LOW,,
H02531,0.0272,LOW,,
H02532,0.2473,LOW,,
H02533,0.1076,LOW,,
H02534,0.0328,LOW,,
H02535,0.0773,LOW,,
H02536,0.0494,LOW,,
H02537,0.0719,LOW,,
H02538,0.0607,LOW,,
H02539,0.0692,LOW,,
H02540,0.1332,LOW,,
H02541,0.0567,LOW,,
H02542,0.0892,LOW,,
H02543,0.0115,LOW,,
H02544,0.028,LOW,,
H02545,0.0201,LOW,,
H02546,0.0224,LOW,,
H02547,0.0331,LOW,,
H02548,0.0455,LOW,,
H02549,0.0885,LOW,,
H02550,0.4473,MEDIUM,,
H02551,0.6794,MEDIUM,,
H02552,0.1737,LOW,,
H02553,0.0372,LOW,,
H02554,0.0429,LOW,,
H02555,0.059,LOW,,
H02556,0.2187,LOW,,
H02557,0.7108,HIGH,,
H02558,0.7409,HIGH,,
H02559,0.1605,LOW,,
H02560,0.1638,LOW,,
H02561,0.3102,LOW,,
H02562,0.5283,MEDIUM,,
H02563,0.028,LOW,,
H02564,0.5456,MEDIUM,,
H02565,0.0202,LOW,,
H02566,0.0311,LOW,,
H02567,0.2389,LOW,,
H02568,0.5328,MEDIUM,,
H02569,0.0332,LOW,,
H02570,0.0749,LOW,,
H02571,0.0332,LOW,,
H02572,0.5274,MEDIUM,,
H02573,0.0268,LOW,,
H02574,0.4536,MEDIUM,,
H02575,0.7547,HIGH,,
H02576,0.7842,HIGH,,
H02577,0.1331,LOW,,
H02578,0.034,LOW,,
H02579,0.1328,LOW,,
H02580,0.3432,LOW,,
H02581,0.0293,LOW,,
H02582,0.7195,HIGH,,
H02583,0.7242,HIGH,,
H02584,0.0315,LOW,,
H02585,0.07,LOW,,
H02586,0.0336,LOW,,
H02587,0.7915,HIGH,,
H02588,0.6038,MEDIUM,,
H02589,0.0659,LOW,,
H02590,0.1049,LOW,,
H02591,0.0368,LOW,,
H02592,0.1666,LOW,,
H02593,0.4721,MEDIUM,,
H02594,0.219,LOW,,
H02595,0.0252,LOW,,
H02596,0.1467,LOW,,
H02597,0.1104,LOW,,
H02598,0.0095,LOW,,
H02599,0.0175,LOW,,
H02600,0.7949,HIGH,,
H02601,0.0854,LOW,,
H02602,0.0174,LOW,,
H02603,0.1822,LOW,,
H02604,0.7256,HIGH,,
H02605,0.066,LOW,,
H02606,0.5476,MEDIUM,,
H02607,0.7434,HIGH,,
H02608,0.3558,LOW,,
H02609,0.0183,LOW,,
H02610,0.0288,LOW,,
H02611,0.2153,LOW,,
H02612,0.2947,LOW,,
H02613,0.033,LOW,,
H02614,0.0303,LOW,,
H02615,0.0684,LOW,,
H02616,0.0461,LOW,,
H02617,0.101,LOW,,
H02618,0.2386,LOW,,
H02619,0.3602,LOW,,
H02620,0.0395,LOW,,
H02621,0.063,LOW,,
H02622,0.3076,LOW,,
H02623,0.07,LOW,,
H02624,0.6156,MEDIUM,,
H02625,0.0657,LOW,,
H02626,0.0303,LOW,,
H02627,0.0586,LOW,,
H02628,0.2389,LOW,,
H02629,0.136,LOW,,
H02630,0.1413,LOW,,
H02631,0.1007,LOW,,
H02632,0.118,LOW,,
H02633,0.1709,LOW,,
H02634,0.3531,LOW,,
H02635,0.0357,LOW,,
H02636,0.0496,LOW,,
H02637,0.0337,LOW,,
H02638,0.0993,LOW,,
H02639,0.0988,LOW,,
H02640,0.0396,LOW,,
H02641,0.7723,HIGH,,
H02642,0.0311,LOW,,
H02643,0.6652,MEDIUM,,
H02644,0.1327,LOW,,
H02645,0.0119,LOW,,
H02646,0.0295,LOW,,
H02647,0.0535,LOW,,
H02648,0.057,LOW,,
H02649,0.2241,LOW,,
H02650,0.1062,LOW,,
H02651,0.0853,LOW,,
H02652,0.3527,LOW,,
H02653,0.0771,LOW,,
H02654,0.029,LOW,,
H02655,0.6257,MEDIUM,,
H02656,0.0914,LOW,,
H02657,0.0231,LOW,,
H02658,0.2332,LOW,,
H02659,0.6775,MEDIUM,,
H02660,0.0392,LOW,,
H02661,0.0155,LOW,,
H02662,0.7396,HIGH,,
H02663,0.3752,LOW,,
H02664,0.0741,LOW,,
H02665,0.0894,LOW,,
H02666,0.061,LOW,,
H02667,0.0239,LOW,,
H02668,0.1091,LOW,,
H02669,0.8143,HIGH,,
H02670,0.1034,LOW,,
H02671,0.0565,LOW,,
H02672,0.0407,LOW,,
H02673,0.0951,LOW,,
H02674,0.4816,MEDIUM,,
H02675,0.0517,LOW,,
H02676,0.0177,LOW,,
H02677,0.1811,LOW,,
H02678,0.1835,LOW,,
H02679,0.0667,LOW,,
H02680,0.073,LOW,,
H02681,0.1371,LOW,,
H02682,0.1614,LOW,,
H02683,0.2018,LOW,,
H02684,0.0966,LOW,,
H02685,0.0567,LOW,,
H02686,0.0648,LOW,,
H02687,0.1923,LOW,,
H02688,0.0136,LOW,,
H02689,0.0993,LOW,,
H02690,0.0647,LOW,,
H02691,0.0928,LOW,,
H02692,0.2408,LOW,,
H02693,0.6064,MEDIUM,,
H02694,0.0745,LOW,,
H02695,0.0181,LOW,,
H02696,0.0373,LOW,,
H02697,0.0798,LOW,,
H02698,0.0625,LOW,,
H02699,0.017,LOW,,
H02700,0.1827,LOW,,
H02701,0.4679,MEDIUM,,
H02702,0.3214,LOW,,
H02703,0.1358,LOW,,
H02704,0.5175,MEDIUM,,
H02705,0.017,LOW,,
H02706,0.1931,LOW,,
H02707,0.7492,HIGH,,
H02708,0.1375,LOW,,
H02709,0.0254,LOW,,
H02710,0.2806,LOW,,
H02711,0.264,LOW,,
H02712,0.0844,LOW,,
H02713,0.4883,MEDIUM,,
H02714,0.2549,LOW,,
H02715,0.1485,LOW,,
H02716,0.0443,LOW,,
H02717,0.0559,LOW,,
H02718,0.0541,LOW,,
H02719,0.02,LOW,,
H02720,0.2342,LOW,,
H02721,0.0669,LOW,,
H02722,0.055,LOW,,
H02723,0.5157,MEDIUM,,
H02724,0.0205,LOW,,
H02725,0.6392,MEDIUM,,
H02726,0.0706,LOW,,
H02727,0.0429,LOW,,
H02728,0.0321,LOW,,
H02729,0.0268,LOW,,
H02730,0.1756,LOW,,
H02731,0.0256,LOW,,
H02732,0.4808,MEDIUM,,
H02733,0.0618,LOW,,
H02734,0.1445,LOW,,
H02735,0.0379,LOW,,
H02736,0.0384,LOW,,
H02737,0.0424,LOW,,
H02738,0.0598,LOW,,
H02739,0.3283,LOW,,
H02740,0.325,LOW,,
H02741,0.1356,LOW,,
H02742,0.094,LOW,,
H02743,0.6971,MEDIUM,,
H02744,0.0857,LOW,,
H02745,0.0411,LOW,,
H02746,0.0302,LOW,,
H02747,0.0755,LOW,,
H02748,0.1872,LOW,,
H02749,0.3674,LOW,,
H02750,0.036,LOW,,
H02751,0.1545,LOW,,
H02752,0.8458,HIGH,,
H02753,0.0997,LOW,,
H02754,0.0232,LOW,,
H02755,0.0511,LOW,,
H02756,0.2036,LOW,,
H02757,0.0948,LOW,,
H02758,0.1037,LOW,,
H02759,0.0301,LOW,,
H02760,0.021,LOW,,
H02761,0.0299,LOW,,
H02762,0.7861,HIGH,,
H02763,0.0228,LOW,,
H02764,0.0445,LOW,,
H02765,0.2143,LOW,,
H02766,0.1595,LOW,,
H02767,0.0393,LOW,,
H02768,0.089,LOW,,
H02769,0.4537,MEDIUM,,
H02770,0.1021,LOW,,
H02771,0.026,LOW,,
H02772,0.4825,MEDIUM,,
H02773,0.0526,LOW,,
H02774,0.0481,LOW,,
H02775,0.4944,MEDIUM,,
H02776,0.8641,HIGH,,
H02777,0.1473,LOW,,
H02778,0.7782,HIGH,,
H02779,0.1939,LOW,,
H02780,0.324,LOW,,
H02781,0.1113,LOW,,
H02782,0.364,LOW,,
H02783,0.0221,LOW,,
H02784,0.133,LOW,,
H02785,0.0809,LOW,,
H02786,0.855,HIGH,,
H02787,0.4701,MEDIUM,,
H02788,0.0233,LOW,,
H02789,0.0442,LOW,,
H02790,0.0147,LOW,,
H02791,0.0332,LOW,,
H02792,0.1537,LOW,,
H02793,0.0278,LOW,,
H02794,0.035,LOW,,
H02795,0.844,HIGH,,
H02796,0.7442,HIGH,,
H02797,0.073,LOW,,
H02798,0.1097,LOW,,
H02799,0.3718,LOW,,
H02800,0.0219,LOW,,
H02801,0.1158,LOW,,
H02802,0.1053,LOW,,
H02803,0.076,LOW,,
H02804,0.0265,LOW,,
H02805,0.0878,LOW,,
H02806,0.5167,MEDIUM,,
H02807,0.0196,LOW,,
H02808,0.0256,LOW,,
H02809,0.033,LOW,,
H02810,0.0923,LOW,,
H02811,0.0322,LOW,,
H02812,0.1017,LOW,,
H02813,0.3241,LOW,,
H02814,0.0375,LOW,,
H02815,0.0924,LOW,,
H02816,0.064,LOW,,
H02817,0.0479,LOW,,
H02818,0.0323,LOW,,
H02819,0.4952,MEDIUM,,
H02820,0.2555,LOW,,
H02821,0.0136,LOW,,
H02822,0.0565,LOW,,
H02823,0.0314,LOW,,
H02824,0.4552,MEDIUM,,
H02825,0.0531,LOW,,
H02826,0.026,LOW,,
H02827,0.0542,LOW,,
H02828,0.4766,MEDIUM,,
H02829,0.1121,LOW,,
H02830,0.073,LOW,,
H02831,0.0282,LOW,,
H02832,0.1681,LOW,,
H02833,0.0265,LOW,,
H02834,0.5598,MEDIUM,,
H02835,0.4347,MEDIUM,,
H02836,0.5015,MEDIUM,,
H02837,0.0293,LOW,,
H02838,0.0874,LOW,,
H02839,0.96,HIGH,,
H02840,0.0814,LOW,,
H02841,0.302,LOW,,
H02842,0.1872,LOW,,
H02843,0.0616,LOW,,
H02844,0.0715,LOW,,
H02845,0.228,LOW,,
H02846,0.0336,LOW,,
H02847,0.0638,LOW,,
H02848,0.1457,LOW,,
H02849,0.0295,LOW,,
H02850,0.6208,MEDIUM,,
H02851,0.0206,LOW,,
H02852,0.4016,MEDIUM,,
H02853,0.1165,LOW,,
H02854,0.806,HIGH,,
H02855,0.5589,MEDIUM,,
H02856,0.8697,HIGH,,
H02857,0.1631,LOW,,
H02858,0.2531,LOW,,
H02859,0.0735,LOW,,
H02860,0.1131,LOW,,
H02861,0.0224,LOW,,
H02862,0.0251,LOW,,
H02863,0.399,LOW,,
H02864,0.1597,LOW,,
H02865,0.0466,LOW,,
H02866,0.3172,LOW,,
H02867,0.0901,LOW,,
H02868,0.6324,MEDIUM,,
H02869,0.0546,LOW,,
H02870,0.0725,LOW,,
H02871,0.1079,LOW,,
H02872,0.551,MEDIUM,,
H02873,0.0986,LOW,,
H02874,0.0407,LOW,,
H02875,0.8857,HIGH,,
H02876,0.1071,LOW,,
H02877,0.1555,LOW,,
H02878,0.0258,LOW,,
H02879,0.8702,HIGH,,
H02880,0.0738,LOW,,
H02881,0.076,LOW,,
H02882,0.1673,LOW,,
H02883,0.0523,LOW,,
H02884,0.0262,LOW,,
H02885,0.0459,LOW,,
H02886,0.0624,LOW,,
H02887,0.7809,HIGH,,
H02888,0.0163,LOW,,
H02889,0.0926,LOW,,
H02890,0.0095,LOW,,
H02891,0.0456,LOW,,
H02892,0.0352,LOW,,
H02893,0.1544,LOW,,
H02894,0.0488,LOW,,
H02895,0.0897,LOW,,
H02896,0.0382,LOW,,
H02897,0.9702,HIGH,,
H02898,0.2415,LOW,,
H02899,0.5193,MEDIUM,,
H02900,0.0411,LOW,,
H02901,0.0242,LOW,,
H02902,0.0446,LOW,,
H02903,0.8409,HIGH,,
H02904,0.0268,LOW,,
H02905,0.0253,LOW,,
H02906,0.177,LOW,,
H02907,0.0374,LOW,,
H02908,0.0337,LOW,,
H02909,0.0635,LOW,,
H02910,0.095,LOW,,
H02911,0.6895,MEDIUM,,
H02912,0.086,LOW,,
H02913,0.0814,LOW,,
H02914,0.0608,LOW,,
H02915,0.7423,HIGH,,
H02916,0.0981,LOW,,
H02917,0.1176,LOW,,
H02918,0.0247,LOW,,
H02919,0.0384,LOW,,
H02920,0.0595,LOW,,
H02921,0.0232,LOW,,
H02922,0.1027,LOW,,
H02923,0.0269,LOW,,
H02924,0.0585,LOW,,
H02925,0.0174,LOW,,
H02926,0.0745,LOW,,
H02927,0.3226,LOW,,
H02928,0.0461,LOW,,
H02929,0.1477,LOW,,
H02930,0.1213,LOW,,
H02931,0.0365,LOW,,
H02932,0.7388,HIGH,,
H02933,0.1469,LOW,,
H02934,0.0256,LOW,,
H02935,0.6429,MEDIUM,,
H02936,0.1007,LOW,,
H02937,0.3698,LOW,,
H02938,0.1288,LOW,,
H02939,0.0123,LOW,,
H02940,0.0904,LOW,,
H02941,0.0441,LOW,,
H02942,0.0767,LOW,,
H02943,0.0569,LOW,,
H02944,0.0057,LOW,,
H02945,0.0568,LOW,,
H02946,0.2815,LOW,,
H02947,0.3073,LOW,,
H02948,0.273,LOW,,
H02949,0.101,LOW,,
H02950,0.0714,LOW,,
H02951,0.5094,MEDIUM,,
H02952,0.0696,LOW,,
H02953,0.0438,LOW,,
H02954,0.0153,LOW,,
H02955,0.0948,LOW,,
H02956,0.0479,LOW,,
H02957,0.0474,LOW,,
H02958,0.2992,LOW,,
H02959,0.6762,MEDIUM,,
H02960,0.0763,LOW,,
H02961,0.1219,LOW,,
H02962,0.0264,LOW,,
H02963,0.1834,LOW,,
H02964,0.081,LOW,,
H02965,0.7628,HIGH,,
H02966,0.1159,LOW,,
H02967,0.0512,LOW,,
H02968,0.3371,LOW,,
H02969,0.3911,LOW,,
H02970,0.1296,LOW,,
H02971,0.2359,LOW,,
H02972,0.0757,LOW,,
H02973,0.0205,LOW,,
H02974,0.0698,LOW,,
H02975,0.4697,MEDIUM,,
H02976,0.0156,LOW,,
H02977,0.4507,MEDIUM,,
H02978,0.0968,LOW,,
H02979,0.0538,LOW,,
H02980,0.0298,LOW,,
H02981,0.0909,LOW,,
H02982,0.0388,LOW,,
H02983,0.2022,LOW,,
H02984,0.0583,LOW,,
H02985,0.5114,MEDIUM,,
H02986,0.2258,LOW,,
H02987,0.9408,HIGH,,
H02988,0.0817,LOW,,
H02989,0.0722,LOW,,
H02990,0.0397,LOW,,
H02991,0.6385,MEDIUM,,
H02992,0.0171,LOW,,
H02993,0.144,LOW,,
H02994,0.8105,HIGH,,
H02995,0.0849,LOW,,
H02996,0.2629,LOW,,
H02997,0.0367,LOW,,
H02998,0.5502,MEDIUM,,
H02999,0.083,LOW,,
H03000,0.13,LOW,,
H03001,0.0168,LOW,,
H03002,0.0699,LOW,,
H03003,0.163,LOW,,
H03004,0.0743,LOW,,
H03005,0.0868,LOW,,
H03006,0.1192,LOW,,
H03007,0.0337,LOW,,
H03008,0.1892,LOW,,
H03009,0.0186,LOW,,
H03010,0.742,HIGH,,
H03011,0.3425,LOW,,
H03012,0.0523,LOW,,
H03013,0.0612,LOW,,
H03014,0.0656,LOW,,
H03015,0.021,LOW,,
H03016,0.255,LOW,,
H03017,0.0385,LOW,,
H03018,0.466,MEDIUM,,
H03019,0.026,LOW,,
H03020,0.9049,HIGH,,
H03021,0.1334,LOW,,
H03022,0.0403,LOW,,
H03023,0.0368,LOW,,
H03024,0.7273,HIGH,,
H03025,0.0828,LOW,,
H03026,0.134,LOW,,
H03027,0.9107,HIGH,,
H03028,0.0299,LOW,,
H03029,0.036,LOW,,
H03030,0.0343,LOW,,
H03031,0.0378,LOW,,
H03032,0.2928,LOW,,
H03033,0.5945,MEDIUM,,
H03034,0.1892,LOW,,
H03035,0.0343,LOW,,
H03036,0.0356,LOW,,
H03037,0.1418,LOW,,
H03038,0.0311,LOW,,
H03039,0.093,LOW,,
H03040,0.6923,MEDIUM,,
H03041,0.0418,LOW,,
H03042,0.0568,LOW,,
H03043,0.2421,LOW,,
H03044,0.0593,LOW,,
H03045,0.8226,HIGH,,
H03046,0.047,LOW,,
H03047,0.0345,LOW,,
H03048,0.0293,LOW,,
H03049,0.0189,LOW,,
H03050,0.631,MEDIUM,,
H03051,0.0823,LOW,,
H03052,0.0291,LOW,,
H03053,0.0896,LOW,,
H03054,0.1094,LOW,,
H03055,0.0535,LOW,,
H03056,0.1127,LOW,,
H03057,0.0441,LOW,,
H03058,0.0995,LOW,,
H03059,0.0319,LOW,,
H03060,0.6187,MEDIUM,,
H03061,0.6528,MEDIUM,,
H03062,0.6953,MEDIUM,,
H03063,0.639,MEDIUM,,
H03064,0.1494,LOW,,
H03065,0.0514,LOW,,
H03066,0.1656,LOW,,
H03067,0.0268,LOW,,
H03068,0.0181,LOW,,
H03069,0.101,LOW,,
H03070,0.2879,LOW,,
H03071,0.1168,LOW,,
H03072,0.0303,LOW,,
H03073,0.025,LOW,,
H03074,0.0514,LOW,,
H03075,0.0308,LOW,,
H03076,0.6688,MEDIUM,,
H03077,0.1344,LOW,,
H03078,0.2013,LOW,,
H03079,0.189,LOW,,
H03080,0.9026,HIGH,,
H03081,0.0569,LOW,,
H03082,0.1415,LOW,,
H03083,0.1745,LOW,,
H03084,0.1139,LOW,,
H03085,0.0191,LOW,,
H03086,0.033,LOW,,
H03087,0.2169,LOW,,
H03088,0.8795,HIGH,,
H03089,0.0458,LOW,,
H03090,0.0932,LOW,,
H03091,0.0136,LOW,,
H03092,0.1281,LOW,,
H03093,0.0774,LOW,,
H03094,0.1009,LOW,,
H03095,0.0566,LOW,,
H03096,0.2914,LOW,,
H03097,0.1239,LOW,,
H03098,0.0555,LOW,,
H03099,0.04,LOW,,
H03100,0.2113,LOW,,
H03101,0.025,LOW,,
H03102,0.1278,LOW,,
H03103,0.6759,MEDIUM,,
H03104,0.0351,LOW,,
H03105,0.0328,LOW,,
H03106,0.2956,LOW,,
H03107,0.0586,LOW,,
H03108,0.0303,LOW,,
H03109,0.5353,MEDIUM,,
H03110,0.5053,MEDIUM,,
H03111,0.7544,HIGH,,
H03112,0.0097,LOW,,
H03113,0.8044,HIGH,,
H03114,0.0386,LOW,,
H03115,0.0361,LOW,,
H03116,0.0663,LOW,,
H03117,0.0495,LOW,,
H03118,0.0928,LOW,,
H03119,0.0938,LOW,,
H03120,0.5688,MEDIUM,,
H03121,0.1744,LOW,,
H03122,0.0191,LOW,,
H03123,0.829,HIGH,,
H03124,0.5784,MEDIUM,,
H03125,0.036,LOW,,
H03126,0.0216,LOW,,
H03127,0.8267,HIGH,,
H03128,0.7901,HIGH,,
H03129,0.5925,MEDIUM,,
H03130,0.0613,LOW,,
H03131,0.0255,LOW,,
H03132,0.1559,LOW,,
H03133,0.3394,LOW,,
H03134,0.0669,LOW,,
H03135,0.1122,LOW,,
H03136,0.026,LOW,,
H03137,0.0188,LOW,,
H03138,0.2769,LOW,,
H03139,0.3838,LOW,,
H03140,0.0374,LOW,,
H03141,0.017,LOW,,
H03142,0.0323,LOW,,
H03143,0.0241,LOW,,
H03144,0.0564,LOW,,
H03145,0.0492,LOW,,
H03146,0.7783,HIGH,,
H03147,0.2104,LOW,,
H03148,0.0108,LOW,,
H03149,0.1053,LOW,,
H03150,0.5867,MEDIUM,,
H03151,0.5965,MEDIUM,,
H03152,0.0479,LOW,,
H03153,0.1173,LOW,,
H03154,0.1451,LOW,,
H03155,0.1948,LOW,,
H03156,0.0329,LOW,,
H03157,0.0671,LOW,,
H03158,0.6727,MEDIUM,,
H03159,0.0516,LOW,,
H03160,0.3578,LOW,,
H03161,0.0481,LOW,,
H03162,0.0345,LOW,,
H03163,0.0375,LOW,,
H03164,0.0807,LOW,,
H03165,0.2018,LOW,,
H03166,0.3374,LOW,,
H03167,0.0507,LOW,,
H03168,0.0944,LOW,,
H03169,0.2058,LOW,,
H03170,0.0247,LOW,,
H03171,0.078,LOW,,
H03172,0.0332,LOW,,
H03173,0.2771,LOW,,
H03174,0.6326,MEDIUM,,
H03175,0.0376,LOW,,
H03176,0.0228,LOW,,
H03177,0.5625,MEDIUM,,
H03178,0.0732,LOW,,
H03179,0.0306,LOW,,
H03180,0.0161,LOW,,
H03181,0.1568,LOW,,
H03182,0.0519,LOW,,
H03183,0.0417,LOW,,
H03184,0.0481,LOW,,
H03185,0.6402,MEDIUM,,
H03186,0.0617,LOW,,
H03187,0.0397,LOW,,
H03188,0.7029,HIGH,,
H03189,0.031,LOW,,
H03190,0.5929,MEDIUM,,
H03191,0.2288,LOW,,
H03192,0.1619,LOW,,
H03193,0.1106,LOW,,
H03194,0.6407,MEDIUM,,
H03195,0.0291,LOW,,
H03196,0.5704,MEDIUM,,
H03197,0.0685,LOW,,
H03198,0.8833,HIGH,,
H03199,0.0242,LOW,,
H03200,0.0737,LOW,,
H03201,0.6777,MEDIUM,,
H03202,0.0394,LOW,,
H03203,0.0885,LOW,,
H03204,0.1731,LOW,,
H03205,0.1206,LOW,,
H03206,0.0579,LOW,,
H03207,0.0346,LOW,,
H03208,0.1723,LOW,,
H03209,0.0137,LOW,,
H03210,0.0446,LOW,,
H03211,0.0305,LOW,,
H03212,0.0585,LOW,,
H03213,0.0376,LOW,,
H03214,0.169,LOW,,
H03215,0.195,LOW,,
H03216,0.0126,LOW,,
H03217,0.2958,LOW,,
H03218,0.0609,LOW,,
H03219,0.2279,LOW,,
H03220,0.2478,LOW,,
H03221,0.1629,LOW,,
H03222,0.1354,LOW,,
H03223,0.0274,LOW,,
H03224,0.0125,LOW,,
H03225,0.1284,LOW,,
H03226,0.0718,LOW,,
H03227,0.0625,LOW,,
H03228,0.0661,LOW,,
H03229,0.0534,LOW,,
H03230,0.0455,LOW,,
H03231,0.5492,MEDIUM,,
H03232,0.1107,LOW,,
H03233,0.0511,LOW,,
H03234,0.0914,LOW,,
H03235,0.0736,LOW,,
H03236,0.1055,LOW,,
H03237,0.1336,LOW,,
H03238,0.4581,MEDIUM,,
H03239,0.031,LOW,,
H03240,0.5287,MEDIUM,,
H03241,0.0482,LOW,,
H03242,0.0832,LOW,,
H03243,0.079,LOW,,
H03244,0.0336,LOW,,
H03245,0.8597,HIGH,,
H03246,0.0729,LOW,,
H03247,0.6842,MEDIUM,,
H03248,0.1266,LOW,,
H03249,0.0247,LOW,,
H03250,0.0823,LOW,,
H03251,0.0457,LOW,,
H03252,0.214,LOW,,
H03253,0.0332,LOW,,
H03254,0.0386,LOW,,
H03255,0.7308,HIGH,,
H03256,0.0627,LOW,,
H03257,0.0327,LOW,,
H03258,0.0229,LOW,,
H03259,0.3048,LOW,,
H03260,0.1317,LOW,,
H03261,0.0736,LOW,,
H03262,0.0709,LOW,,
H03263,0.446,MEDIUM,,
H03264,0.0497,LOW,,
H03265,0.0108,LOW,,
H03266,0.3442,LOW,,
H03267,0.1265,LOW,,
H03268,0.0259,LOW,,
H03269,0.5386,MEDIUM,,
H03270,0.0285,LOW,,
H03271,0.0272,LOW,,
H03272,0.7635,HIGH,,
H03273,0.846,HIGH,,
H03274,0.2455,LOW,,
H03275,0.0214,LOW,,
H03276,0.0338,LOW,,
H03277,0.0885,LOW,,
H03278,0.16,LOW,,
H03279,0.2155,LOW,,
H03280,0.1241,LOW,,
H03281,0.0342,LOW,,
H03282,0.1127,LOW,,
H03283,0.0424,LOW,,
H03284,0.3095,LOW,,
H03285,0.9073,HIGH,,
H03286,0.5742,MEDIUM,,
H03287,0.3363,LOW,,
H03288,0.147,LOW,,
H03289,0.3665,LOW,,
H03290,0.0677,LOW,,
H03291,0.053,LOW,,
H03292,0.1861,LOW,,
H03293,0.0438,LOW,,
H03294,0.8356,HIGH,,
H03295,0.0775,LOW,,
H03296,0.0159,LOW,,
H03297,0.2452,LOW,,
H03298,0.2411,LOW,,
H03299,0.0386,LOW,,
H03300,0.1025,LOW,,
H03301,0.0283,LOW,,
H03302,0.0216,LOW,,
H03303,0.0825,LOW,,
H03304,0.0873,LOW,,
H03305,0.1609,LOW,,
H03306,0.0211,LOW,,
H03307,0.0677,LOW,,
H03308,0.0445,LOW,,
H03309,0.0187,LOW,,
H03310,0.804,HIGH,,
H03311,0.1283,LOW,,
H03312,0.0937,LOW,,
H03313,0.1615,LOW,,
H03314,0.0359,LOW,,
H03315,0.0264,LOW,,
H03316,0.0459,LOW,,
H03317,0.3849,LOW,,
H03318,0.1538,LOW,,
H03319,0.8498,HIGH,,
H03320,0.0204,LOW,,
H03321,0.124,LOW,,
H03322,0.0278,LOW,,
H03323,0.0253,LOW,,
H03324,0.0553,LOW,,
H03325,0.0295,LOW,,
H03326,0.0303,LOW,,
H03327,0.0602,LOW,,
H03328,0.0525,LOW,,
H03329,0.0479,LOW,,
H03330,0.2006,LOW,,
H03331,0.064,LOW,,
H03332,0.0886,LOW,,
H03333,0.449,MEDIUM,,
H03334,0.4002,MEDIUM,,
H03335,0.0794,LOW,,
H03336,0.1392,LOW,,
H03337,0.5657,MEDIUM,,
H03338,0.065,LOW,,
H03339,0.0665,LOW,,
H03340,0.0175,LOW,,
H03341,0.4602,MEDIUM,,
H03342,0.054,LOW,,
H03343,0.0578,LOW,,
H03344,0.2764,LOW,,
H03345,0.1408,LOW,,
H03346,0.0172,LOW,,
H03347,0.0995,LOW,,
H03348,0.034,LOW,,
H03349,0.192,LOW,,
H03350,0.0088,LOW,,
H03351,0.008,LOW,,
H03352,0.1938,LOW,,
H03353,0.1037,LOW,,
H03354,0.1065,LOW,,
H03355,0.0821,LOW,,
H03356,0.2801,LOW,,
H03357,0.0612,LOW,,
H03358,0.7651,HIGH,,
H03359,0.1941,LOW,,
H03360,0.4516,MEDIUM,,
H03361,0.2489,LOW,,
H03362,0.2464,LOW,,
H03363,0.8269,HIGH,,
H03364,0.4078,MEDIUM,,
H03365,0.1684,LOW,,
H03366,0.2897,LOW,,
H03367,0.1249,LOW,,
H03368,0.1042,LOW,,
H03369,0.0895,LOW,,
H03370,0.0766,LOW,,
H03371,0.1086,LOW,,
H03372,0.2292,LOW,,
H03373,0.2865,LOW,,
H03374,0.0236,LOW,,
H03375,0.6366,MEDIUM,,
H03376,0.5816,MEDIUM,,
H03377,0.2247,LOW,,
H03378,0.5034,MEDIUM,,
H03379,0.0324,LOW,,
H03380,0.0469,LOW,,
H03381,0.0159,LOW,,
H03382,0.0306,LOW,,
H03383,0.87,HIGH,,
H03384,0.0528,LOW,,
H03385,0.0542,LOW,,
H03386,0.5289,MEDIUM,,
H03387,0.0827,LOW,,
H03388,0.1871,LOW,,
H03389,0.8195,HIGH,,
H03390,0.2333,LOW,,
H03391,0.1124,LOW,,
H03392,0.0292,LOW,,
H03393,0.6923,MEDIUM,,
H03394,0.0568,LOW,,
H03395,0.1412,LOW,,
H03396,0.0747,LOW,,
H03397,0.023,LOW,,
H03398,0.1184,LOW,,
H03399,0.0746,LOW,,
H03400,0.1696,LOW,,
H03401,0.8468,HIGH,,
H03402,0.0361,LOW,,
H03403,0.1843,LOW,,
H03404,0.1597,LOW,,
H03405,0.0292,LOW,,
H03406,0.0223,LOW,,
H03407,0.9264,HIGH,,
H03408,0.0521,LOW,,
H03409,0.0256,LOW,,
H03410,0.2892,LOW,,
H03411,0.2956,LOW,,
H03412,0.0551,LOW,,
H03413,0.0544,LOW,,
H03414,0.0528,LOW,,
H03415,0.0599,LOW,,
H03416,0.0252,LOW,,
H03417,0.1877,LOW,,
H03418,0.0317,LOW,,
H03419,0.0924,LOW,,
H03420,0.0189,LOW,,
H03421,0.2977,LOW,,
H03422,0.7719,HIGH,,
H03423,0.0434,LOW,,
H03424,0.0177,LOW,,
H03425,0.1083,LOW,,
H03426,0.1438,LOW,,
H03427,0.7395,HIGH,,
H03428,0.1104,LOW,,
H03429,0.4805,MEDIUM,,
H03430,0.1966,LOW,,
H03431,0.4791,MEDIUM,,
H03432,0.2479,LOW,,
H03433,0.2368,LOW,,
H03434,0.0181,LOW,,
H03435,0.0868,LOW,,
H03436,0.1529,LOW,,
H03437,0.0314,LOW,,
H03438,0.0428,LOW,,
H03439,0.104,LOW,,
H03440,0.8412,HIGH,,
H03441,0.0111,LOW,,
H03442,0.1063,LOW,,
H03443,0.0973,LOW,,
H03444,0.1007,LOW,,
H03445,0.5943,MEDIUM,,
H03446,0.8333,HIGH,,
H03447,0.0343,LOW,,
H03448,0.0422,LOW,,
H03449,0.0331,LOW,,
H03450,0.0552,LOW,,
H03451,0.8259,HIGH,,
H03452,0.2354,LOW,,
H03453,0.8976,HIGH,,
H03454,0.8263,HIGH,,
H03455,0.181,LOW,,
H03456,0.2659,LOW,,
H03457,0.1477,LOW,,
H03458,0.292,LOW,,
H03459,0.0084,LOW,,
H03460,0.0602,LOW,,
H03461,0.0179,LOW,,
H03462,0.0519,LOW,,
H03463,0.0609,LOW,,
H03464,0.4997,MEDIUM,,
H03465,0.0671,LOW,,
H03466,0.1465,LOW,,
H03467,0.1004,LOW,,
H03468,0.0521,LOW,,
H03469,0.0538,LOW,,
H03470,0.0635,LOW,,
H03471,0.2692,LOW,,
H03472,0.095,LOW,,
H03473,0.2341,LOW,,
H03474,0.0321,LOW,,
H03475,0.4803,MEDIUM,,
H03476,0.0197,LOW,,
H03477,0.2147,LOW,,
H03478,0.0224,LOW,,
H03479,0.0369,LOW,,
H03480,0.011,LOW,,
H03481,0.6662,MEDIUM,,
H03482,0.0826,LOW,,
H03483,0.0154,LOW,,
H03484,0.0469,LOW,,
H03485,0.0374,LOW,,
H03486,0.0903,LOW,,
H03487,0.1372,LOW,,
H03488,0.0284,LOW,,
H03489,0.0841,LOW,,
H03490,0.0238,LOW,,
H03491,0.0504,LOW,,
H03492,0.0457,LOW,,
H03493,0.41,MEDIUM,,
H03494,0.089,LOW,,
H03495,0.1061,LOW,,
H03496,0.0629,LOW,,
H03497,0.0134,LOW,,
H03498,0.3193,LOW,,
H03499,0.1069,LOW,,
H03500,0.7598,HIGH,,
H03501,0.0551,LOW,,
H03502,0.0349,LOW,,
H03503,0.089,LOW,,
H03504,0.0975,LOW,,
H03505,0.0686,LOW,,
H03506,0.8035,HIGH,,
H03507,0.4404,MEDIUM,,
H03508,0.5618,MEDIUM,,
H03509,0.3266,LOW,,
H03510,0.027,LOW,,
H03511,0.0247,LOW,,
H03512,0.0284,LOW,,
H03513,0.4879,MEDIUM,,
H03514,0.6828,MEDIUM,,
H03515,0.0943,LOW,,
H03516,0.1176,LOW,,
H03517,0.473,MEDIUM,,
H03518,0.074,LOW,,
H03519,0.0655,LOW,,
H03520,0.1956,LOW,,
H03521,0.2734,LOW,,
H03522,0.0393,LOW,,
H03523,0.0296,LOW,,
H03524,0.2403,LOW,,
H03525,0.0231,LOW,,
H03526,0.0817,LOW,,
H03527,0.5955,MEDIUM,,
H03528,0.834,HIGH,,
H03529,0.0423,LOW,,
H03530,0.0265,LOW,,
H03531,0.5931,MEDIUM,,
H03532,0.2322,LOW,,
H03533,0.0787,LOW,,
H03534,0.2883,LOW,,
H03535,0.028,LOW,,
H03536,0.0273,LOW,,
H03537,0.1584,LOW,,
H03538,0.2083,LOW,,
H03539,0.0191,LOW,,
H03540,0.0526,LOW,,
H03541,0.1063,LOW,,
H03542,0.0469,LOW,,
H03543,0.4148,MEDIUM,,
H03544,0.8486,HIGH,,
H03545,0.3541,LOW,,
H03546,0.029,LOW,,
H03547,0.1387,LOW,,
H03548,0.6612,MEDIUM,,
H03549,0.361,LOW,,
H03550,0.0117,LOW,,
H03551,0.6081,MEDIUM,,
H03552,0.0375,LOW,,
H03553,0.2362,LOW,,
H03554,0.148,LOW,,
H03555,0.0334,LOW,,
H03556,0.0275,LOW,,
H03557,0.0189,LOW,,
H03558,0.2946,LOW,,
H03559,0.8666,HIGH,,
H03560,0.4242,MEDIUM,,
H03561,0.0444,LOW,,
H03562,0.6608,MEDIUM,,
H03563,0.0884,LOW,,
H03564,0.8211,HIGH,,
H03565,0.063,LOW,,
H03566,0.0557,LOW,,
H03567,0.0544,LOW,,
H03568,0.1042,LOW,,
H03569,0.6956,MEDIUM,,
H03570,0.7907,HIGH,,
H03571,0.0319,LOW,,
H03572,0.1309,LOW,,
H03573,0.0937,LOW,,
H03574,0.0331,LOW,,
H03575,0.0365,LOW,,
H03576,0.0225,LOW,,
H03577,0.111,LOW,,
H03578,0.1041,LOW,,
H03579,0.086,LOW,,
H03580,0.2337,LOW,,
H03581,0.0085,LOW,,
H03582,0.0463,LOW,,
H03583,0.0824,LOW,,
H03584,0.7388,HIGH,,
H03585,0.1133,LOW,,
H03586,0.1109,LOW,,
H03587,0.4355,MEDIUM,,
H03588,0.0584,LOW,,
H03589,0.017,LOW,,
H03590,0.3586,LOW,,
H03591,0.0915,LOW,,
H03592,0.0861,LOW,,
H03593,0.6821,MEDIUM,,
H03594,0.0343,LOW,,
H03595,0.0629,LOW,,
H03596,0.0167,LOW,,
H03597,0.0234,LOW,,
H03598,0.8104,HIGH,,
H03599,0.6009,MEDIUM,,
H03600,0.152,LOW,,
H03601,0.4612,MEDIUM,,
H03602,0.0611,LOW,,
H03603,0.0527,LOW,,
H03604,0.0896,LOW,,
H03605,0.0776,LOW,,
H03606,0.0175,LOW,,
H03607,0.8278,HIGH,,
H03608,0.0208,LOW,,
H03609,0.0907,LOW,,
H03610,0.0141,LOW,,
H03611,0.0492,LOW,,
H03612,0.0372,LOW,,
H03613,0.0492,LOW,,
H03614,0.1493,LOW,,
H03615,0.0235,LOW,,
H03616,0.089,LOW,,
H03617,0.033,LOW,,
H03618,0.0534,LOW,,
H03619,0.3276,LOW,,
H03620,0.0819,LOW,,
H03621,0.0176,LOW,,
H03622,0.0802,LOW,,
H03623,0.0437,LOW,,
H03624,0.0738,LOW,,
H03625,0.0543,LOW,,
H03626,0.0324,LOW,,
H03627,0.0215,LOW,,
H03628,0.049,LOW,,
H03629,0.4276,MEDIUM,,
H03630,0.0466,LOW,,
H03631,0.0413,LOW,,
H03632,0.0934,LOW,,
H03633,0.1295,LOW,,
H03634,0.0788,LOW,,
H03635,0.0656,LOW,,
H03636,0.227,LOW,,
H03637,0.2268,LOW,,
H03638,0.0296,LOW,,
H03639,0.0396,LOW,,
H03640,0.0099,LOW,,
H03641,0.0868,LOW,,
H03642,0.0163,LOW,,
H03643,0.1916,LOW,,
H03644,0.0358,LOW,,
H03645,0.1041,LOW,,
H03646,0.4497,MEDIUM,,
H03647,0.038,LOW,,
H03648,0.0568,LOW,,
H03649,0.1963,LOW,,
H03650,0.7162,HIGH,,
H03651,0.2787,LOW,,
H03652,0.0292,LOW,,
H03653,0.0861,LOW,,
H03654,0.1314,LOW,,
H03655,0.0131,LOW,,
H03656,0.5141,MEDIUM,,
H03657,0.0279,LOW,,
H03658,0.0129,LOW,,
H03659,0.0439,LOW,,
H03660,0.118,LOW,,
H03661,0.0268,LOW,,
H03662,0.6131,MEDIUM,,
H03663,0.0253,LOW,,
H03664,0.0228,LOW,,
H03665,0.054,LOW,,
H03666,0.3022,LOW,,
H03667,0.0255,LOW,,
H03668,0.0367,LOW,,
H03669,0.0284,LOW,,
H03670,0.0752,LOW,,
H03671,0.0373,LOW,,
H03672,0.6749,MEDIUM,,
H03673,0.094,LOW,,
H03674,0.051,LOW,,
H03675,0.8939,HIGH,,
H03676,0.0484,LOW,,
H03677,0.0766,LOW,,
H03678,0.1496,LOW,,
H03679,0.4829,MEDIUM,,
H03680,0.7894,HIGH,,
H03681,0.0804,LOW,,
H03682,0.4732,MEDIUM,,
H03683,0.4106,MEDIUM,,
H03684,0.9193,HIGH,,
H03685,0.0665,LOW,,
H03686,0.1788,LOW,,
H03687,0.5737,MEDIUM,,
H03688,0.015,LOW,,
H03689,0.1466,LOW,,
H03690,0.2932,LOW,,
H03691,0.2463,LOW,,
H03692,0.4146,MEDIUM,,
H03693,0.0459,LOW,,
H03694,0.0314,LOW,,
H03695,0.02,LOW,,
H03696,0.2667,LOW,,
H03697,0.0713,LOW,,
H03698,0.2458,LOW,,
H03699,0.2552,LOW,,
H03700,0.8976,HIGH,,
H03701,0.013,LOW,,
H03702,0.1305,LOW,,
H03703,0.0306,LOW,,
H03704,0.087,LOW,,
H03705,0.386,LOW,,
H03706,0.1328,LOW,,
H03707,0.1789,LOW,,
H03708,0.0567,LOW,,
H03709,0.0834,LOW,,
H03710,0.1253,LOW,,
H03711,0.8588,HIGH,,
H03712,0.1193,LOW,,
H03713,0.0346,LOW,,
H03714,0.0672,LOW,,
H03715,0.642,MEDIUM,,
H03716,0.1848,LOW,,
H03717,0.1475,LOW,,
H03718,0.0328,LOW,,
H03719,0.0387,LOW,,
H03720,0.0188,LOW,,
H03721,0.5597,MEDIUM,,
H03722,0.1148,LOW,,
H03723,0.0549,LOW,,
H03724,0.6341,MEDIUM,,
H03725,0.1498,LOW,,
H03726,0.4453,MEDIUM,,
H03727,0.1141,LOW,,
H03728,0.0317,LOW,,
H03729,0.2597,LOW,,
H03730,0.1787,LOW,,
H03731,0.0552,LOW,,
H03732,0.7916,HIGH,,
H03733,0.5351,MEDIUM,,
H03734,0.0222,LOW,,
H03735,0.2135,LOW,,
H03736,0.5426,MEDIUM,,
H03737,0.8126,HIGH,,
H03738,0.062,LOW,,
H03739,0.5447,MEDIUM,,
H03740,0.8455,HIGH,,
H03741,0.1225,LOW,,
H03742,0.0759,LOW,,
H03743,0.0906,LOW,,
H03744,0.2372,LOW,,
H03745,0.8928,HIGH,,
H03746,0.0556,LOW,,
H03747,0.1392,LOW,,
H03748,0.0214,LOW,,
H03749,0.0879,LOW,,
H03750,0.668,MEDIUM,,
H03751,0.5919,MEDIUM,,
H03752,0.2613,LOW,,
H03753,0.0681,LOW,,
H03754,0.0141,LOW,,
H03755,0.0847,LOW,,
H03756,0.2335,LOW,,
H03757,0.0579,LOW,,
H03758,0.0612,LOW,,
H03759,0.0292,LOW,,
H03760,0.1129,LOW,,
H03761,0.0092,LOW,,
H03762,0.6867,MEDIUM,,
H03763,0.1033,LOW,,
H03764,0.0756,LOW,,
H03765,0.4041,MEDIUM,,
H03766,0.9472,HIGH,,
H03767,0.0197,LOW,,
H03768,0.0727,LOW,,
H03769,0.8371,HIGH,,
H03770,0.1576,LOW,,
H03771,0.501,MEDIUM,,
H03772,0.0768,LOW,,
H03773,0.242,LOW,,
H03774,0.0776,LOW,,
H03775,0.0408,LOW,,
H03776,0.0635,LOW,,
H03777,0.6017,MEDIUM,,
H03778,0.1064,LOW,,
H03779,0.3175,LOW,,
H03780,0.5629,MEDIUM,,
H03781,0.0194,LOW,,
H03782,0.2077,LOW,,
H03783,0.0301,LOW,,
H03784,0.0701,LOW,,
H03785,0.4879,MEDIUM,,
H03786,0.0622,LOW,,
H03787,0.0662,LOW,,
H03788,0.0323,LOW,,
H03789,0.0971,LOW,,
H03790,0.0411,LOW,,
H03791,0.0412,LOW,,
H03792,0.0309,LOW,,
H03793,0.5735,MEDIUM,,
H03794,0.096,LOW,,
H03795,0.1008,LOW,,
H03796,0.6864,MEDIUM,,
H03797,0.1186,LOW,,
H03798,0.0294,LOW,,
H03799,0.0161,LOW,,
H03800,0.0383,LOW,,
H03801,0.0145,LOW,,
H03802,0.0873,LOW,,
H03803,0.1387,LOW,,
H03804,0.8844,HIGH,,
H03805,0.8277,HIGH,,
H03806,0.0585,LOW,,
H03807,0.011,LOW,,
H03808,0.0938,LOW,,
H03809,0.0445,LOW,,
H03810,0.8768,HIGH,,
H03811,0.0354,LOW,,
H03812,0.2191,LOW,,
H03813,0.0521,LOW,,
H03814,0.2855,LOW,,
H03815,0.1128,LOW,,
H03816,0.0094,LOW,,
H03817,0.0765,LOW,,
H03818,0.0706,LOW,,
H03819,0.0639,LOW,,
H03820,0.0669,LOW,,
H03821,0.1249,LOW,,
H03822,0.0364,LOW,,
H03823,0.1695,LOW,,
H03824,0.0367,LOW,,
H03825,0.026,LOW,,
H03826,0.4372,MEDIUM,,
H03827,0.0936,LOW,,
H03828,0.1619,LOW,,
H03829,0.0616,LOW,,
H03830,0.0339,LOW,,
H03831,0.0507,LOW,,
H03832,0.6897,MEDIUM,,
H03833,0.6069,MEDIUM,,
H03834,0.0385,LOW,,
H03835,0.1704,LOW,,
H03836,0.036,LOW,,
H03837,0.0347,LOW,,
H03838,0.0557,LOW,,
H03839,0.0881,LOW,,
H03840,0.0403,LOW,,
H03841,0.1336,LOW,,
H03842,0.0473,LOW,,
H03843,0.5856,MEDIUM,,
H03844,0.3575,LOW,,
H03845,0.1525,LOW,,
H03846,0.1112,LOW,,
H03847,0.0271,LOW,,
H03848,0.0859,LOW,,
H03849,0.0252,LOW,,
H03850,0.1962,LOW,,
H03851,0.516,MEDIUM,,
H03852,0.2837,LOW,,
H03853,0.0435,LOW,,
H03854,0.0564,LOW,,
H03855,0.0157,LOW,,
H03856,0.0761,LOW,,
H03857,0.0555,LOW,,
H03858,0.332,LOW,,
H03859,0.0531,LOW,,
H03860,0.024,LOW,,
H03861,0.097,LOW,,
H03862,0.1205,LOW,,
H03863,0.2353,LOW,,
H03864,0.0289,LOW,,
H03865,0.0184,LOW,,
H03866,0.0398,LOW,,
H03867,0.2317,LOW,,
H03868,0.0201,LOW,,
H03869,0.099,LOW,,
H03870,0.0914,LOW,,
H03871,0.0511,LOW,,
H03872,0.4581,MEDIUM,,
H03873,0.2105,LOW,,
H03874,0.3916,LOW,,
H03875,0.0414,LOW,,
H03876,0.0564,LOW,,
H03877,0.0908,LOW,,
H03878,0.6903,MEDIUM,,
H03879,0.0366,LOW,,
H03880,0.3912,LOW,,
H03881,0.034,LOW,,
H03882,0.0421,LOW,,
H03883,0.2747,LOW,,
H03884,0.0159,LOW,,
H03885,0.0215,LOW,,
H03886,0.1801,LOW,,
H03887,0.1072,LOW,,
H03888,0.1449,LOW,,
H03889,0.0523,LOW,,
H03890,0.0275,LOW,,
H03891,0.0513,LOW,,
H03892,0.0461,LOW,,
H03893,0.0378,LOW,,
H03894,0.0563,LOW,,
H03895,0.0801,LOW,,
H03896,0.1249,LOW,,
H03897,0.1545,LOW,,
H03898,0.1123,LOW,,
H03899,0.8426,HIGH,,
H03900,0.0421,LOW,,
H03901,0.1948,LOW,,
H03902,0.0534,LOW,,
H03903,0.1075,LOW,,
H03904,0.0289,LOW,,
H03905,0.0301,LOW,,
H03906,0.0172,LOW,,
H03907,0.0683,LOW,,
H03908,0.0259,LOW,,
H03909,0.4752,MEDIUM,,
H03910,0.0503,LOW,,
H03911,0.7794,HIGH,,
H03912,0.0137,LOW,,
H03913,0.1712,LOW,,
H03914,0.0543,LOW,,
H03915,0.076,LOW,,
H03916,0.0979,LOW,,
H03917,0.186,LOW,,
H03918,0.6659,MEDIUM,,
H03919,0.0301,LOW,,
H03920,0.0588,LOW,,
H03921,0.0178,LOW,,
H03922,0.3424,LOW,,
H03923,0.1819,LOW,,
H03924,0.0218,LOW,,
H03925,0.1219,LOW,,
H03926,0.2855,LOW,,
H03927,0.2364,LOW,,
H03928,0.2322,LOW,,
H03929,0.376,LOW,,
H03930,0.2022,LOW,,
H03931,0.0507,LOW,,
H03932,0.2451,LOW,,
H03933,0.0706,LOW,,
H03934,0.0266,LOW,,
H03935,0.3047,LOW,,
H03936,0.021,LOW,,
H03937,0.109,LOW,,
H03938,0.7435,HIGH,,
H03939,0.1785,LOW,,
H03940,0.0651,LOW,,
H03941,0.0176,LOW,,
H03942,0.33,LOW,,
H03943,0.3375,LOW,,
H03944,0.7982,HIGH,,
H03945,0.2241,LOW,,
H03946,0.0392,LOW,,
H03947,0.0424,LOW,,
H03948,0.0772,LOW,,
H03949,0.1729,LOW,,
H03950,0.2196,LOW,,
H03951,0.0487,LOW,,
H03952,0.1108,LOW,,
H03953,0.2873,LOW,,
H03954,0.1272,LOW,,
H03955,0.3165,LOW,,
H03956,0.1206,LOW,,
H03957,0.0592,LOW,,
H03958,0.0374,LOW,,
H03959,0.3355,LOW,,
H03960,0.0744,LOW,,
H03961,0.0493,LOW,,
H03962,0.0118,LOW,,
H03963,0.2176,LOW,,
H03964,0.0261,LOW,,
H03965,0.0194,LOW,,
H03966,0.2048,LOW,,
H03967,0.0346,LOW,,
H03968,0.3066,LOW,,
H03969,0.2113,LOW,,
H03970,0.0434,LOW,,
H03971,0.0291,LOW,,
H03972,0.5039,MEDIUM,,
H03973,0.0612,LOW,,
H03974,0.2731,LOW,,
H03975,0.0288,LOW,,
H03976,0.1317,LOW,,
H03977,0.7681,HIGH,,
H03978,0.1311,LOW,,
H03979,0.0823,LOW,,
H03980,0.1301,LOW,,
H03981,0.0243,LOW,,
H03982,0.272,LOW,,
H03983,0.0859,LOW,,
H03984,0.0462,LOW,,
H03985,0.0224,LOW,,
H03986,0.058,LOW,,
H03987,0.4316,MEDIUM,,
H03988,0.1263,LOW,,
H03989,0.07,LOW,,
H03990,0.0784,LOW,,
H03991,0.0405,LOW,,
H03992,0.1494,LOW,,
H03993,0.4096,MEDIUM,,
H03994,0.1563,LOW,,
H03995,0.5238,MEDIUM,,
H03996,0.0176,LOW,,
H03997,0.2624,LOW,,
H03998,0.222,LOW,,
H03999,0.0375,LOW,,
H04000,0.0932,LOW,,
H04001,0.1051,LOW,,
H04002,0.3252,LOW,,
H04003,0.0851,LOW,,
H04004,0.2317,LOW,,
H04005,0.8841,HIGH,,
H04006,0.1178,LOW,,
H04007,0.0728,LOW,,
H04008,0.0229,LOW,,
H04009,0.0554,LOW,,
H04010,0.0231,LOW,,
H04011,0.0599,LOW,,
H04012,0.0995,LOW,,
H04013,0.0266,LOW,,
H04014,0.0316,LOW,,
H04015,0.6415,MEDIUM,,
H04016,0.1965,LOW,,
H04017,0.9149,HIGH,,
H04018,0.6661,MEDIUM,,
H04019,0.0621,LOW,,
H04020,0.032,LOW,,
H04021,0.0286,LOW,,
H04022,0.467,MEDIUM,,
H04023,0.1212,LOW,,
H04024,0.0307,LOW,,
H04025,0.0207,LOW,,
H04026,0.0386,LOW,,
H04027,0.3879,LOW,,
H04028,0.273,LOW,,
H04029,0.1738,LOW,,
H04030,0.0622,LOW,,
H04031,0.5133,MEDIUM,,
H04032,0.185,LOW,,
H04033,0.0387,LOW,,
H04034,0.2602,LOW,,
H04035,0.5417,MEDIUM,,
H04036,0.0184,LOW,,
H04037,0.0213,LOW,,
H04038,0.0657,LOW,,
H04039,0.0317,LOW,,
H04040,0.0377,LOW,,
H04041,0.0419,LOW,,
H04042,0.1111,LOW,,
H04043,0.0525,LOW,,
H04044,0.1999,LOW,,
H04045,0.2219,LOW,,
H04046,0.0235,LOW,,
H04047,0.5006,MEDIUM,,
H04048,0.0897,LOW,,
H04049,0.086,LOW,,
H04050,0.7932,HIGH,,
H04051,0.1515,LOW,,
H04052,0.0079,LOW,,
H04053,0.0548,LOW,,
H04054,0.3128,LOW,,
H04055,0.0503,LOW,,
H04056,0.3547,LOW,,
H04057,0.1026,LOW,,
H04058,0.791,HIGH,,
H04059,0.3158,LOW,,
H04060,0.1006,LOW,,
H04061,0.1067,LOW,,
H04062,0.2138,LOW,,
H04063,0.022,LOW,,
H04064,0.0623,LOW,,
H04065,0.069,LOW,,
H04066,0.1172,LOW,,
H04067,0.4797,MEDIUM,,
H04068,0.0194,LOW,,
H04069,0.0914,LOW,,
H04070,0.4805,MEDIUM,,
H04071,0.0172,LOW,,
H04072,0.0723,LOW,,
H04073,0.0226,LOW,,
H04074,0.1652,LOW,,
H04075,0.3653,LOW,,
H04076,0.086,LOW,,
H04077,0.0276,LOW,,
H04078,0.0605,LOW,,
H04079,0.0544,LOW,,
H04080,0.0882,LOW,,
H04081,0.0073,LOW,,
H04082,0.344,LOW,,
H04083,0.0499,LOW,,
H04084,0.3727,LOW,,
H04085,0.0244,LOW,,
H04086,0.1223,LOW,,
H04087,0.0259,LOW,,
H04088,0.0202,LOW,,
H04089,0.0474,LOW,,
H04090,0.0659,LOW,,
H04091,0.1615,LOW,,
H04092,0.1115,LOW,,
H04093,0.0969,LOW,,
H04094,0.2601,LOW,,
H04095,0.5889,MEDIUM,,
H04096,0.1145,LOW,,
H04097,0.4029,MEDIUM,,
H04098,0.1024,LOW,,
H04099,0.0439,LOW,,
H04100,0.018,LOW,,
H04101,0.7779,HIGH,,
H04102,0.3733,LOW,,
H04103,0.1856,LOW,,
H04104,0.0596,LOW,,
H04105,0.1249,LOW,,
H04106,0.0853,LOW,,
H04107,0.0245,LOW,,
H04108,0.0243,LOW,,
H04109,0.8195,HIGH,,
H04110,0.1255,LOW,,
H04111,0.0386,LOW,,
H04112,0.8144,HIGH,,
H04113,0.0551,LOW,,
H04114,0.039,LOW,,
H04115,0.0286,LOW,,
H04116,0.5044,MEDIUM,,
H04117,0.1142,LOW,,
H04118,0.0656,LOW,,
H04119,0.9645,HIGH,,
H04120,0.5472,MEDIUM,,
H04121,0.0309,LOW,,
H04122,0.5281,MEDIUM,,
H04123,0.6767,MEDIUM,,
H04124,0.0227,LOW,,
H04125,0.049,LOW,,
H04126,0.1368,LOW,,
H04127,0.2422,LOW,,
H04128,0.6777,MEDIUM,,
H04129,0.0342,LOW,,
H04130,0.6455,MEDIUM,,
H04131,0.5818,MEDIUM,,
H04132,0.0856,LOW,,
H04133,0.0816,LOW,,
H04134,0.0599,LOW,,
H04135,0.1157,LOW,,
H04136,0.1487,LOW,,
H04137,0.6222,MEDIUM,,
H04138,0.0673,LOW,,
H04139,0.011,LOW,,
H04140,0.0244,LOW,,
H04141,0.068,LOW,,
H04142,0.1343,LOW,,
H04143,0.026,LOW,,
H04144,0.311,LOW,,
H04145,0.0942,LOW,,
H04146,0.292,LOW,,
H04147,0.5771,MEDIUM,,
H04148,0.1364,LOW,,
H04149,0.0734,LOW,,
H04150,0.1032,LOW,,
H04151,0.0338,LOW,,
H04152,0.0269,LOW,,
H04153,0.328,LOW,,
H04154,0.0597,LOW,,
H04155,0.2344,LOW,,
H04156,0.1763,LOW,,
H04157,0.1799,LOW,,
H04158,0.4369,MEDIUM,,
H04159,0.027,LOW,,
H04160,0.759,HIGH,,
H04161,0.9086,HIGH,,
H04162,0.0221,LOW,,
H04163,0.8326,HIGH,,
H04164,0.0518,LOW,,
H04165,0.0286,LOW,,
H04166,0.0135,LOW,,
H04167,0.019,LOW,,
H04168,0.0659,LOW,,
H04169,0.1211,LOW,,
H04170,0.0362,LOW,,
H04171,0.0115,LOW,,
H04172,0.0306,LOW,,
H04173,0.0627,LOW,,
H04174,0.0502,LOW,,
H04175,0.0572,LOW,,
H04176,0.0622,LOW,,
H04177,0.0338,LOW,,
H04178,0.0242,LOW,,
H04179,0.0256,LOW,,
H04180,0.9064,HIGH,,
H04181,0.0804,LOW,,
H04182,0.119,LOW,,
H04183,0.1472,LOW,,
H04184,0.0354,LOW,,
H04185,0.4462,MEDIUM,,
H04186,0.0453,LOW,,
H04187,0.1678,LOW,,
H04188,0.1313,LOW,,
H04189,0.0317,LOW,,
H04190,0.1896,LOW,,
H04191,0.9289,HIGH,,
H04192,0.0278,LOW,,
H04193,0.2135,LOW,,
H04194,0.028,LOW,,
H04195,0.7072,HIGH,,
H04196,0.0308,LOW,,
H04197,0.1321,LOW,,
H04198,0.033,LOW,,
H04199,0.1393,LOW,,
H04200,0.0395,LOW,,
H04201,0.0669,LOW,,
H04202,0.354,LOW,,
H04203,0.0193,LOW,,
H04204,0.1291,LOW,,
H04205,0.1454,LOW,,
H04206,0.0384,LOW,,
H04207,0.0161,LOW,,
H04208,0.0382,LOW,,
H04209,0.4256,MEDIUM,,
H04210,0.087,LOW,,
H04211,0.2234,LOW,,
H04212,0.0264,LOW,,
H04213,0.0296,LOW,,
H04214,0.1782,LOW,,
H04215,0.0892,LOW,,
H04216,0.1067,LOW,,
H04217,0.5379,MEDIUM,,
H04218,0.0822,LOW,,
H04219,0.0267,LOW,,
H04220,0.0666,LOW,,
H04221,0.0851,LOW,,
H04222,0.1246,LOW,,
H04223,0.5726,MEDIUM,,
H04224,0.0247,LOW,,
H04225,0.0753,LOW,,
H04226,0.8488,HIGH,,
H04227,0.065,LOW,,
H04228,0.0678,LOW,,
H04229,0.0199,LOW,,
H04230,0.0668,LOW,,
H04231,0.1334,LOW,,
H04232,0.0826,LOW,,
H04233,0.6454,MEDIUM,,
H04234,0.1903,LOW,,
H04235,0.777,HIGH,,
H04236,0.0327,LOW,,
H04237,0.0297,LOW,,
H04238,0.0288,LOW,,
H04239,0.4609,MEDIUM,,
H04240,0.0806,LOW,,
H04241,0.0749,LOW,,
H04242,0.0141,LOW,,
H04243,0.1446,LOW,,
H04244,0.115,LOW,,
H04245,0.1173,LOW,,
H04246,0.176,LOW,,
H04247,0.1597,LOW,,
H04248,0.0453,LOW,,
H04249,0.1146,LOW,,
H04250,0.0595,LOW,,
H04251,0.1775,LOW,,
H04252,0.0431,LOW,,
H04253,0.0991,LOW,,
H04254,0.043,LOW,,
H04255,0.0219,LOW,,
H04256,0.7006,HIGH,,
H04257,0.4565,MEDIUM,,
H04258,0.0896,LOW,,
H04259,0.0599,LOW,,
H04260,0.0852,LOW,,
H04261,0.0401,LOW,,
H04262,0.1804,LOW,,
H04263,0.0666,LOW,,
H04264,0.0284,LOW,,
H04265,0.0304,LOW,,
H04266,0.6122,MEDIUM,,
H04267,0.1969,LOW,,
H04268,0.0532,LOW,,
H04269,0.6011,MEDIUM,,
H04270,0.0128,LOW,,
H04271,0.0767,LOW,,
H04272,0.7522,HIGH,,
H04273,0.1117,LOW,,
H04274,0.0471,LOW,,
H04275,0.6709,MEDIUM,,
H04276,0.0197,LOW,,
H04277,0.7136,HIGH,,
H04278,0.8555,HIGH,,
H04279,0.8102,HIGH,,
H04280,0.0533,LOW,,
H04281,0.456,MEDIUM,,
H04282,0.0523,LOW,,
H04283,0.1216,LOW,,
H04284,0.0424,LOW,,
H04285,0.0431,LOW,,
H04286,0.5768,MEDIUM,,
H04287,0.0387,LOW,,
H04288,0.0824,LOW,,
H04289,0.2819,LOW,,
H04290,0.2733,LOW,,
H04291,0.0662,LOW,,
H04292,0.0605,LOW,,
H04293,0.1154,LOW,,
H04294,0.2942,LOW,,
H04295,0.1444,LOW,,
H04296,0.6949,MEDIUM,,
H04297,0.5943,MEDIUM,,
H04298,0.0297,LOW,,
H04299,0.2472,LOW,,
H04300,0.1519,LOW,,
H04301,0.0245,LOW,,
H04302,0.56,MEDIUM,,
H04303,0.0767,LOW,,
H04304,0.0433,LOW,,
H04305,0.0688,LOW,,
H04306,0.0192,LOW,,
H04307,0.1743,LOW,,
H04308,0.443,MEDIUM,,
H04309,0.4219,MEDIUM,,
H04310,0.0456,LOW,,
H04311,0.4651,MEDIUM,,
H04312,0.0165,LOW,,
H04313,0.0945,LOW,,
H04314,0.4953,MEDIUM,,
H04315,0.0188,LOW,,
H04316,0.3032,LOW,,
H04317,0.1143,LOW,,
H04318,0.3088,LOW,,
H04319,0.2954,LOW,,
H04320,0.1102,LOW,,
H04321,0.2042,LOW,,
H04322,0.0445,LOW,,
H04323,0.0377,LOW,,
H04324,0.0381,LOW,,
H04325,0.1923,LOW,,
H04326,0.135,LOW,,
H04327,0.3383,LOW,,
H04328,0.4432,MEDIUM,,
H04329,0.0429,LOW,,
H04330,0.4287,MEDIUM,,
H04331,0.187,LOW,,
H04332,0.008,LOW,,
H04333,0.7913,HIGH,,
H04334,0.0513,LOW,,
H04335,0.0143,LOW,,
H04336,0.8671,HIGH,,
H04337,0.5067,MEDIUM,,
H04338,0.7824,HIGH,,
H04339,0.0542,LOW,,
H04340,0.0717,LOW,,
H04341,0.412,MEDIUM,,
H04342,0.8235,HIGH,,
H04343,0.0433,LOW,,
H04344,0.119,LOW,,
H04345,0.0747,LOW,,
H04346,0.8821,HIGH,,
H04347,0.7554,HIGH,,
H04348,0.0082,LOW,,
H04349,0.4923,MEDIUM,,
H04350,0.0842,LOW,,
H04351,0.0477,LOW,,
H04352,0.4525,MEDIUM,,
H04353,0.0696,LOW,,
H04354,0.1035,LOW,,
H04355,0.0629,LOW,,
H04356,0.3703,LOW,,
H04357,0.0754,LOW,,
H04358,0.6056,MEDIUM,,
H04359,0.1979,LOW,,
H04360,0.7114,HIGH,,
H04361,0.0274,LOW,,
H04362,0.047,LOW,,
H04363,0.23,LOW,,
H04364,0.0705,LOW,,
H04365,0.0179,LOW,,
H04366,0.1358,LOW,,
H04367,0.0347,LOW,,
H04368,0.0458,LOW,,
H04369,0.1983,LOW,,
H04370,0.0249,LOW,,
H04371,0.186,LOW,,
H04372,0.9201,HIGH,,
H04373,0.1076,LOW,,
H04374,0.7466,HIGH,,
H04375,0.0294,LOW,,
H04376,0.4342,MEDIUM,,
H04377,0.1745,LOW,,
H04378,0.0521,LOW,,
H04379,0.0399,LOW,,
H04380,0.0337,LOW,,
H04381,0.1319,LOW,,
H04382,0.2238,LOW,,
H04383,0.0564,LOW,,
H04384,0.0182,LOW,,
H04385,0.0268,LOW,,
H04386,0.0227,LOW,,
H04387,0.0445,LOW,,
H04388,0.1579,LOW,,
H04389,0.1001,LOW,,
H04390,0.1087,LOW,,
H04391,0.1444,LOW,,
H04392,0.1428,LOW,,
H04393,0.2842,LOW,,
H04394,0.0288,LOW,,
H04395,0.0422,LOW,,
H04396,0.144,LOW,,
H04397,0.2299,LOW,,
H04398,0.1492,LOW,,
H04399,0.1752,LOW,,
H04400,0.03,LOW,,
H04401,0.0332,LOW,,
H04402,0.0456,LOW,,
H04403,0.0104,LOW,,
H04404,0.0983,LOW,,
H04405,0.1762,LOW,,
H04406,0.3059,LOW,,
H04407,0.4933,MEDIUM,,
H04408,0.0588,LOW,,
H04409,0.0511,LOW,,
H04410,0.3143,LOW,,
H04411,0.0401,LOW,,
H04412,0.1248,LOW,,
H04413,0.0611,LOW,,
H04414,0.0473,LOW,,
H04415,0.2198,LOW,,
H04416,0.0578,LOW,,
H04417,0.057,LOW,,
H04418,0.3299,LOW,,
H04419,0.0326,LOW,,
H04420,0.0076,LOW,,
H04421,0.051,LOW,,
H04422,0.4912,MEDIUM,,
H04423,0.6627,MEDIUM,,
H04424,0.8511,HIGH,,
H04425,0.1573,LOW,,
H04426,0.722,HIGH,,
H04427,0.0613,LOW,,
H04428,0.5286,MEDIUM,,
H04429,0.0605,LOW,,
H04430,0.3805,LOW,,
H04431,0.1447,LOW,,
H04432,0.0432,LOW,,
H04433,0.0402,LOW,,
H04434,0.0776,LOW,,
H04435,0.3475,LOW,,
H04436,0.0411,LOW,,
H04437,0.3485,LOW,,
H04438,0.4516,MEDIUM,,
H04439,0.6302,MEDIUM,,
H04440,0.033,LOW,,
H04441,0.011,LOW,,
H04442,0.742,HIGH,,
H04443,0.4061,MEDIUM,,
H04444,0.0319,LOW,,
H04445,0.1592,LOW,,
H04446,0.7303,HIGH,,
H04447,0.0342,LOW,,
H04448,0.0564,LOW,,
H04449,0.0628,LOW,,
H04450,0.1808,LOW,,
H04451,0.0365,LOW,,
H04452,0.1075,LOW,,
H04453,0.0242,LOW,,
H04454,0.1721,LOW,,
H04455,0.195,LOW,,
H04456,0.2529,LOW,,
H04457,0.0334,LOW,,
H04458,0.1415,LOW,,
H04459,0.1385,LOW,,
H04460,0.0544,LOW,,
H04461,0.1448,LOW,,
H04462,0.2123,LOW,,
H04463,0.1712,LOW,,
H04464,0.0094,LOW,,
H04465,0.0838,LOW,,
H04466,0.7323,HIGH,,
H04467,0.0738,LOW,,
H04468,0.0864,LOW,,
H04469,0.0731,LOW,,
H04470,0.0697,LOW,,
H04471,0.0144,LOW,,
H04472,0.1719,LOW,,
H04473,0.0357,LOW,,
H04474,0.044,LOW,,
H04475,0.1141,LOW,,
H04476,0.009,LOW,,
H04477,0.2903,LOW,,
H04478,0.022,LOW,,
H04479,0.0924,LOW,,
H04480,0.492,MEDIUM,,
H04481,0.4209,MEDIUM,,
H04482,0.4253,MEDIUM,,
H04483,0.6218,MEDIUM,,
H04484,0.0388,LOW,,
H04485,0.0687,LOW,,
H04486,0.6486,MEDIUM,,
H04487,0.0173,LOW,,
H04488,0.3265,LOW,,
H04489,0.0595,LOW,,
H04490,0.0111,LOW,,
H04491,0.5065,MEDIUM,,
H04492,0.5001,MEDIUM,,
H04493,0.6803,MEDIUM,,
H04494,0.2872,LOW,,
H04495,0.0718,LOW,,
H04496,0.0207,LOW,,
H04497,0.0544,LOW,,
H04498,0.0456,LOW,,
H04499,0.8935,HIGH,,
H04500,0.0227,LOW,,
H04501,0.3467,LOW,,
H04502,0.0241,LOW,,
H04503,0.0337,LOW,,
H04504,0.0422,LOW,,
H04505,0.0621,LOW,,
H04506,0.0466,LOW,,
H04507,0.0204,LOW,,
H04508,0.0548,LOW,,
H04509,0.0534,LOW,,
H04510,0.0482,LOW,,
H04511,0.0389,LOW,,
H04512,0.2652,LOW,,
H04513,0.1138,LOW,,
H04514,0.4302,MEDIUM,,
H04515,0.0238,LOW,,
H04516,0.0865,LOW,,
H04517,0.0355,LOW,,
H04518,0.0422,LOW,,
H04519,0.0497,LOW,,
H04520,0.0521,LOW,,
H04521,0.0253,LOW,,
H04522,0.1372,LOW,,
H04523,0.2083,LOW,,
H04524,0.3286,LOW,,
H04525,0.0379,LOW,,
H04526,0.145,LOW,,
H04527,0.124,LOW,,
H04528,0.2857,LOW,,
H04529,0.2858,LOW,,
H04530,0.0164,LOW,,
H04531,0.234,LOW,,
H04532,0.0965,LOW,,
H04533,0.8687,HIGH,,
H04534,0.8721,HIGH,,
H04535,0.0621,LOW,,
H04536,0.0404,LOW,,
H04537,0.0419,LOW,,
H04538,0.0885,LOW,,
H04539,0.031,LOW,,
H04540,0.7733,HIGH,,
H04541,0.0634,LOW,,
H04542,0.0664,LOW,,
H04543,0.0503,LOW,,
H04544,0.1052,LOW,,
H04545,0.0881,LOW,,
H04546,0.0173,LOW,,
H04547,0.0171,LOW,,
H04548,0.2463,LOW,,
H04549,0.0367,LOW,,
H04550,0.761,HIGH,,
H04551,0.1154,LOW,,
H04552,0.8481,HIGH,,
H04553,0.034,LOW,,
H04554,0.2128,LOW,,
H04555,0.058,LOW,,
H04556,0.0214,LOW,,
H04557,0.021,LOW,,
H04558,0.0369,LOW,,
H04559,0.4754,MEDIUM,,
H04560,0.0404,LOW,,
H04561,0.2165,LOW,,
H04562,0.0685,LOW,,
H04563,0.1576,LOW,,
H04564,0.0712,LOW,,
H04565,0.0178,LOW,,
H04566,0.2089,LOW,,
H04567,0.1752,LOW,,
H04568,0.2661,LOW,,
H04569,0.0863,LOW,,
H04570,0.4914,MEDIUM,,
H04571,0.0295,LOW,,
H04572,0.4145,MEDIUM,,
H04573,0.1037,LOW,,
H04574,0.28,LOW,,
H04575,0.4275,MEDIUM,,
H04576,0.0768,LOW,,
H04577,0.0098,LOW,,
H04578,0.0145,LOW,,
H04579,0.0375,LOW,,
H04580,0.0719,LOW,,
H04581,0.92,HIGH,,
H04582,0.1575,LOW,,
H04583,0.0486,LOW,,
H04584,0.6728,MEDIUM,,
H04585,0.1947,LOW,,
H04586,0.035,LOW,,
H04587,0.0399,LOW,,
H04588,0.0304,LOW,,
H04589,0.0515,LOW,,
H04590,0.0706,LOW,,
H04591,0.1752,LOW,,
H04592,0.1274,LOW,,
H04593,0.1065,LOW,,
H04594,0.4513,MEDIUM,,
H04595,0.0443,LOW,,
H04596,0.5675,MEDIUM,,
H04597,0.085,LOW,,
H04598,0.1951,LOW,,
H04599,0.0344,LOW,,
H04600,0.1206,LOW,,
H04601,0.0206,LOW,,
H04602,0.7686,HIGH,,
H04603,0.0528,LOW,,
H04604,0.2055,LOW,,
H04605,0.0483,LOW,,
H04606,0.0966,LOW,,
H04607,0.1833,LOW,,
H04608,0.0289,LOW,,
H04609,0.2917,LOW,,
H04610,0.3476,LOW,,
H04611,0.1846,LOW,,
H04612,0.0911,LOW,,
H04613,0.0205,LOW,,
H04614,0.2226,LOW,,
H04615,0.0809,LOW,,
H04616,0.05,LOW,,
H04617,0.9397,HIGH,,
H04618,0.2334,LOW,,
H04619,0.1343,LOW,,
H04620,0.1874,LOW,,
H04621,0.8344,HIGH,,
H04622,0.1184,LOW,,
H04623,0.0182,LOW,,
H04624,0.8431,HIGH,,
H04625,0.0737,LOW,,
H04626,0.136,LOW,,
H04627,0.1123,LOW,,
H04628,0.0253,LOW,,
H04629,0.6563,MEDIUM,,
H04630,0.1525,LOW,,
H04631,0.13,LOW,,
H04632,0.0599,LOW,,
H04633,0.0451,LOW,,
H04634,0.0468,LOW,,
H04635,0.2235,LOW,,
H04636,0.1719,LOW,,
H04637,0.8359,HIGH,,
H04638,0.096,LOW,,
H04639,0.0551,LOW,,
H04640,0.0525,LOW,,
H04641,0.2621,LOW,,
H04642,0.106,LOW,,
H04643,0.0214,LOW,,
H04644,0.0199,LOW,,
H04645,0.0405,LOW,,
H04646,0.518,MEDIUM,,
H04647,0.0635,LOW,,
H04648,0.0936,LOW,,
H04649,0.0967,LOW,,
H04650,0.0371,LOW,,
H04651,0.0638,LOW,,
H04652,0.175,LOW,,
H04653,0.5301,MEDIUM,,
H04654,0.058,LOW,,
H04655,0.0547,LOW,,
H04656,0.1013,LOW,,
H04657,0.0745,LOW,,
H04658,0.2687,LOW,,
H04659,0.0177,LOW,,
H04660,0.0293,LOW,,
H04661,0.4962,MEDIUM,,
H04662,0.4516,MEDIUM,,
H04663,0.0891,LOW,,
H04664,0.0555,LOW,,
H04665,0.0264,LOW,,
H04666,0.037,LOW,,
H04667,0.0393,LOW,,
H04668,0.0472,LOW,,
H04669,0.0938,LOW,,
H04670,0.6133,MEDIUM,,
H04671,0.0342,LOW,,
H04672,0.0211,LOW,,
H04673,0.0191,LOW,,
H04674,0.1281,LOW,,
H04675,0.092,LOW,,
H04676,0.0584,LOW,,
H04677,0.0379,LOW,,
H04678,0.095,LOW,,
H04679,0.5099,MEDIUM,,
H04680,0.1412,LOW,,
H04681,0.8412,HIGH,,
H04682,0.5187,MEDIUM,,
H04683,0.0118,LOW,,
H04684,0.1418,LOW,,
H04685,0.0419,LOW,,
H04686,0.1083,LOW,,
H04687,0.0099,LOW,,
H04688,0.0361,LOW,,
H04689,0.0455,LOW,,
H04690,0.8383,HIGH,,
H04691,0.3121,LOW,,
H04692,0.5955,MEDIUM,,
H04693,0.4659,MEDIUM,,
H04694,0.0515,LOW,,
H04695,0.4149,MEDIUM,,
H04696,0.045,LOW,,
H04697,0.0171,LOW,,
H04698,0.0969,LOW,,
H04699,0.7704,HIGH,,
H04700,0.2153,LOW,,
H04701,0.0171,LOW,,
H04702,0.0366,LOW,,
H04703,0.0258,LOW,,
H04704,0.1343,LOW,,
H04705,0.0767,LOW,,
H04706,0.1052,LOW,,
H04707,0.5964,MEDIUM,,
H04708,0.0298,LOW,,
H04709,0.0946,LOW,,
H04710,0.043,LOW,,
H04711,0.0733,LOW,,
H04712,0.0702,LOW,,
H04713,0.0237,LOW,,
H04714,0.0324,LOW,,
H04715,0.0266,LOW,,
H04716,0.0987,LOW,,
H04717,0.3061,LOW,,
H04718,0.0766,LOW,,
H04719,0.0301,LOW,,
H04720,0.1814,LOW,,
H04721,0.2129,LOW,,
H04722,0.747,HIGH,,
H04723,0.0089,LOW,,
H04724,0.1819,LOW,,
H04725,0.3468,LOW,,
H04726,0.2311,LOW,,
H04727,0.0445,LOW,,
H04728,0.0183,LOW,,
H04729,0.1299,LOW,,
H04730,0.5032,MEDIUM,,
H04731,0.2264,LOW,,
H04732,0.0979,LOW,,
H04733,0.1016,LOW,,
H04734,0.1503,LOW,,
H04735,0.2354,LOW,,
H04736,0.9043,HIGH,,
H04737,0.1854,LOW,,
H04738,0.1627,LOW,,
H04739,0.1745,LOW,,
H04740,0.0867,LOW,,
H04741,0.1063,LOW,,
H04742,0.0193,LOW,,
H04743,0.3216,LOW,,
H04744,0.0459,LOW,,
H04745,0.0379,LOW,,
H04746,0.0706,LOW,,
H04747,0.0429,LOW,,
H04748,0.1768,LOW,,
H04749,0.0249,LOW,,
H04750,0.0439,LOW,,
H04751,0.2118,LOW,,
H04752,0.1888,LOW,,
H04753,0.0376,LOW,,
H04754,0.1903,LOW,,
H04755,0.0548,LOW,,
H04756,0.2666,LOW,,
H04757,0.0654,LOW,,
H04758,0.3888,LOW,,
H04759,0.7482,HIGH,,
H04760,0.8358,HIGH,,
H04761,0.1572,LOW,,
H04762,0.0179,LOW,,
H04763,0.0689,LOW,,
H04764,0.3655,LOW,,
H04765,0.112,LOW,,
H04766,0.0389,LOW,,
H04767,0.1198,LOW,,
H04768,0.5129,MEDIUM,,
H04769,0.0182,LOW,,
H04770,0.0353,LOW,,
H04771,0.2111,LOW,,
H04772,0.0357,LOW,,
H04773,0.3833,LOW,,
H04774,0.4902,MEDIUM,,
H04775,0.0338,LOW,,
H04776,0.6985,MEDIUM,,
H04777,0.0755,LOW,,
H04778,0.3822,LOW,,
H04779,0.1298,LOW,,
H04780,0.0648,LOW,,
H04781,0.0374,LOW,,
H04782,0.4841,MEDIUM,,
H04783,0.0328,LOW,,
H04784,0.1309,LOW,,
H04785,0.0419,LOW,,
H04786,0.3396,LOW,,
H04787,0.5434,MEDIUM,,
H04788,0.1117,LOW,,
H04789,0.1031,LOW,,
H04790,0.0317,LOW,,
H04791,0.0375,LOW,,
H04792,0.9632,HIGH,,
H04793,0.0429,LOW,,
H04794,0.0418,LOW,,
H04795,0.0324,LOW,,
H04796,0.0767,LOW,,
H04797,0.0303,LOW,,
H04798,0.045,LOW,,
H04799,0.0683,LOW,,
H04800,0.0244,LOW,,
H04801,0.0576,LOW,,
H04802,0.3036,LOW,,
H04803,0.1068,LOW,,
H04804,0.6621,MEDIUM,,
H04805,0.1429,LOW,,
H04806,0.0137,LOW,,
H04807,0.3322,LOW,,
H04808,0.6927,MEDIUM,,
H04809,0.0596,LOW,,
H04810,0.4879,MEDIUM,,
H04811,0.2794,LOW,,
H04812,0.0165,LOW,,
H04813,0.6284,MEDIUM,,
H04814,0.4721,MEDIUM,,
H04815,0.119,LOW,,
H04816,0.0559,LOW,,
H04817,0.1878,LOW,,
H04818,0.0915,LOW,,
H04819,0.0269,LOW,,
H04820,0.0561,LOW,,
H04821,0.0513,LOW,,
H04822,0.0202,LOW,,
H04823,0.0559,LOW,,
H04824,0.2231,LOW,,
H04825,0.6003,MEDIUM,,
H04826,0.8233,HIGH,,
H04827,0.0619,LOW,,
H04828,0.0297,LOW,,
H04829,0.2468,LOW,,
H04830,0.2507,LOW,,
H04831,0.3035,LOW,,
H04832,0.0584,LOW,,
H04833,0.2072,LOW,,
H04834,0.1602,LOW,,
H04835,0.12,LOW,,
H04836,0.0316,LOW,,
H04837,0.0144,LOW,,
H04838,0.03,LOW,,
H04839,0.0197,LOW,,
H04840,0.4145,MEDIUM,,
H04841,0.0368,LOW,,
H04842,0.424,MEDIUM,,
H04843,0.1893,LOW,,
H04844,0.1195,LOW,,
H04845,0.1459,LOW,,
H04846,0.1142,LOW,,
H04847,0.1283,LOW,,
H04848,0.0643,LOW,,
H04849,0.2661,LOW,,
H04850,0.0695,LOW,,
H04851,0.0586,LOW,,
H04852,0.6661,MEDIUM,,
H04853,0.4096,MEDIUM,,
H04854,0.1448,LOW,,
H04855,0.009,LOW,,
H04856,0.058,LOW,,
H04857,0.0499,LOW,,
H04858,0.0446,LOW,,
H04859,0.7737,HIGH,,
H04860,0.835,HIGH,,
H04861,0.6163,MEDIUM,,
H04862,0.0345,LOW,,
H04863,0.0478,LOW,,
H04864,0.117,LOW,,
H04865,0.1168,LOW,,
H04866,0.3611,LOW,,
H04867,0.0167,LOW,,
H04868,0.0649,LOW,,
H04869,0.5559,MEDIUM,,
H04870,0.2732,LOW,,
H04871,0.1134,LOW,,
H04872,0.0424,LOW,,
H04873,0.7476,HIGH,,
H04874,0.077,LOW,,
H04875,0.0305,LOW,,
H04876,0.0985,LOW,,
H04877,0.0214,LOW,,
H04878,0.0556,LOW,,
H04879,0.0322,LOW,,
H04880,0.4648,MEDIUM,,
H04881,0.1869,LOW,,
H04882,0.1554,LOW,,
H04883,0.0588,LOW,,
H04884,0.2089,LOW,,
H04885,0.5163,MEDIUM,,
H04886,0.1574,LOW,,
H04887,0.065,LOW,,
H04888,0.2264,LOW,,
H04889,0.1422,LOW,,
H04890,0.0875,LOW,,
H04891,0.0255,LOW,,
H04892,0.0584,LOW,,
H04893,0.2551,LOW,,
H04894,0.4574,MEDIUM,,
H04895,0.2807,LOW,,
H04896,0.2737,LOW,,
H04897,0.0315,LOW,,
H04898,0.0285,LOW,,
H04899,0.0598,LOW,,
H04900,0.1248,LOW,,
H04901,0.4257,MEDIUM,,
H04902,0.4047,MEDIUM,,
H04903,0.1827,LOW,,
H04904,0.0445,LOW,,
H04905,0.0197,LOW,,
H04906,0.3143,LOW,,
H04907,0.1474,LOW,,
H04908,0.609,MEDIUM,,
H04909,0.199,LOW,,
H04910,0.7682,HIGH,,
H04911,0.1353,LOW,,
H04912,0.3687,LOW,,
H04913,0.1381,LOW,,
H04914,0.0348,LOW,,
H04915,0.029,LOW,,
H04916,0.1106,LOW,,
H04917,0.1398,LOW,,
H04918,0.0992,LOW,,
H04919,0.0397,LOW,,
H04920,0.8917,HIGH,,
H04921,0.0511,LOW,,
H04922,0.03,LOW,,
H04923,0.0326,LOW,,
H04924,0.06,LOW,,
H04925,0.073,LOW,,
H04926,0.0307,LOW,,
H04927,0.4961,MEDIUM,,
H04928,0.0887,LOW,,
H04929,0.0977,LOW,,
H04930,0.8022,HIGH,,
H04931,0.1355,LOW,,
H04932,0.0255,LOW,,
H04933,0.0432,LOW,,
H04934,0.1396,LOW,,
H04935,0.0342,LOW,,
H04936,0.1873,LOW,,
H04937,0.0761,LOW,,
H04938,0.2175,LOW,,
H04939,0.4585,MEDIUM,,
H04940,0.0261,LOW,,
H04941,0.0315,LOW,,
H04942,0.0285,LOW,,
H04943,0.0788,LOW,,
H04944,0.9397,HIGH,,
H04945,0.2787,LOW,,
H04946,0.0436,LOW,,
H04947,0.0921,LOW,,
H04948,0.1257,LOW,,
H04949,0.6227,MEDIUM,,
H04950,0.4843,MEDIUM,,
H04951,0.1081,LOW,,
H04952,0.0561,LOW,,
H04953,0.3547,LOW,,
H04954,0.0413,LOW,,
H04955,0.1849,LOW,,
H04956,0.0447,LOW,,
H04957,0.2723,LOW,,
H04958,0.1346,LOW,,
H04959,0.1107,LOW,,
H04960,0.0484,LOW,,
H04961,0.2481,LOW,,
H04962,0.0733,LOW,,
H04963,0.0533,LOW,,
H04964,0.0187,LOW,,
H04965,0.3157,LOW,,
H04966,0.0841,LOW,,
H04967,0.0655,LOW,,
H04968,0.0335,LOW,,
H04969,0.0732,LOW,,
H04970,0.075,LOW,,
H04971,0.4245,MEDIUM,,
H04972,0.6003,MEDIUM,,
H04973,0.4774,MEDIUM,,
H04974,0.0741,LOW,,
H04975,0.0622,LOW,,
H04976,0.2314,LOW,,
H04977,0.706,HIGH,,
H04978,0.0489,LOW,,
H04979,0.0785,LOW,,
H04980,0.4849,MEDIUM,,
H04981,0.1467,LOW,,
H04982,0.0132,LOW,,
H04983,0.5229,MEDIUM,,
H04984,0.04,LOW,,
H04985,0.1043,LOW,,
H04986,0.0441,LOW,,
H04987,0.39,LOW,,
H04988,0.1892,LOW,,
H04989,0.0465,LOW,,
H04990,0.0652,LOW,,
H04991,0.0237,LOW,,
H04992,0.1635,LOW,,
H04993,0.0581,LOW,,
H04994,0.1001,LOW,,
H04995,0.0238,LOW,,
H04996,0.0391,LOW,,
H04997,0.0814,LOW,,
H04998,0.0648,LOW,,
H04999,0.5599,MEDIUM,,
H05000,0.8397,HIGH,,
H05001,0.0814,LOW,,
H05002,0.0442,LOW,,
H05003,0.2039,LOW,,
H05004,0.0473,LOW,,
H05005,0.0107,LOW,,
H05006,0.0163,LOW,,
H05007,0.1933,LOW,,
H05008,0.2788,LOW,,
H05009,0.0858,LOW,,
H05010,0.0266,LOW,,
H05011,0.0576,LOW,,
H05012,0.2962,LOW,,
H05013,0.0307,LOW,,
H05014,0.0362,LOW,,
H05015,0.1644,LOW,,
H05016,0.7986,HIGH,,
H05017,0.0489,LOW,,
H05018,0.028,LOW,,
H05019,0.1108,LOW,,
H05020,0.0466,LOW,,
H05021,0.4408,MEDIUM,,
H05022,0.1251,LOW,,
H05023,0.0234,LOW,,
H05024,0.0551,LOW,,
H05025,0.0898,LOW,,
H05026,0.1399,LOW,,
H05027,0.1731,LOW,,
H05028,0.043,LOW,,
H05029,0.5835,MEDIUM,,
H05030,0.6647,MEDIUM,,
H05031,0.0176,LOW,,
H05032,0.3074,LOW,,
H05033,0.1308,LOW,,
H05034,0.5524,MEDIUM,,
H05035,0.0745,LOW,,
H05036,0.0888,LOW,,
H05037,0.2883,LOW,,
H05038,0.1627,LOW,,
H05039,0.0275,LOW,,
H05040,0.0729,LOW,,
H05041,0.1088,LOW,,
H05042,0.128,LOW,,
H05043,0.4138,MEDIUM,,
H05044,0.8027,HIGH,,
H05045,0.0666,LOW,,
H05046,0.4574,MEDIUM,,
H05047,0.0364,LOW,,
H05048,0.0569,LOW,,
H05049,0.037,LOW,,
H05050,0.0723,LOW,,
H05051,0.7504,HIGH,,
H05052,0.0401,LOW,,
H05053,0.0122,LOW,,
H05054,0.1304,LOW,,
H05055,0.0607,LOW,,
H05056,0.0217,LOW,,
H05057,0.3237,LOW,,
H05058,0.146,LOW,,
H05059,0.3392,LOW,,
H05060,0.1178,LOW,,
H05061,0.0794,LOW,,
H05062,0.0393,LOW,,
H05063,0.0252,LOW,,
H05064,0.3153,LOW,,
H05065,0.3871,LOW,,
H05066,0.0794,LOW,,
H05067,0.111,LOW,,
H05068,0.0761,LOW,,
H05069,0.4184,MEDIUM,,
H05070,0.2471,LOW,,
H05071,0.0353,LOW,,
H05072,0.0445,LOW,,
H05073,0.2821,LOW,,
H05074,0.0627,LOW,,
H05075,0.0179,LOW,,
H05076,0.0652,LOW,,
H05077,0.1499,LOW,,
H05078,0.0455,LOW,,
H05079,0.0265,LOW,,
H05080,0.0625,LOW,,
H05081,0.1323,LOW,,
H05082,0.1845,LOW,,
H05083,0.0709,LOW,,
H05084,0.0633,LOW,,
H05085,0.0628,LOW,,
H05086,0.6866,MEDIUM,,
H05087,0.7818,HIGH,,
H05088,0.068,LOW,,
H05089,0.1346,LOW,,
H05090,0.3719,LOW,,
H05091,0.2809,LOW,,
H05092,0.0595,LOW,,
H05093,0.0505,LOW,,
H05094,0.0166,LOW,,
H05095,0.0794,LOW,,
H05096,0.0587,LOW,,
H05097,0.0777,LOW,,
H05098,0.0525,LOW,,
H05099,0.0393,LOW,,
H05100,0.2444,LOW,,
H05101,0.0623,LOW,,
H05102,0.2892,LOW,,
H05103,0.0683,LOW,,
H05104,0.2443,LOW,,
H05105,0.0331,LOW,,
H05106,0.0974,LOW,,
H05107,0.1665,LOW,,
H05108,0.1238,LOW,,
H05109,0.0399,LOW,,
H05110,0.1452,LOW,,
H05111,0.0316,LOW,,
H05112,0.0295,LOW,,
H05113,0.4809,MEDIUM,,
H05114,0.0405,LOW,,
H05115,0.0536,LOW,,
H05116,0.1795,LOW,,
H05117,0.0192,LOW,,
H05118,0.0616,LOW,,
H05119,0.0606,LOW,,
H05120,0.0437,LOW,,
H05121,0.2137,LOW,,
H05122,0.2367,LOW,,
H05123,0.0724,LOW,,
H05124,0.3447,LOW,,
H05125,0.043,LOW,,
H05126,0.0145,LOW,,
H05127,0.1918,LOW,,
H05128,0.0784,LOW,,
H05129,0.0158,LOW,,
H05130,0.5257,MEDIUM,,
H05131,0.0924,LOW,,
H05132,0.0131,LOW,,
H05133,0.6308,MEDIUM,,
H05134,0.0815,LOW,,
H05135,0.0688,LOW,,
H05136,0.0383,LOW,,
H05137,0.0287,LOW,,
H05138,0.0175,LOW,,
H05139,0.5144,MEDIUM,,
H05140,0.0693,LOW,,
H05141,0.2682,LOW,,
H05142,0.3218,LOW,,
H05143,0.4476,MEDIUM,,
H05144,0.0137,LOW,,
H05145,0.0285,LOW,,
H05146,0.7259,HIGH,,
H05147,0.092,LOW,,
H05148,0.6899,MEDIUM,,
H05149,0.0318,LOW,,
H05150,0.1556,LOW,,
H05151,0.0413,LOW,,
H05152,0.1196,LOW,,
H05153,0.0491,LOW,,
H05154,0.1196,LOW,,
H05155,0.1479,LOW,,
H05156,0.8682,HIGH,,
H05157,0.5227,MEDIUM,,
H05158,0.133,LOW,,
H05159,0.4457,MEDIUM,,
H05160,0.0257,LOW,,
H05161,0.3221,LOW,,
H05162,0.0681,LOW,,
H05163,0.0282,LOW,,
H05164,0.1111,LOW,,
H05165,0.2653,LOW,,
H05166,0.0269,LOW,,
H05167,0.1911,LOW,,
H05168,0.0267,LOW,,
H05169,0.7262,HIGH,,
H05170,0.0159,LOW,,
H05171,0.0405,LOW,,
H05172,0.0492,LOW,,
H05173,0.0421,LOW,,
H05174,0.0326,LOW,,
H05175,0.084,LOW,,
H05176,0.057,LOW,,
H05177,0.0564,LOW,,
H05178,0.4975,MEDIUM,,
H05179,0.0926,LOW,,
H05180,0.1866,LOW,,
H05181,0.0318,LOW,,
H05182,0.2936,LOW,,
H05183,0.0521,LOW,,
H05184,0.025,LOW,,
H05185,0.0372,LOW,,
H05186,0.3216,LOW,,
H05187,0.4628,MEDIUM,,
H05188,0.1674,LOW,,
H05189,0.3306,LOW,,
H05190,0.0643,LOW,,
H05191,0.1029,LOW,,
H05192,0.1413,LOW,,
H05193,0.038,LOW,,
H05194,0.0371,LOW,,
H05195,0.0248,LOW,,
H05196,0.0789,LOW,,
H05197,0.0189,LOW,,
H05198,0.0273,LOW,,
H05199,0.0629,LOW,,
H05200,0.04,LOW,,
H05201,0.4165,MEDIUM,,
H05202,0.0826,LOW,,
H05203,0.0138,LOW,,
H05204,0.1297,LOW,,
H05205,0.0337,LOW,,
H05206,0.0442,LOW,,
H05207,0.0735,LOW,,
H05208,0.1258,LOW,,
H05209,0.0736,LOW,,
H05210,0.0909,LOW,,
H05211,0.7456,HIGH,,
H05212,0.0496,LOW,,
H05213,0.0916,LOW,,
H05214,0.038,LOW,,
H05215,0.021,LOW,,
H05216,0.0683,LOW,,
H05217,0.0339,LOW,,
H05218,0.9304,HIGH,,
H05219,0.0162,LOW,,
H05220,0.9262,HIGH,,
H05221,0.8071,HIGH,,
H05222,0.0604,LOW,,
H05223,0.0923,LOW,,
H05224,0.0376,LOW,,
H05225,0.125,LOW,,
H05226,0.0964,LOW,,
H05227,0.0219,LOW,,
H05228,0.024,LOW,,
H05229,0.0235,LOW,,
H05230,0.1653,LOW,,
H05231,0.4229,MEDIUM,,
H05232,0.1341,LOW,,
H05233,0.7641,HIGH,,
H05234,0.5781,MEDIUM,,
H05235,0.0996,LOW,,
H05236,0.1536,LOW,,
H05237,0.1155,LOW,,
H05238,0.2495,LOW,,
H05239,0.0292,LOW,,
H05240,0.1964,LOW,,
H05241,0.0396,LOW,,
H05242,0.0258,LOW,,
H05243,0.0397,LOW,,
H05244,0.0414,LOW,,
H05245,0.5725,MEDIUM,,
H05246,0.1125,LOW,,
H05247,0.0498,LOW,,
H05248,0.3076,LOW,,
H05249,0.066,LOW,,
H05250,0.2721,LOW,,
H05251,0.0438,LOW,,
H05252,0.3059,LOW,,
H05253,0.5523,MEDIUM,,
H05254,0.1759,LOW,,
H05255,0.0435,LOW,,
H05256,0.0226,LOW,,
H05257,0.0282,LOW,,
H05258,0.0152,LOW,,
H05259,0.0861,LOW,,
H05260,0.0816,LOW,,
H05261,0.0747,LOW,,
H05262,0.0804,LOW,,
H05263,0.034,LOW,,
H05264,0.6567,MEDIUM,,
H05265,0.7601,HIGH,,
H05266,0.7986,HIGH,,
H05267,0.3688,LOW,,
H05268,0.5711,MEDIUM,,
H05269,0.7203,HIGH,,
H05270,0.1798,LOW,,
H05271,0.0228,LOW,,
H05272,0.0155,LOW,,
H05273,0.0383,LOW,,
H05274,0.0383,LOW,,
H05275,0.1507,LOW,,
H05276,0.1675,LOW,,
H05277,0.616,MEDIUM,,
H05278,0.1589,LOW,,
H05279,0.0356,LOW,,
H05280,0.098,LOW,,
H05281,0.161,LOW,,
H05282,0.0216,LOW,,
H05283,0.5524,MEDIUM,,
H05284,0.116,LOW,,
H05285,0.1221,LOW,,
H05286,0.0169,LOW,,
H05287,0.0985,LOW,,
H05288,0.045,LOW,,
H05289,0.0267,LOW,,
H05290,0.5181,MEDIUM,,
H05291,0.0229,LOW,,
H05292,0.2386,LOW,,
H05293,0.0566,LOW,,
H05294,0.1707,LOW,,
H05295,0.125,LOW,,
H05296,0.0298,LOW,,
H05297,0.0707,LOW,,
H05298,0.0766,LOW,,
H05299,0.0112,LOW,,
H05300,0.1518,LOW,,
H05301,0.2727,LOW,,
H05302,0.0609,LOW,,
H05303,0.2088,LOW,,
H05304,0.1629,LOW,,
H05305,0.764,HIGH,,
H05306,0.3013,LOW,,
H05307,0.4406,MEDIUM,,
H05308,0.024,LOW,,
H05309,0.2274,LOW,,
H05310,0.306,LOW,,
H05311,0.0129,LOW,,
H05312,0.0654,LOW,,
H05313,0.0555,LOW,,
H05314,0.2797,LOW,,
H05315,0.0582,LOW,,
H05316,0.1364,LOW,,
H05317,0.0179,LOW,,
H05318,0.0621,LOW,,
H05319,0.079,LOW,,
H05320,0.0377,LOW,,
H05321,0.8742,HIGH,,
H05322,0.0765,LOW,,
H05323,0.076,LOW,,
H05324,0.0902,LOW,,
H05325,0.0864,LOW,,
H05326,0.1246,LOW,,
H05327,0.7802,HIGH,,
H05328,0.4701,MEDIUM,,
H05329,0.0322,LOW,,
H05330,0.5715,MEDIUM,,
H05331,0.039,LOW,,
H05332,0.0295,LOW,,
H05333,0.065,LOW,,
H05334,0.2055,LOW,,
H05335,0.0272,LOW,,
H05336,0.1401,LOW,,
H05337,0.051,LOW,,
H05338,0.7769,HIGH,,
H05339,0.1331,LOW,,
H05340,0.0356,LOW,,
H05341,0.0378,LOW,,
H05342,0.0277,LOW,,
H05343,0.0419,LOW,,
H05344,0.0376,LOW,,
H05345,0.5034,MEDIUM,,
H05346,0.0477,LOW,,
H05347,0.6334,MEDIUM,,
H05348,0.0835,LOW,,
H05349,0.223,LOW,,
H05350,0.4607,MEDIUM,,
H05351,0.4146,MEDIUM,,
H05352,0.0642,LOW,,
H05353,0.0349,LOW,,
H05354,0.2392,LOW,,
H05355,0.0596,LOW,,
H05356,0.1404,LOW,,
H05357,0.9161,HIGH,,
H05358,0.8598,HIGH,,
H05359,0.0365,LOW,,
H05360,0.0845,LOW,,
H05361,0.088,LOW,,
H05362,0.1884,LOW,,
H05363,0.128,LOW,,
H05364,0.1372,LOW,,
H05365,0.186,LOW,,
H05366,0.0585,LOW,,
H05367,0.1055,LOW,,
H05368,0.3702,LOW,,
H05369,0.0484,LOW,,
H05370,0.026,LOW,,
H05371,0.0706,LOW,,
H05372,0.1073,LOW,,
H05373,0.7296,HIGH,,
H05374,0.2013,LOW,,
H05375,0.1234,LOW,,
H05376,0.7446,HIGH,,
H05377,0.6951,MEDIUM,,
H05378,0.114,LOW,,
H05379,0.0783,LOW,,
H05380,0.1857,LOW,,
H05381,0.0743,LOW,,
H05382,0.0238,LOW,,
H05383,0.1154,LOW,,
H05384,0.745,HIGH,,
H05385,0.7492,HIGH,,
H05386,0.674,MEDIUM,,
H05387,0.3044,LOW,,
H05388,0.5055,MEDIUM,,
H05389,0.6994,MEDIUM,,
H05390,0.0947,LOW,,
H05391,0.1166,LOW,,
H05392,0.8629,HIGH,,
H05393,0.4297,MEDIUM,,
H05394,0.6386,MEDIUM,,
H05395,0.0164,LOW,,
H05396,0.2455,LOW,,
H05397,0.333,LOW,,
H05398,0.1168,LOW,,
H05399,0.2295,LOW,,
H05400,0.4657,MEDIUM,,
H05401,0.042,LOW,,
H05402,0.0659,LOW,,
H05403,0.3579,LOW,,
H05404,0.0222,LOW,,
H05405,0.9639,HIGH,,
H05406,0.0954,LOW,,
H05407,0.7264,HIGH,,
H05408,0.0651,LOW,,
H05409,0.4815,MEDIUM,,
H05410,0.0336,LOW,,
H05411,0.2138,LOW,,
H05412,0.0275,LOW,,
H05413,0.1971,LOW,,
H05414,0.1624,LOW,,
H05415,0.3762,LOW,,
H05416,0.0436,LOW,,
H05417,0.0184,LOW,,
H05418,0.0635,LOW,,
H05419,0.0205,LOW,,
H05420,0.7644,HIGH,,
H05421,0.4811,MEDIUM,,
H05422,0.1548,LOW,,
H05423,0.064,LOW,,
H05424,0.0677,LOW,,
H05425,0.0407,LOW,,
H05426,0.13,LOW,,
H05427,0.0439,LOW,,
H05428,0.7848,HIGH,,
H05429,0.2843,LOW,,
H05430,0.0716,LOW,,
H05431,0.042,LOW,,
H05432,0.1198,LOW,,
H05433,0.1417,LOW,,
H05434,0.0537,LOW,,
H05435,0.1196,LOW,,
H05436,0.0555,LOW,,
H05437,0.0956,LOW,,
H05438,0.7389,HIGH,,
H05439,0.043,LOW,,
H05440,0.9058,HIGH,,
H05441,0.7279,HIGH,,
H05442,0.0282,LOW,,
H05443,0.068,LOW,,
H05444,0.0177,LOW,,
H05445,0.1976,LOW,,
H05446,0.1052,LOW,,
H05447,0.0788,LOW,,
H05448,0.0802,LOW,,
H05449,0.1033,LOW,,
H05450,0.0259,LOW,,
H05451,0.088,LOW,,
H05452,0.0369,LOW,,
H05453,0.1138,LOW,,
H05454,0.578,MEDIUM,,
H05455,0.0186,LOW,,
H05456,0.0452,LOW,,
H05457,0.1244,LOW,,
H05458,0.7187,HIGH,,
H05459,0.0152,LOW,,
H05460,0.0356,LOW,,
H05461,0.0531,LOW,,
H05462,0.126,LOW,,
H05463,0.503,MEDIUM,,
H05464,0.0791,LOW,,
H05465,0.0445,LOW,,
H05466,0.5305,MEDIUM,,
H05467,0.3155,LOW,,
H05468,0.4626,MEDIUM,,
H05469,0.057,LOW,,
H05470,0.1333,LOW,,
H05471,0.0167,LOW,,
H05472,0.1852,LOW,,
H05473,0.7116,HIGH,,
H05474,0.2975,LOW,,
H05475,0.0161,LOW,,
H05476,0.4695,MEDIUM,,
H05477,0.1016,LOW,,
H05478,0.7011,HIGH,,
H05479,0.4498,MEDIUM,,
H05480,0.0385,LOW,,
H05481,0.2246,LOW,,
H05482,0.5984,MEDIUM,,
H05483,0.0535,LOW,,
H05484,0.0421,LOW,,
H05485,0.6389,MEDIUM,,
H05486,0.2813,LOW,,
H05487,0.1099,LOW,,
H05488,0.2251,LOW,,
H05489,0.4282,MEDIUM,,
H05490,0.0483,LOW,,
H05491,0.0358,LOW,,
H05492,0.4258,MEDIUM,,
H05493,0.0844,LOW,,
H05494,0.709,HIGH,,
H05495,0.9113,HIGH,,
H05496,0.0836,LOW,,
H05497,0.0803,LOW,,
H05498,0.2847,LOW,,
H05499,0.0565,LOW,,
H05500,0.0116,LOW,,
H05501,0.0428,LOW,,
H05502,0.0615,LOW,,
H05503,0.4904,MEDIUM,,
H05504,0.0219,LOW,,
H05505,0.0404,LOW,,
H05506,0.0705,LOW,,
H05507,0.1812,LOW,,
H05508,0.5826,MEDIUM,,
H05509,0.032,LOW,,
H05510,0.059,LOW,,
H05511,0.0492,LOW,,
H05512,0.7034,HIGH,,
H05513,0.2008,LOW,,
H05514,0.0989,LOW,,
H05515,0.8264,HIGH,,
H05516,0.0588,LOW,,
H05517,0.3389,LOW,,
H05518,0.0544,LOW,,
H05519,0.0292,LOW,,
H05520,0.0608,LOW,,
H05521,0.0667,LOW,,
H05522,0.2304,LOW,,
H05523,0.0971,LOW,,
H05524,0.8241,HIGH,,
H05525,0.0358,LOW,,
H05526,0.6947,MEDIUM,,
H05527,0.3556,LOW,,
H05528,0.0116,LOW,,
H05529,0.0322,LOW,,
H05530,0.09,LOW,,
H05531,0.0397,LOW,,
H05532,0.1456,LOW,,
H05533,0.0421,LOW,,
H05534,0.0209,LOW,,
H05535,0.2505,LOW,,
H05536,0.1615,LOW,,
H05537,0.019,LOW,,
H05538,0.2035,LOW,,
H05539,0.1406,LOW,,
H05540,0.0149,LOW,,
H05541,0.0195,LOW,,
H05542,0.1885,LOW,,
H05543,0.1536,LOW,,
H05544,0.0283,LOW,,
H05545,0.6257,MEDIUM,,
H05546,0.2193,LOW,,
H05547,0.1006,LOW,,
H05548,0.6721,MEDIUM,,
H05549,0.8667,HIGH,,
H05550,0.0658,LOW,,
H05551,0.1272,LOW,,
H05552,0.091,LOW,,
H05553,0.0677,LOW,,
H05554,0.1081,LOW,,
H05555,0.0278,LOW,,
H05556,0.1049,LOW,,
H05557,0.5888,MEDIUM,,
H05558,0.1107,LOW,,
H05559,0.1014,LOW,,
H05560,0.4339,MEDIUM,,
H05561,0.2385,LOW,,
H05562,0.1742,LOW,,
H05563,0.8422,HIGH,,
H05564,0.03,LOW,,
H05565,0.6463,MEDIUM,,
H05566,0.0393,LOW,,
H05567,0.5838,MEDIUM,,
H05568,0.0328,LOW,,
H05569,0.238,LOW,,
H05570,0.1082,LOW,,
H05571,0.0338,LOW,,
H05572,0.2296,LOW,,
H05573,0.8366,HIGH,,
H05574,0.0337,LOW,,
H05575,0.6186,MEDIUM,,
H05576,0.1394,LOW,,
H05577,0.1647,LOW,,
H05578,0.098,LOW,,
H05579,0.4343,MEDIUM,,
H05580,0.4818,MEDIUM,,
H05581,0.2835,LOW,,
H05582,0.0372,LOW,,
H05583,0.1112,LOW,,
H05584,0.0956,LOW,,
H05585,0.9546,HIGH,,
H05586,0.5691,MEDIUM,,
H05587,0.173,LOW,,
H05588,0.1967,LOW,,
H05589,0.0229,LOW,,
H05590,0.0632,LOW,,
H05591,0.0139,LOW,,
H05592,0.4804,MEDIUM,,
H05593,0.0696,LOW,,
H05594,0.0274,LOW,,
H05595,0.0164,LOW,,
H05596,0.0708,LOW,,
H05597,0.0874,LOW,,
H05598,0.3604,LOW,,
H05599,0.4194,MEDIUM,,
H05600,0.1559,LOW,,
H05601,0.862,HIGH,,
H05602,0.0234,LOW,,
H05603,0.0779,LOW,,
H05604,0.4539,MEDIUM,,
H05605,0.3949,LOW,,
H05606,0.0938,LOW,,
H05607,0.0168,LOW,,
H05608,0.0717,LOW,,
H05609,0.8917,HIGH,,
H05610,0.2009,LOW,,
H05611,0.1518,LOW,,
H05612,0.1829,LOW,,
H05613,0.8336,HIGH,,
H05614,0.1061,LOW,,
H05615,0.0334,LOW,,
H05616,0.295,LOW,,
H05617,0.0518,LOW,,
H05618,0.3674,LOW,,
H05619,0.3087,LOW,,
H05620,0.034,LOW,,
H05621,0.6306,MEDIUM,,
H05622,0.0249,LOW,,
H05623,0.0874,LOW,,
H05624,0.0359,LOW,,
H05625,0.0724,LOW,,
H05626,0.645,MEDIUM,,
H05627,0.157,LOW,,
H05628,0.1338,LOW,,
H05629,0.0485,LOW,,
H05630,0.0175,LOW,,
H05631,0.5366,MEDIUM,,
H05632,0.582,MEDIUM,,
H05633,0.0439,LOW,,
H05634,0.6299,MEDIUM,,
H05635,0.1226,LOW,,
H05636,0.5416,MEDIUM,,
H05637,0.0278,LOW,,
H05638,0.7901,HIGH,,
H05639,0.2358,LOW,,
H05640,0.44,MEDIUM,,
H05641,0.3443,LOW,,
H05642,0.025,LOW,,
H05643,0.2657,LOW,,
H05644,0.0907,LOW,,
H05645,0.6954,MEDIUM,,
H05646,0.6328,MEDIUM,,
H05647,0.0209,LOW,,
H05648,0.2014,LOW,,
H05649,0.0392,LOW,,
H05650,0.0537,LOW,,
H05651,0.0671,LOW,,
H05652,0.0736,LOW,,
H05653,0.2985,LOW,,
H05654,0.0675,LOW,,
H05655,0.757,HIGH,,
H05656,0.033,LOW,,
H05657,0.689,MEDIUM,,
H05658,0.1388,LOW,,
H05659,0.8541,HIGH,,
H05660,0.0476,LOW,,
H05661,0.2227,LOW,,
H05662,0.1153,LOW,,
H05663,0.0204,LOW,,
H05664,0.5829,MEDIUM,,
H05665,0.101,LOW,,
H05666,0.0333,LOW,,
H05667,0.0473,LOW,,
H05668,0.7815,HIGH,,
H05669,0.3288,LOW,,
H05670,0.084,LOW,,
H05671,0.0467,LOW,,
H05672,0.5939,MEDIUM,,
H05673,0.1105,LOW,,
H05674,0.0276,LOW,,
H05675,0.0208,LOW,,
H05676,0.5857,MEDIUM,,
H05677,0.091,LOW,,
H05678,0.1005,LOW,,
H05679,0.8633,HIGH,,
H05680,0.0801,LOW,,
H05681,0.0232,LOW,,
H05682,0.0509,LOW,,
H05683,0.0966,LOW,,
H05684,0.1259,LOW,,
H05685,0.0357,LOW,,
H05686,0.1389,LOW,,
H05687,0.0124,LOW,,
H05688,0.0671,LOW,,
H05689,0.07,LOW,,
H05690,0.5151,MEDIUM,,
H05691,0.0945,LOW,,
H05692,0.0315,LOW,,
H05693,0.0239,LOW,,
H05694,0.4106,MEDIUM,,
H05695,0.033,LOW,,
H05696,0.027,LOW,,
H05697,0.0255,LOW,,
H05698,0.0867,LOW,,
H05699,0.0853,LOW,,
H05700,0.0624,LOW,,
H05701,0.0342,LOW,,
H05702,0.8257,HIGH,,
H05703,0.1036,LOW,,
H05704,0.06,LOW,,
H05705,0.0131,LOW,,
H05706,0.0925,LOW,,
H05707,0.0426,LOW,,
H05708,0.2338,LOW,,
H05709,0.0762,LOW,,
H05710,0.0533,LOW,,
H05711,0.1167,LOW,,
H05712,0.7545,HIGH,,
H05713,0.0345,LOW,,
H05714,0.7532,HIGH,,
H05715,0.1668,LOW,,
H05716,0.7962,HIGH,,
H05717,0.6467,MEDIUM,,
H05718,0.0456,LOW,,
H05719,0.1192,LOW,,
H05720,0.7374,HIGH,,
H05721,0.3682,LOW,,
H05722,0.1125,LOW,,
H05723,0.0265,LOW,,
H05724,0.0425,LOW,,
H05725,0.0351,LOW,,
H05726,0.1286,LOW,,
H05727,0.2245,LOW,,
H05728,0.1931,LOW,,
H05729,0.0287,LOW,,
H05730,0.0291,LOW,,
H05731,0.8047,HIGH,,
H05732,0.0124,LOW,,
H05733,0.5938,MEDIUM,,
H05734,0.1104,LOW,,
H05735,0.3275,LOW,,
H05736,0.7177,HIGH,,
H05737,0.0338,LOW,,
H05738,0.0266,LOW,,
H05739,0.1847,LOW,,
H05740,0.1147,LOW,,
H05741,0.0469,LOW,,
H05742,0.5582,MEDIUM,,
H05743,0.0968,LOW,,
H05744,0.0881,LOW,,
H05745,0.4519,MEDIUM,,
H05746,0.0244,LOW,,
H05747,0.0663,LOW,,
H05748,0.4259,MEDIUM,,
H05749,0.7072,HIGH,,
H05750,0.4351,MEDIUM,,
H05751,0.0487,LOW,,
H05752,0.0234,LOW,,
H05753,0.224,LOW,,
H05754,0.0266,LOW,,
H05755,0.2282,LOW,,
H05756,0.0818,LOW,,
H05757,0.0748,LOW,,
H05758,0.047,LOW,,
H05759,0.0992,LOW,,
H05760,0.0546,LOW,,
H05761,0.0284,LOW,,
H05762,0.0794,LOW,,
H05763,0.1269,LOW,,
H05764,0.0512,LOW,,
H05765,0.3983,LOW,,
H05766,0.034,LOW,,
H05767,0.1221,LOW,,
H05768,0.0444,LOW,,
H05769,0.092,LOW,,
H05770,0.5653,MEDIUM,,
H05771,0.1333,LOW,,
H05772,0.7126,HIGH,,
H05773,0.0494,LOW,,
H05774,0.0838,LOW,,
H05775,0.5692,MEDIUM,,
H05776,0.0426,LOW,,
H05777,0.067,LOW,,
H05778,0.108,LOW,,
H05779,0.4413,MEDIUM,,
H05780,0.0685,LOW,,
H05781,0.0571,LOW,,
H05782,0.1169,LOW,,
H05783,0.0264,LOW,,
H05784,0.1366,LOW,,
H05785,0.0249,LOW,,
H05786,0.0269,LOW,,
H05787,0.9062,HIGH,,
H05788,0.0563,LOW,,
H05789,0.061,LOW,,
H05790,0.2289,LOW,,
H05791,0.0203,LOW,,
H05792,0.0152,LOW,,
H05793,0.0855,LOW,,
H05794,0.0146,LOW,,
H05795,0.043,LOW,,
H05796,0.0853,LOW,,
H05797,0.0419,LOW,,
H05798,0.0523,LOW,,
H05799,0.232,LOW,,
H05800,0.0964,LOW,,
H05801,0.0191,LOW,,
H05802,0.236,LOW,,
H05803,0.2509,LOW,,
H05804,0.8206,HIGH,,
H05805,0.5176,MEDIUM,,
H05806,0.0295,LOW,,
H05807,0.016,LOW,,
H05808,0.0374,LOW,,
H05809,0.0359,LOW,,
H05810,0.0085,LOW,,
H05811,0.3594,LOW,,
H05812,0.2096,LOW,,
H05813,0.0342,LOW,,
H05814,0.0484,LOW,,
H05815,0.0965,LOW,,
H05816,0.043,LOW,,
H05817,0.0836,LOW,,
H05818,0.0241,LOW,,
H05819,0.345,LOW,,
H05820,0.1054,LOW,,
H05821,0.0246,LOW,,
H05822,0.0472,LOW,,
H05823,0.0764,LOW,,
H05824,0.7924,HIGH,,
H05825,0.1427,LOW,,
H05826,0.0807,LOW,,
H05827,0.0112,LOW,,
H05828,0.0353,LOW,,
H05829,0.6158,MEDIUM,,
H05830,0.4471,MEDIUM,,
H05831,0.0131,LOW,,
H05832,0.1042,LOW,,
H05833,0.2864,LOW,,
H05834,0.4626,MEDIUM,,
H05835,0.0701,LOW,,
H05836,0.0617,LOW,,
H05837,0.0182,LOW,,
H05838,0.0147,LOW,,
H05839,0.0549,LOW,,
H05840,0.0332,LOW,,
H05841,0.0911,LOW,,
H05842,0.0525,LOW,,
H05843,0.0485,LOW,,
H05844,0.3003,LOW,,
H05845,0.1297,LOW,,
H05846,0.0264,LOW,,
H05847,0.502,MEDIUM,,
H05848,0.0394,LOW,,
H05849,0.0396,LOW,,
H05850,0.0814,LOW,,
H05851,0.0613,LOW,,
H05852,0.1911,LOW,,
H05853,0.6452,MEDIUM,,
H05854,0.0787,LOW,,
H05855,0.2108,LOW,,
H05856,0.1553,LOW,,
H05857,0.1415,LOW,,
H05858,0.0397,LOW,,
H05859,0.0608,LOW,,
H05860,0.0768,LOW,,
H05861,0.3465,LOW,,
H05862,0.0192,LOW,,
H05863,0.0482,LOW,,
H05864,0.0826,LOW,,
H05865,0.2275,LOW,,
H05866,0.3352,LOW,,
H05867,0.0121,LOW,,
H05868,0.0219,LOW,,
H05869,0.0232,LOW,,
H05870,0.0458,LOW,,
H05871,0.1512,LOW,,
H05872,0.0413,LOW,,
H05873,0.0718,LOW,,
H05874,0.2086,LOW,,
H05875,0.2431,LOW,,
H05876,0.1504,LOW,,
H05877,0.8902,HIGH,,
H05878,0.0242,LOW,,
H05879,0.2301,LOW,,
H05880,0.1343,LOW,,
H05881,0.0255,LOW,,
H05882,0.058,LOW,,
H05883,0.0668,LOW,,
H05884,0.056,LOW,,
H05885,0.2798,LOW,,
H05886,0.0174,LOW,,
H05887,0.0952,LOW,,
H05888,0.3166,LOW,,
H05889,0.0702,LOW,,
H05890,0.8753,HIGH,,
H05891,0.0669,LOW,,
H05892,0.0399,LOW,,
H05893,0.0212,LOW,,
H05894,0.0337,LOW,,
H05895,0.0316,LOW,,
H05896,0.3881,LOW,,
H05897,0.2856,LOW,,
H05898,0.8497,HIGH,,
H05899,0.6674,MEDIUM,,
H05900,0.152,LOW,,
H05901,0.2485,LOW,,
H05902,0.0284,LOW,,
H05903,0.0256,LOW,,
H05904,0.07,LOW,,
H05905,0.7254,HIGH,,
H05906,0.047,LOW,,
H05907,0.1425,LOW,,
H05908,0.634,MEDIUM,,
H05909,0.1149,LOW,,
H05910,0.1205,LOW,,
H05911,0.068,LOW,,
H05912,0.1736,LOW,,
H05913,0.5144,MEDIUM,,
H05914,0.014,LOW,,
H05915,0.7409,HIGH,,
H05916,0.1193,LOW,,
H05917,0.8613,HIGH,,
H05918,0.2993,LOW,,
H05919,0.1074,LOW,,
H05920,0.1241,LOW,,
H05921,0.2579,LOW,,
H05922,0.7988,HIGH,,
H05923,0.0353,LOW,,
H05924,0.2151,LOW,,
H05925,0.0506,LOW,,
H05926,0.0284,LOW,,
H05927,0.0211,LOW,,
H05928,0.3253,LOW,,
H05929,0.5807,MEDIUM,,
H05930,0.0442,LOW,,
H05931,0.4025,MEDIUM,,
H05932,0.1214,LOW,,
H05933,0.0342,LOW,,
H05934,0.0432,LOW,,
H05935,0.0894,LOW,,
H05936,0.0865,LOW,,
H05937,0.1605,LOW,,
H05938,0.0275,LOW,,
H05939,0.7166,HIGH,,
H05940,0.0446,LOW,,
H05941,0.0276,LOW,,
H05942,0.0256,LOW,,
H05943,0.0376,LOW,,
H05944,0.1436,LOW,,
H05945,0.1421,LOW,,
H05946,0.1594,LOW,,
H05947,0.0383,LOW,,
H05948,0.032,LOW,,
H05949,0.4901,MEDIUM,,
H05950,0.0225,LOW,,
H05951,0.0751,LOW,,
H05952,0.6732,MEDIUM,,
H05953,0.1651,LOW,,
H05954,0.04,LOW,,
H05955,0.0602,LOW,,
H05956,0.1309,LOW,,
H05957,0.3834,LOW,,
H05958,0.3492,LOW,,
H05959,0.0698,LOW,,
H05960,0.0303,LOW,,
H05961,0.0247,LOW,,
H05962,0.0295,LOW,,
H05963,0.4497,MEDIUM,,
H05964,0.0748,LOW,,
H05965,0.2358,LOW,,
H05966,0.4414,MEDIUM,,
H05967,0.021,LOW,,
H05968,0.6844,MEDIUM,,
H05969,0.1009,LOW,,
H05970,0.4315,MEDIUM,,
H05971,0.0354,LOW,,
H05972,0.0558,LOW,,
H05973,0.0322,LOW,,
H05974,0.0637,LOW,,
H05975,0.0489,LOW,,
H05976,0.1297,LOW,,
H05977,0.0602,LOW,,
H05978,0.041,LOW,,
H05979,0.3283,LOW,,
H05980,0.1615,LOW,,
H05981,0.0157,LOW,,
H05982,0.6662,MEDIUM,,
H05983,0.02,LOW,,
H05984,0.1241,LOW,,
H05985,0.4761,MEDIUM,,
H05986,0.1727,LOW,,
H05987,0.1347,LOW,,
H05988,0.112,LOW,,
H05989,0.0575,LOW,,
H05990,0.101,LOW,,
H05991,0.3948,LOW,,
H05992,0.1984,LOW,,
H05993,0.0498,LOW,,
H05994,0.0422,LOW,,
H05995,0.0239,LOW,,
H05996,0.0493,LOW,,
H05997,0.1354,LOW,,
H05998,0.0654,LOW,,
H05999,0.3808,LOW,,
H06000,0.1113,LOW,,
H06001,0.0859,LOW,,
H06002,0.0144,LOW,,
H06003,0.0119,LOW,,
H06004,0.1077,LOW,,
H06005,0.9626,HIGH,,
H06006,0.3194,LOW,,
H06007,0.0721,LOW,,
H06008,0.0764,LOW,,
H06009,0.01,LOW,,
H06010,0.7553,HIGH,,
H06011,0.6326,MEDIUM,,
H06012,0.0513,LOW,,
H06013,0.0282,LOW,,
H06014,0.112,LOW,,
H06015,0.0701,LOW,,
H06016,0.0242,LOW,,
H06017,0.0535,LOW,,
H06018,0.1163,LOW,,
H06019,0.5149,MEDIUM,,
H06020,0.3952,LOW,,
H06021,0.0227,LOW,,
H06022,0.0353,LOW,,
H06023,0.0818,LOW,,
H06024,0.1055,LOW,,
H06025,0.0451,LOW,,
H06026,0.1266,LOW,,
H06027,0.6534,MEDIUM,,
H06028,0.0298,LOW,,
H06029,0.1338,LOW,,
H06030,0.0491,LOW,,
H06031,0.1907,LOW,,
H06032,0.7952,HIGH,,
H06033,0.1419,LOW,,
H06034,0.8212,HIGH,,
H06035,0.0277,LOW,,
H06036,0.191,LOW,,
H06037,0.034,LOW,,
H06038,0.8868,HIGH,,
H06039,0.4432,MEDIUM,,
H06040,0.2083,LOW,,
H06041,0.0257,LOW,,
H06042,0.4239,MEDIUM,,
H06043,0.0227,LOW,,
H06044,0.0378,LOW,,
H06045,0.0121,LOW,,
H06046,0.0273,LOW,,
H06047,0.1867,LOW,,
H06048,0.0619,LOW,,
H06049,0.2954,LOW,,
H06050,0.2151,LOW,,
H06051,0.0303,LOW,,
H06052,0.0645,LOW,,
H06053,0.3738,LOW,,
H06054,0.5671,MEDIUM,,
H06055,0.2812,LOW,,
H06056,0.0616,LOW,,
H06057,0.0322,LOW,,
H06058,0.0383,LOW,,
H06059,0.193,LOW,,
H06060,0.6339,MEDIUM,,
H06061,0.0354,LOW,,
H06062,0.0268,LOW,,
H06063,0.0234,LOW,,
H06064,0.1234,LOW,,
H06065,0.403,MEDIUM,,
H06066,0.0684,LOW,,
H06067,0.0157,LOW,,
H06068,0.0151,LOW,,
H06069,0.4099,MEDIUM,,
H06070,0.0278,LOW,,
H06071,0.0361,LOW,,
H06072,0.0422,LOW,,
H06073,0.2238,LOW,,
H06074,0.0395,LOW,,
H06075,0.2056,LOW,,
H06076,0.0647,LOW,,
H06077,0.0615,LOW,,
H06078,0.0562,LOW,,
H06079,0.2965,LOW,,
H06080,0.0506,LOW,,
H06081,0.3069,LOW,,
H06082,0.0771,LOW,,
H06083,0.0542,LOW,,
H06084,0.0722,LOW,,
H06085,0.1146,LOW,,
H06086,0.0799,LOW,,
H06087,0.0115,LOW,,
H06088,0.0915,LOW,,
H06089,0.0218,LOW,,
H06090,0.0323,LOW,,
H06091,0.0305,LOW,,
H06092,0.6799,MEDIUM,,
H06093,0.7822,HIGH,,
H06094,0.0318,LOW,,
H06095,0.0991,LOW,,
H06096,0.0224,LOW,,
H06097,0.0275,LOW,,
H06098,0.027,LOW,,
H06099,0.0131,LOW,,
H06100,0.0156,LOW,,
H06101,0.0388,LOW,,
H06102,0.807,HIGH,,
H06103,0.0566,LOW,,
H06104,0.0639,LOW,,
H06105,0.2653,LOW,,
H06106,0.0222,LOW,,
H06107,0.0367,LOW,,
H06108,0.0229,LOW,,
H06109,0.5072,MEDIUM,,
H06110,0.0886,LOW,,
H06111,0.3216,LOW,,
H06112,0.0566,LOW,,
H06113,0.5726,MEDIUM,,
H06114,0.5637,MEDIUM,,
H06115,0.034,LOW,,
H06116,0.5433,MEDIUM,,
H06117,0.0893,LOW,,
H06118,0.2466,LOW,,
H06119,0.5119,MEDIUM,,
H06120,0.19,LOW,,
H06121,0.9556,HIGH,,
H06122,0.0394,LOW,,
H06123,0.282,LOW,,
H06124,0.1487,LOW,,
H06125,0.7531,HIGH,,
H06126,0.8224,HIGH,,
H06127,0.0729,LOW,,
H06128,0.023,LOW,,
H06129,0.6218,MEDIUM,,
H06130,0.6329,MEDIUM,,
H06131,0.4729,MEDIUM,,
H06132,0.9048,HIGH,,
H06133,0.0976,LOW,,
H06134,0.168,LOW,,
H06135,0.0774,LOW,,
H06136,0.7346,HIGH,,
H06137,0.6002,MEDIUM,,
H06138,0.028,LOW,,
H06139,0.0322,LOW,,
H06140,0.1277,LOW,,
H06141,0.1357,LOW,,
H06142,0.0364,LOW,,
H06143,0.0142,LOW,,
H06144,0.0874,LOW,,
H06145,0.1745,LOW,,
H06146,0.8005,HIGH,,
H06147,0.0548,LOW,,
H06148,0.3536,LOW,,
H06149,0.6787,MEDIUM,,
H06150,0.2852,LOW,,
H06151,0.3011,LOW,,
H06152,0.5157,MEDIUM,,
H06153,0.0153,LOW,,
H06154,0.4495,MEDIUM,,
H06155,0.6806,MEDIUM,,
H06156,0.0378,LOW,,
H06157,0.0151,LOW,,
H06158,0.2124,LOW,,
H06159,0.0751,LOW,,
H06160,0.0991,LOW,,
H06161,0.1407,LOW,,
H06162,0.0327,LOW,,
H06163,0.0582,LOW,,
H06164,0.8049,HIGH,,
H06165,0.0355,LOW,,
H06166,0.2095,LOW,,
H06167,0.049,LOW,,
H06168,0.1325,LOW,,
H06169,0.0578,LOW,,
H06170,0.0457,LOW,,
H06171,0.0307,LOW,,
H06172,0.0825,LOW,,
H06173,0.2084,LOW,,
H06174,0.0853,LOW,,
H06175,0.6758,MEDIUM,,
H06176,0.0736,LOW,,
H06177,0.0229,LOW,,
H06178,0.0536,LOW,,
H06179,0.0732,LOW,,
H06180,0.0166,LOW,,
H06181,0.6996,MEDIUM,,
H06182,0.122,LOW,,
H06183,0.0836,LOW,,
H06184,0.4965,MEDIUM,,
H06185,0.0364,LOW,,
H06186,0.0435,LOW,,
H06187,0.0504,LOW,,
H06188,0.0603,LOW,,
H06189,0.5859,MEDIUM,,
H06190,0.0441,LOW,,
H06191,0.1144,LOW,,
H06192,0.0246,LOW,,
H06193,0.4078,MEDIUM,,
H06194,0.2597,LOW,,
H06195,0.0901,LOW,,
H06196,0.0248,LOW,,
H06197,0.0806,LOW,,
H06198,0.1659,LOW,,
H06199,0.0807,LOW,,
H06200,0.1693,LOW,,
H06201,0.5711,MEDIUM,,
H06202,0.052,LOW,,
H06203,0.113,LOW,,
H06204,0.1335,LOW,,
H06205,0.0531,LOW,,
H06206,0.0291,LOW,,
H06207,0.0279,LOW,,
H06208,0.0394,LOW,,
H06209,0.0478,LOW,,
H06210,0.0465,LOW,,
H06211,0.1585,LOW,,
H06212,0.4884,MEDIUM,,
H06213,0.2123,LOW,,
H06214,0.8361,HIGH,,
H06215,0.0439,LOW,,
H06216,0.032,LOW,,
H06217,0.0482,LOW,,
H06218,0.3032,LOW,,
H06219,0.5607,MEDIUM,,
H06220,0.4257,MEDIUM,,
H06221,0.134,LOW,,
H06222,0.2444,LOW,,
H06223,0.0186,LOW,,
H06224,0.0326,LOW,,
H06225,0.1483,LOW,,
H06226,0.0544,LOW,,
H06227,0.8512,HIGH,,
H06228,0.0599,LOW,,
H06229,0.0619,LOW,,
H06230,0.3472,LOW,,
H06231,0.6047,MEDIUM,,
H06232,0.047,LOW,,
H06233,0.0369,LOW,,
H06234,0.0784,LOW,,
H06235,0.0422,LOW,,
H06236,0.0649,LOW,,
H06237,0.0321,LOW,,
H06238,0.3314,LOW,,
H06239,0.0373,LOW,,
H06240,0.913,HIGH,,
H06241,0.0794,LOW,,
H06242,0.0279,LOW,,
H06243,0.0584,LOW,,
H06244,0.074,LOW,,
H06245,0.1089,LOW,,
H06246,0.8882,HIGH,,
H06247,0.0579,LOW,,
H06248,0.0634,LOW,,
H06249,0.0481,LOW,,
H06250,0.3501,LOW,,
H06251,0.0721,LOW,,
H06252,0.0435,LOW,,
H06253,0.1226,LOW,,
H06254,0.1852,LOW,,
H06255,0.0405,LOW,,
H06256,0.8492,HIGH,,
H06257,0.0246,LOW,,
H06258,0.1521,LOW,,
H06259,0.0774,LOW,,
H06260,0.1047,LOW,,
H06261,0.0399,LOW,,
H06262,0.0362,LOW,,
H06263,0.1784,LOW,,
H06264,0.1895,LOW,,
H06265,0.0264,LOW,,
H06266,0.6535,MEDIUM,,
H06267,0.152,LOW,,
H06268,0.7849,HIGH,,
H06269,0.4759,MEDIUM,,
H06270,0.2997,LOW,,
H06271,0.1639,LOW,,
H06272,0.0559,LOW,,
H06273,0.1165,LOW,,
H06274,0.0354,LOW,,
H06275,0.3946,LOW,,
H06276,0.0896,LOW,,
H06277,0.0545,LOW,,
H06278,0.0358,LOW,,
H06279,0.5157,MEDIUM,,
H06280,0.0526,LOW,,
H06281,0.0695,LOW,,
H06282,0.0092,LOW,,
H06283,0.0238,LOW,,
H06284,0.028,LOW,,
H06285,0.1423,LOW,,
H06286,0.0769,LOW,,
H06287,0.8695,HIGH,,
H06288,0.3806,LOW,,
H06289,0.0286,LOW,,
H06290,0.7346,HIGH,,
H06291,0.9164,HIGH,,
H06292,0.3936,LOW,,
H06293,0.0824,LOW,,
H06294,0.1559,LOW,,
H06295,0.4207,MEDIUM,,
H06296,0.0429,LOW,,
H06297,0.0257,LOW,,
H06298,0.0121,LOW,,
H06299,0.119,LOW,,
H06300,0.0292,LOW,,
H06301,0.0256,LOW,,
H06302,0.0832,LOW,,
H06303,0.105,LOW,,
H06304,0.8242,HIGH,,
H06305,0.0115,LOW,,
H06306,0.0576,LOW,,
H06307,0.0392,LOW,,
H06308,0.0528,LOW,,
H06309,0.0989,LOW,,
H06310,0.0307,LOW,,
H06311,0.1176,LOW,,
H06312,0.2652,LOW,,
H06313,0.0751,LOW,,
H06314,0.218,LOW,,
H06315,0.0218,LOW,,
H06316,0.062,LOW,,
H06317,0.0262,LOW,,
H06318,0.0314,LOW,,
H06319,0.0477,LOW,,
H06320,0.0911,LOW,,
H06321,0.2512,LOW,,
H06322,0.0517,LOW,,
H06323,0.0756,LOW,,
H06324,0.0373,LOW,,
H06325,0.0521,LOW,,
H06326,0.3242,LOW,,
H06327,0.0467,LOW,,
H06328,0.0367,LOW,,
H06329,0.0717,LOW,,
H06330,0.0618,LOW,,
H06331,0.0205,LOW,,
H06332,0.0404,LOW,,
H06333,0.2443,LOW,,
H06334,0.0189,LOW,,
H06335,0.1855,LOW,,
H06336,0.0392,LOW,,
H06337,0.1535,LOW,,
H06338,0.2341,LOW,,
H06339,0.0565,LOW,,
H06340,0.0146,LOW,,
H06341,0.0616,LOW,,
H06342,0.0438,LOW,,
H06343,0.048,LOW,,
H06344,0.0233,LOW,,
H06345,0.2598,LOW,,
H06346,0.1093,LOW,,
H06347,0.0961,LOW,,
H06348,0.5395,MEDIUM,,
H06349,0.6448,MEDIUM,,
H06350,0.6301,MEDIUM,,
H06351,0.0662,LOW,,
H06352,0.0683,LOW,,
H06353,0.0184,LOW,,
H06354,0.1051,LOW,,
H06355,0.7654,HIGH,,
H06356,0.0263,LOW,,
H06357,0.4535,MEDIUM,,
H06358,0.5572,MEDIUM,,
H06359,0.0389,LOW,,
H06360,0.0353,LOW,,
H06361,0.0276,LOW,,
H06362,0.0232,LOW,,
H06363,0.524,MEDIUM,,
H06364,0.0839,LOW,,
H06365,0.0542,LOW,,
H06366,0.1825,LOW,,
H06367,0.0602,LOW,,
H06368,0.0291,LOW,,
H06369,0.1083,LOW,,
H06370,0.0232,LOW,,
H06371,0.2205,LOW,,
H06372,0.0451,LOW,,
H06373,0.3863,LOW,,
H06374,0.3064,LOW,,
H06375,0.171,LOW,,
H06376,0.2994,LOW,,
H06377,0.0262,LOW,,
H06378,0.0395,LOW,,
H06379,0.3096,LOW,,
H06380,0.0766,LOW,,
H06381,0.0849,LOW,,
H06382,0.0163,LOW,,
H06383,0.0388,LOW,,
H06384,0.0575,LOW,,
H06385,0.1297,LOW,,
H06386,0.1559,LOW,,
H06387,0.06,LOW,,
H06388,0.0424,LOW,,
H06389,0.0746,LOW,,
H06390,0.9276,HIGH,,
H06391,0.8061,HIGH,,
H06392,0.0807,LOW,,
H06393,0.4181,MEDIUM,,
H06394,0.0761,LOW,,
H06395,0.0233,LOW,,
H06396,0.0376,LOW,,
H06397,0.0228,LOW,,
H06398,0.6014,MEDIUM,,
H06399,0.505,MEDIUM,,
H06400,0.0673,LOW,,
H06401,0.0223,LOW,,
H06402,0.6483,MEDIUM,,
H06403,0.0774,LOW,,
H06404,0.0236,LOW,,
H06405,0.1661,LOW,,
H06406,0.0398,LOW,,
H06407,0.1806,LOW,,
H06408,0.6487,MEDIUM,,
H06409,0.1339,LOW,,
H06410,0.0445,LOW,,
H06411,0.3258,LOW,,
H06412,0.0717,LOW,,
H06413,0.2481,LOW,,
H06414,0.0694,LOW,,
H06415,0.3668,LOW,,
H06416,0.1869,LOW,,
H06417,0.0648,LOW,,
H06418,0.4624,MEDIUM,,
H06419,0.0425,LOW,,
H06420,0.1605,LOW,,
H06421,0.022,LOW,,
H06422,0.0961,LOW,,
H06423,0.0644,LOW,,
H06424,0.2756,LOW,,
H06425,0.4409,MEDIUM,,
H06426,0.1132,LOW,,
H06427,0.0243,LOW,,
H06428,0.0192,LOW,,
H06429,0.0532,LOW,,
H06430,0.109,LOW,,
H06431,0.1426,LOW,,
H06432,0.05,LOW,,
H06433,0.1077,LOW,,
H06434,0.0701,LOW,,
H06435,0.0274,LOW,,
H06436,0.0116,LOW,,
H06437,0.0122,LOW,,
H06438,0.0896,LOW,,
H06439,0.0242,LOW,,
H06440,0.0548,LOW,,
H06441,0.076,LOW,,
H06442,0.303,LOW,,
H06443,0.0533,LOW,,
H06444,0.8564,HIGH,,
H06445,0.6083,MEDIUM,,
H06446,0.0658,LOW,,
H06447,0.1475,LOW,,
H06448,0.1184,LOW,,
H06449,0.0386,LOW,,
H06450,0.0387,LOW,,
H06451,0.054,LOW,,
H06452,0.1749,LOW,,
H06453,0.0277,LOW,,
H06454,0.067,LOW,,
H06455,0.2121,LOW,,
H06456,0.1672,LOW,,
H06457,0.2673,LOW,,
H06458,0.0906,LOW,,
H06459,0.174,LOW,,
H06460,0.1685,LOW,,
H06461,0.0198,LOW,,
H06462,0.0131,LOW,,
H06463,0.0302,LOW,,
H06464,0.024,LOW,,
H06465,0.6828,MEDIUM,,
H06466,0.1678,LOW,,
H06467,0.0779,LOW,,
H06468,0.742,HIGH,,
H06469,0.0219,LOW,,
H06470,0.0396,LOW,,
H06471,0.0341,LOW,,
H06472,0.7659,HIGH,,
H06473,0.0254,LOW,,
H06474,0.0476,LOW,,
H06475,0.0142,LOW,,
H06476,0.0327,LOW,,
H06477,0.0195,LOW,,
H06478,0.7259,HIGH,,
H06479,0.063,LOW,,
H06480,0.1544,LOW,,
H06481,0.0411,LOW,,
H06482,0.1761,LOW,,
H06483,0.1143,LOW,,
H06484,0.0261,LOW,,
H06485,0.0744,LOW,,
H06486,0.0151,LOW,,
H06487,0.2166,LOW,,
H06488,0.0159,LOW,,
H06489,0.0709,LOW,,
H06490,0.1697,LOW,,
H06491,0.1557,LOW,,
H06492,0.0899,LOW,,
H06493,0.0209,LOW,,
H06494,0.371,LOW,,
H06495,0.0217,LOW,,
H06496,0.4197,MEDIUM,,
H06497,0.1112,LOW,,
H06498,0.2747,LOW,,
H06499,0.0482,LOW,,
H06500,0.0606,LOW,,
H06501,0.0651,LOW,,
H06502,0.0291,LOW,,
H06503,0.4584,MEDIUM,,
H06504,0.0705,LOW,,
H06505,0.1053,LOW,,
H06506,0.274,LOW,,
H06507,0.143,LOW,,
H06508,0.0396,LOW,,
H06509,0.1553,LOW,,
H06510,0.0181,LOW,,
H06511,0.7055,HIGH,,
H06512,0.0458,LOW,,
H06513,0.0418,LOW,,
H06514,0.5584,MEDIUM,,
H06515,0.029,LOW,,
H06516,0.0141,LOW,,
H06517,0.0271,LOW,,
H06518,0.0419,LOW,,
H06519,0.2753,LOW,,
H06520,0.8113,HIGH,,
H06521,0.0412,LOW,,
H06522,0.1906,LOW,,
H06523,0.0815,LOW,,
H06524,0.2073,LOW,,
H06525,0.5521,MEDIUM,,
H06526,0.031,LOW,,
H06527,0.3707,LOW,,
H06528,0.749,HIGH,,
H06529,0.0308,LOW,,
H06530,0.1274,LOW,,
H06531,0.0388,LOW,,
H06532,0.0844,LOW,,
H06533,0.0472,LOW,,
H06534,0.0535,LOW,,
H06535,0.3178,LOW,,
H06536,0.0446,LOW,,
H06537,0.075,LOW,,
H06538,0.3603,LOW,,
H06539,0.0179,LOW,,
H06540,0.0472,LOW,,
H06541,0.7811,HIGH,,
H06542,0.483,MEDIUM,,
H06543,0.1384,LOW,,
H06544,0.0365,LOW,,
H06545,0.1025,LOW,,
H06546,0.3581,LOW,,
H06547,0.2127,LOW,,
H06548,0.0353,LOW,,
H06549,0.4484,MEDIUM,,
H06550,0.083,LOW,,
H06551,0.0976,LOW,,
H06552,0.037,LOW,,
H06553,0.2897,LOW,,
H06554,0.0861,LOW,,
H06555,0.1073,LOW,,
H06556,0.3664,LOW,,
H06557,0.0612,LOW,,
H06558,0.3136,LOW,,
H06559,0.2127,LOW,,
H06560,0.0676,LOW,,
H06561,0.0168,LOW,,
H06562,0.0177,LOW,,
H06563,0.0272,LOW,,
H06564,0.1563,LOW,,
H06565,0.0482,LOW,,
H06566,0.0177,LOW,,
H06567,0.077,LOW,,
H06568,0.1485,LOW,,
H06569,0.0508,LOW,,
H06570,0.5006,MEDIUM,,
H06571,0.0818,LOW,,
H06572,0.0328,LOW,,
H06573,0.6306,MEDIUM,,
H06574,0.0442,LOW,,
H06575,0.067,LOW,,
H06576,0.2917,LOW,,
H06577,0.0645,LOW,,
H06578,0.046,LOW,,
H06579,0.6345,MEDIUM,,
H06580,0.0256,LOW,,
H06581,0.5369,MEDIUM,,
H06582,0.1785,LOW,,
H06583,0.2673,LOW,,
H06584,0.0355,LOW,,
H06585,0.0236,LOW,,
H06586,0.4722,MEDIUM,,
H06587,0.0245,LOW,,
H06588,0.1114,LOW,,
H06589,0.2849,LOW,,
H06590,0.1667,LOW,,
H06591,0.0469,LOW,,
H06592,0.0707,LOW,,
H06593,0.674,MEDIUM,,
H06594,0.071,LOW,,
H06595,0.0974,LOW,,
H06596,0.0374,LOW,,
H06597,0.143,LOW,,
H06598,0.0445,LOW,,
H06599,0.0382,LOW,,
H06600,0.5668,MEDIUM,,
H06601,0.4157,MEDIUM,,
H06602,0.0665,LOW,,
H06603,0.0534,LOW,,
H06604,0.4799,MEDIUM,,
H06605,0.033,LOW,,
H06606,0.7089,HIGH,,
H06607,0.0393,LOW,,
H06608,0.476,MEDIUM,,
H06609,0.5233,MEDIUM,,
H06610,0.1011,LOW,,
H06611,0.1301,LOW,,
H06612,0.6804,MEDIUM,,
H06613,0.0465,LOW,,
H06614,0.0127,LOW,,
H06615,0.1238,LOW,,
H06616,0.1672,LOW,,
H06617,0.1955,LOW,,
H06618,0.1784,LOW,,
H06619,0.3278,LOW,,
H06620,0.1858,LOW,,
H06621,0.1249,LOW,,
H06622,0.1094,LOW,,
H06623,0.051,LOW,,
H06624,0.0232,LOW,,
H06625,0.0887,LOW,,
H06626,0.2464,LOW,,
H06627,0.4353,MEDIUM,,
H06628,0.0262,LOW,,
H06629,0.0276,LOW,,
H06630,0.1514,LOW,,
H06631,0.0245,LOW,,
H06632,0.1976,LOW,,
H06633,0.1145,LOW,,
H06634,0.0133,LOW,,
H06635,0.0422,LOW,,
H06636,0.0485,LOW,,
H06637,0.1834,LOW,,
H06638,0.0779,LOW,,
H06639,0.0256,LOW,,
H06640,0.1509,LOW,,
H06641,0.0985,LOW,,
H06642,0.5343,MEDIUM,,
H06643,0.088,LOW,,
H06644,0.1374,LOW,,
H06645,0.2172,LOW,,
H06646,0.1214,LOW,,
H06647,0.0419,LOW,,
H06648,0.0162,LOW,,
H06649,0.0596,LOW,,
H06650,0.0528,LOW,,
H06651,0.0812,LOW,,
H06652,0.0788,LOW,,
H06653,0.0272,LOW,,
H06654,0.1921,LOW,,
H06655,0.0463,LOW,,
H06656,0.0719,LOW,,
H06657,0.2389,LOW,,
H06658,0.0124,LOW,,
H06659,0.9003,HIGH,,
H06660,0.0229,LOW,,
H06661,0.0254,LOW,,
H06662,0.1147,LOW,,
H06663,0.0129,LOW,,
H06664,0.1536,LOW,,
H06665,0.3518,LOW,,
H06666,0.1593,LOW,,
H06667,0.1221,LOW,,
H06668,0.4224,MEDIUM,,
H06669,0.3407,LOW,,
H06670,0.1454,LOW,,
H06671,0.1083,LOW,,
H06672,0.3163,LOW,,
H06673,0.2849,LOW,,
H06674,0.0463,LOW,,
H06675,0.033,LOW,,
H06676,0.026,LOW,,
H06677,0.055,LOW,,
H06678,0.0358,LOW,,
H06679,0.0205,LOW,,
H06680,0.0356,LOW,,
H06681,0.0599,LOW,,
H06682,0.6418,MEDIUM,,
H06683,0.0886,LOW,,
H06684,0.2417,LOW,,
H06685,0.2053,LOW,,
H06686,0.0654,LOW,,
H06687,0.1092,LOW,,
H06688,0.0427,LOW,,
H06689,0.1296,LOW,,
H06690,0.0378,LOW,,
H06691,0.0208,LOW,,
H06692,0.0379,LOW,,
H06693,0.1178,LOW,,
H06694,0.0497,LOW,,
H06695,0.1665,LOW,,
H06696,0.0569,LOW,,
H06697,0.118,LOW,,
H06698,0.0825,LOW,,
H06699,0.8625,HIGH,,
H06700,0.0225,LOW,,
H06701,0.0308,LOW,,
H06702,0.0741,LOW,,
H06703,0.0363,LOW,,
H06704,0.0965,LOW,,
H06705,0.4147,MEDIUM,,
H06706,0.0379,LOW,,
H06707,0.0228,LOW,,
H06708,0.8673,HIGH,,
H06709,0.0487,LOW,,
H06710,0.0673,LOW,,
H06711,0.0998,LOW,,
H06712,0.2419,LOW,,
H06713,0.0323,LOW,,
H06714,0.3457,LOW,,
H06715,0.0753,LOW,,
H06716,0.1195,LOW,,
H06717,0.0683,LOW,,
H06718,0.0218,LOW,,
H06719,0.0949,LOW,,
H06720,0.1962,LOW,,
H06721,0.016,LOW,,
H06722,0.2175,LOW,,
H06723,0.3309,LOW,,
H06724,0.1483,LOW,,
H06725,0.078,LOW,,
H06726,0.2388,LOW,,
H06727,0.0321,LOW,,
H06728,0.0319,LOW,,
H06729,0.2296,LOW,,
H06730,0.5737,MEDIUM,,
H06731,0.0365,LOW,,
H06732,0.1267,LOW,,
H06733,0.9012,HIGH,,
H06734,0.0876,LOW,,
H06735,0.0239,LOW,,
H06736,0.1386,LOW,,
H06737,0.0762,LOW,,
H06738,0.5208,MEDIUM,,
H06739,0.7592,HIGH,,
H06740,0.0344,LOW,,
H06741,0.0564,LOW,,
H06742,0.2642,LOW,,
H06743,0.2363,LOW,,
H06744,0.7409,HIGH,,
H06745,0.3909,LOW,,
H06746,0.0223,LOW,,
H06747,0.5497,MEDIUM,,
H06748,0.0236,LOW,,
H06749,0.5922,MEDIUM,,
H06750,0.1858,LOW,,
H06751,0.3127,LOW,,
H06752,0.5661,MEDIUM,,
H06753,0.3043,LOW,,
H06754,0.0269,LOW,,
H06755,0.0148,LOW,,
H06756,0.0193,LOW,,
H06757,0.0459,LOW,,
H06758,0.2521,LOW,,
H06759,0.0187,LOW,,
H06760,0.0591,LOW,,
H06761,0.0554,LOW,,
H06762,0.1181,LOW,,
H06763,0.2667,LOW,,
H06764,0.0881,LOW,,
H06765,0.0511,LOW,,
H06766,0.0133,LOW,,
H06767,0.0336,LOW,,
H06768,0.2444,LOW,,
H06769,0.128,LOW,,
H06770,0.0554,LOW,,
H06771,0.0793,LOW,,
H06772,0.0441,LOW,,
H06773,0.465,MEDIUM,,
H06774,0.4102,MEDIUM,,
H06775,0.2664,LOW,,
H06776,0.2629,LOW,,
H06777,0.0629,LOW,,
H06778,0.6677,MEDIUM,,
H06779,0.8039,HIGH,,
H06780,0.0449,LOW,,
H06781,0.3973,LOW,,
H06782,0.0186,LOW,,
H06783,0.2181,LOW,,
H06784,0.0222,LOW,,
H06785,0.5463,MEDIUM,,
H06786,0.0207,LOW,,
H06787,0.3133,LOW,,
H06788,0.0645,LOW,,
H06789,0.0858,LOW,,
H06790,0.0233,LOW,,
H06791,0.6722,MEDIUM,,
H06792,0.4028,MEDIUM,,
H06793,0.2755,LOW,,
H06794,0.0135,LOW,,
H06795,0.1425,LOW,,
H06796,0.0195,LOW,,
H06797,0.9032,HIGH,,
H06798,0.0702,LOW,,
H06799,0.1152,LOW,,
H06800,0.4022,MEDIUM,,
H06801,0.5668,MEDIUM,,
H06802,0.1281,LOW,,
H06803,0.0749,LOW,,
H06804,0.8001,HIGH,,
H06805,0.5474,MEDIUM,,
H06806,0.3728,LOW,,
H06807,0.0643,LOW,,
H06808,0.1759,LOW,,
H06809,0.2044,LOW,,
H06810,0.011,LOW,,
H06811,0.058,LOW,,
H06812,0.3974,LOW,,
H06813,0.5413,MEDIUM,,
H06814,0.0588,LOW,,
H06815,0.6584,MEDIUM,,
H06816,0.0822,LOW,,
H06817,0.0988,LOW,,
H06818,0.7989,HIGH,,
H06819,0.0604,LOW,,
H06820,0.1154,LOW,,
H06821,0.1407,LOW,,
H06822,0.0413,LOW,,
H06823,0.1102,LOW,,
H06824,0.0365,LOW,,
H06825,0.0252,LOW,,
H06826,0.0434,LOW,,
H06827,0.1238,LOW,,
H06828,0.5095,MEDIUM,,
H06829,0.1341,LOW,,
H06830,0.0703,LOW,,
H06831,0.0473,LOW,,
H06832,0.0671,LOW,,
H06833,0.7995,HIGH,,
H06834,0.0662,LOW,,
H06835,0.1291,LOW,,
H06836,0.0538,LOW,,
H06837,0.9207,HIGH,,
H06838,0.0188,LOW,,
H06839,0.0794,LOW,,
H06840,0.0384,LOW,,
H06841,0.0108,LOW,,
H06842,0.1226,LOW,,
H06843,0.0328,LOW,,
H06844,0.1449,LOW,,
H06845,0.0169,LOW,,
H06846,0.0626,LOW,,
H06847,0.6805,MEDIUM,,
H06848,0.1092,LOW,,
H06849,0.4293,MEDIUM,,
H06850,0.0704,LOW,,
H06851,0.0876,LOW,,
H06852,0.0318,LOW,,
H06853,0.0873,LOW,,
H06854,0.0256,LOW,,
H06855,0.5327,MEDIUM,,
H06856,0.2567,LOW,,
H06857,0.0252,LOW,,
H06858,0.1024,LOW,,
H06859,0.0761,LOW,,
H06860,0.1861,LOW,,
H06861,0.1337,LOW,,
H06862,0.1138,LOW,,
H06863,0.0295,LOW,,
H06864,0.2474,LOW,,
H06865,0.1473,LOW,,
H06866,0.2128,LOW,,
H06867,0.7534,HIGH,,
H06868,0.1479,LOW,,
H06869,0.0216,LOW,,
H06870,0.0372,LOW,,
H06871,0.0758,LOW,,
H06872,0.0286,LOW,,
H06873,0.022,LOW,,
H06874,0.0352,LOW,,
H06875,0.0195,LOW,,
H06876,0.0272,LOW,,
H06877,0.1663,LOW,,
H06878,0.4493,MEDIUM,,
H06879,0.449,MEDIUM,,
H06880,0.0817,LOW,,
H06881,0.1986,LOW,,
H06882,0.0602,LOW,,
H06883,0.6651,MEDIUM,,
H06884,0.0611,LOW,,
H06885,0.1075,LOW,,
H06886,0.7463,HIGH,,
H06887,0.6554,MEDIUM,,
H06888,0.6573,MEDIUM,,
H06889,0.05,LOW,,
H06890,0.2176,LOW,,
H06891,0.0663,LOW,,
H06892,0.2817,LOW,,
H06893,0.0879,LOW,,
H06894,0.5898,MEDIUM,,
H06895,0.073,LOW,,
H06896,0.2888,LOW,,
H06897,0.1637,LOW,,
H06898,0.046,LOW,,
H06899,0.1675,LOW,,
H06900,0.7572,HIGH,,
H06901,0.0157,LOW,,
H06902,0.0472,LOW,,
H06903,0.1655,LOW,,
H06904,0.1138,LOW,,
H06905,0.0181,LOW,,
H06906,0.8641,HIGH,,
H06907,0.0235,LOW,,
H06908,0.074,LOW,,
H06909,0.3045,LOW,,
H06910,0.2075,LOW,,
H06911,0.4838,MEDIUM,,
H06912,0.0886,LOW,,
H06913,0.8326,HIGH,,
H06914,0.0563,LOW,,
H06915,0.0183,LOW,,
H06916,0.0543,LOW,,
H06917,0.0492,LOW,,
H06918,0.7798,HIGH,,
H06919,0.515,MEDIUM,,
H06920,0.0337,LOW,,
H06921,0.0506,LOW,,
H06922,0.0202,LOW,,
H06923,0.1218,LOW,,
H06924,0.0715,LOW,,
H06925,0.5169,MEDIUM,,
H06926,0.0564,LOW,,
H06927,0.0547,LOW,,
H06928,0.1679,LOW,,
H06929,0.105,LOW,,
H06930,0.3013,LOW,,
H06931,0.5754,MEDIUM,,
H06932,0.3418,LOW,,
H06933,0.5397,MEDIUM,,
H06934,0.1546,LOW,,
H06935,0.1419,LOW,,
H06936,0.0896,LOW,,
H06937,0.0791,LOW,,
H06938,0.0727,LOW,,
H06939,0.0276,LOW,,
H06940,0.1412,LOW,,
H06941,0.6368,MEDIUM,,
H06942,0.5069,MEDIUM,,
H06943,0.1229,LOW,,
H06944,0.0249,LOW,,
H06945,0.2225,LOW,,
H06946,0.0377,LOW,,
H06947,0.0886,LOW,,
H06948,0.0287,LOW,,
H06949,0.8291,HIGH,,
H06950,0.0783,LOW,,
H06951,0.1923,LOW,,
H06952,0.0945,LOW,,
H06953,0.3283,LOW,,
H06954,0.0518,LOW,,
H06955,0.3359,LOW,,
H06956,0.132,LOW,,
H06957,0.2146,LOW,,
H06958,0.2034,LOW,,
H06959,0.0282,LOW,,
H06960,0.047,LOW,,
H06961,0.0849,LOW,,
H06962,0.3505,LOW,,
H06963,0.0254,LOW,,
H06964,0.052,LOW,,
H06965,0.4541,MEDIUM,,
H06966,0.2617,LOW,,
H06967,0.2684,LOW,,
H06968,0.7636,HIGH,,
H06969,0.1001,LOW,,
H06970,0.0899,LOW,,
H06971,0.8693,HIGH,,
H06972,0.0381,LOW,,
H06973,0.2156,LOW,,
H06974,0.0639,LOW,,
H06975,0.5335,MEDIUM,,
H06976,0.1352,LOW,,
H06977,0.7976,HIGH,,
H06978,0.0739,LOW,,
H06979,0.6581,MEDIUM,,
H06980,0.0356,LOW,,
H06981,0.1149,LOW,,
H06982,0.1309,LOW,,
H06983,0.186,LOW,,
H06984,0.0801,LOW,,
H06985,0.2537,LOW,,
H06986,0.0938,LOW,,
H06987,0.1347,LOW,,
H06988,0.0434,LOW,,
H06989,0.3561,LOW,,
H06990,0.0865,LOW,,
H06991,0.7748,HIGH,,
H06992,0.8248,HIGH,,
H06993,0.5023,MEDIUM,,
H06994,0.0496,LOW,,
H06995,0.0674,LOW,,
H06996,0.2397,LOW,,
H06997,0.0329,LOW,,
H06998,0.2674,LOW,,
H06999,0.0796,LOW,,
H07000,0.0208,LOW,,
H07001,0.1315,LOW,,
H07002,0.1417,LOW,,
H07003,0.8347,HIGH,,
H07004,0.5553,MEDIUM,,
H07005,0.0912,LOW,,
H07006,0.7347,HIGH,,
H07007,0.0798,LOW,,
H07008,0.0839,LOW,,
H07009,0.0723,LOW,,
H07010,0.3378,LOW,,
H07011,0.0963,LOW,,
H07012,0.0479,LOW,,
H07013,0.0948,LOW,,
H07014,0.3842,LOW,,
H07015,0.0446,LOW,,
H07016,0.0133,LOW,,
H07017,0.1233,LOW,,
H07018,0.0248,LOW,,
H07019,0.2343,LOW,,
H07020,0.0721,LOW,,
H07021,0.1037,LOW,,
H07022,0.1091,LOW,,
H07023,0.0866,LOW,,
H07024,0.1633,LOW,,
H07025,0.0151,LOW,,
H07026,0.2541,LOW,,
H07027,0.0537,LOW,,
H07028,0.0519,LOW,,
H07029,0.6434,MEDIUM,,
H07030,0.0326,LOW,,
H07031,0.0844,LOW,,
H07032,0.1634,LOW,,
H07033,0.0814,LOW,,
H07034,0.0915,LOW,,
H07035,0.486,MEDIUM,,
H07036,0.1667,LOW,,
H07037,0.0351,LOW,,
H07038,0.7667,HIGH,,
H07039,0.7478,HIGH,,
H07040,0.0772,LOW,,
H07041,0.3274,LOW,,
H07042,0.6297,MEDIUM,,
H07043,0.0845,LOW,,
H07044,0.1748,LOW,,
H07045,0.1053,LOW,,
H07046,0.6669,MEDIUM,,
H07047,0.0637,LOW,,
H07048,0.0702,LOW,,
H07049,0.1317,LOW,,
H07050,0.0546,LOW,,
H07051,0.2564,LOW,,
H07052,0.1445,LOW,,
H07053,0.0902,LOW,,
H07054,0.4014,MEDIUM,,
H07055,0.0239,LOW,,
H07056,0.651,MEDIUM,,
H07057,0.035,LOW,,
H07058,0.0975,LOW,,
H07059,0.3506,LOW,,
H07060,0.0885,LOW,,
H07061,0.0325,LOW,,
H07062,0.0106,LOW,,
H07063,0.0401,LOW,,
H07064,0.3184,LOW,,
H07065,0.1352,LOW,,
H07066,0.1401,LOW,,
H07067,0.0368,LOW,,
H07068,0.0424,LOW,,
H07069,0.2867,LOW,,
H07070,0.0361,LOW,,
H07071,0.0635,LOW,,
H07072,0.2948,LOW,,
H07073,0.7058,HIGH,,
H07074,0.1522,LOW,,
H07075,0.0775,LOW,,
H07076,0.0698,LOW,,
H07077,0.1132,LOW,,
H07078,0.0432,LOW,,
H07079,0.0272,LOW,,
H07080,0.02,LOW,,
H07081,0.0276,LOW,,
H07082,0.9632,HIGH,,
H07083,0.0264,LOW,,
H07084,0.0994,LOW,,
H07085,0.16,LOW,,
H07086,0.0169,LOW,,
H07087,0.092,LOW,,
H07088,0.0505,LOW,,
H07089,0.0183,LOW,,
H07090,0.0519,LOW,,
H07091,0.0396,LOW,,
H07092,0.0843,LOW,,
H07093,0.0434,LOW,,
H07094,0.0212,LOW,,
H07095,0.1066,LOW,,
H07096,0.056,LOW,,
H07097,0.66,MEDIUM,,
H07098,0.9485,HIGH,,
H07099,0.0375,LOW,,
H07100,0.073,LOW,,
H07101,0.0675,LOW,,
H07102,0.05,LOW,,
H07103,0.0652,LOW,,
H07104,0.0636,LOW,,
H07105,0.0313,LOW,,
H07106,0.2457,LOW,,
H07107,0.5786,MEDIUM,,
H07108,0.6465,MEDIUM,,
H07109,0.0617,LOW,,
H07110,0.0202,LOW,,
H07111,0.5471,MEDIUM,,
H07112,0.8266,HIGH,,
H07113,0.0335,LOW,,
H07114,0.0829,LOW,,
H07115,0.0778,LOW,,
H07116,0.5664,MEDIUM,,
H07117,0.0239,LOW,,
H07118,0.2089,LOW,,
H07119,0.0289,LOW,,
H07120,0.063,LOW,,
H07121,0.3153,LOW,,
H07122,0.1939,LOW,,
H07123,0.2205,LOW,,
H07124,0.2585,LOW,,
H07125,0.129,LOW,,
H07126,0.0778,LOW,,
H07127,0.8525,HIGH,,
H07128,0.0583,LOW,,
H07129,0.0235,LOW,,
H07130,0.0698,LOW,,
H07131,0.0297,LOW,,
H07132,0.0301,LOW,,
H07133,0.1111,LOW,,
H07134,0.3267,LOW,,
H07135,0.076,LOW,,
H07136,0.5583,MEDIUM,,
H07137,0.7671,HIGH,,
H07138,0.0285,LOW,,
H07139,0.3134,LOW,,
H07140,0.0426,LOW,,
H07141,0.6781,MEDIUM,,
H07142,0.0266,LOW,,
H07143,0.0653,LOW,,
H07144,0.027,LOW,,
H07145,0.4285,MEDIUM,,
H07146,0.2398,LOW,,
H07147,0.8455,HIGH,,
H07148,0.0472,LOW,,
H07149,0.6399,MEDIUM,,
H07150,0.2304,LOW,,
H07151,0.0525,LOW,,
H07152,0.1579,LOW,,
H07153,0.0334,LOW,,
H07154,0.0866,LOW,,
H07155,0.2507,LOW,,
H07156,0.1945,LOW,,
H07157,0.0798,LOW,,
H07158,0.0539,LOW,,
H07159,0.1334,LOW,,
H07160,0.0278,LOW,,
H07161,0.4505,MEDIUM,,
H07162,0.1765,LOW,,
H07163,0.0346,LOW,,
H07164,0.0361,LOW,,
H07165,0.3242,LOW,,
H07166,0.0194,LOW,,
H07167,0.8257,HIGH,,
H07168,0.2899,LOW,,
H07169,0.0794,LOW,,
H07170,0.1139,LOW,,
H07171,0.0259,LOW,,
H07172,0.114,LOW,,
H07173,0.2518,LOW,,
H07174,0.1437,LOW,,
H07175,0.067,LOW,,
H07176,0.2065,LOW,,
H07177,0.0744,LOW,,
H07178,0.7024,HIGH,,
H07179,0.0872,LOW,,
H07180,0.1264,LOW,,
H07181,0.6638,MEDIUM,,
H07182,0.2532,LOW,,
H07183,0.0478,LOW,,
H07184,0.5336,MEDIUM,,
H07185,0.2173,LOW,,
H07186,0.6277,MEDIUM,,
H07187,0.0403,LOW,,
H07188,0.7583,HIGH,,
H07189,0.0854,LOW,,
H07190,0.06,LOW,,
H07191,0.046,LOW,,
H07192,0.0289,LOW,,
H07193,0.0334,LOW,,
H07194,0.0178,LOW,,
H07195,0.4827,MEDIUM,,
H07196,0.0267,LOW,,
H07197,0.0656,LOW,,
H07198,0.0292,LOW,,
H07199,0.2459,LOW,,
H07200,0.319,LOW,,
H07201,0.5843,MEDIUM,,
H07202,0.0715,LOW,,
H07203,0.2919,LOW,,
H07204,0.0245,LOW,,
H07205,0.0756,LOW,,
H07206,0.0529,LOW,,
H07207,0.0296,LOW,,
H07208,0.0238,LOW,,
H07209,0.0393,LOW,,
H07210,0.0517,LOW,,
H07211,0.027,LOW,,
H07212,0.046,LOW,,
H07213,0.0702,LOW,,
H07214,0.5746,MEDIUM,,
H07215,0.1012,LOW,,
H07216,0.1738,LOW,,
H07217,0.035,LOW,,
H07218,0.044,LOW,,
H07219,0.1552,LOW,,
H07220,0.6229,MEDIUM,,
H07221,0.1789,LOW,,
H07222,0.3061,LOW,,
H07223,0.8175,HIGH,,
H07224,0.1793,LOW,,
H07225,0.5251,MEDIUM,,
H07226,0.0767,LOW,,
H07227,0.3307,LOW,,
H07228,0.0612,LOW,,
H07229,0.0758,LOW,,
H07230,0.0421,LOW,,
H07231,0.0218,LOW,,
H07232,0.0677,LOW,,
H07233,0.1074,LOW,,
H07234,0.1126,LOW,,
H07235,0.007,LOW,,
H07236,0.1965,LOW,,
H07237,0.4242,MEDIUM,,
H07238,0.0722,LOW,,
H07239,0.4831,MEDIUM,,
H07240,0.0886,LOW,,
H07241,0.0686,LOW,,
H07242,0.6037,MEDIUM,,
H07243,0.0685,LOW,,
H07244,0.6557,MEDIUM,,
H07245,0.0521,LOW,,
H07246,0.2085,LOW,,
H07247,0.401,MEDIUM,,
H07248,0.0469,LOW,,
H07249,0.0728,LOW,,
H07250,0.3473,LOW,,
H07251,0.62,MEDIUM,,
H07252,0.0774,LOW,,
H07253,0.1803,LOW,,
H07254,0.3801,LOW,,
H07255,0.2148,LOW,,
H07256,0.088,LOW,,
H07257,0.0883,LOW,,
H07258,0.8536,HIGH,,
H07259,0.481,MEDIUM,,
H07260,0.0954,LOW,,
H07261,0.2141,LOW,,
H07262,0.0304,LOW,,
H07263,0.0736,LOW,,
H07264,0.0364,LOW,,
H07265,0.0686,LOW,,
H07266,0.0623,LOW,,
H07267,0.0359,LOW,,
H07268,0.0335,LOW,,
H07269,0.0236,LOW,,
H07270,0.5652,MEDIUM,,
H07271,0.8758,HIGH,,
H07272,0.0613,LOW,,
H07273,0.0527,LOW,,
H07274,0.0478,LOW,,
H07275,0.0455,LOW,,
H07276,0.917,HIGH,,
H07277,0.0312,LOW,,
H07278,0.1402,LOW,,
H07279,0.1718,LOW,,
H07280,0.0126,LOW,,
H07281,0.0994,LOW,,
H07282,0.3843,LOW,,
H07283,0.0797,LOW,,
H07284,0.0191,LOW,,
H07285,0.2656,LOW,,
H07286,0.0715,LOW,,
H07287,0.0482,LOW,,
H07288,0.1255,LOW,,
H07289,0.0108,LOW,,
H07290,0.0298,LOW,,
H07291,0.2284,LOW,,
H07292,0.0617,LOW,,
H07293,0.0785,LOW,,
H07294,0.1185,LOW,,
H07295,0.0256,LOW,,
H07296,0.0096,LOW,,
H07297,0.1389,LOW,,
H07298,0.0416,LOW,,
H07299,0.0349,LOW,,
H07300,0.0285,LOW,,
H07301,0.4561,MEDIUM,,
H07302,0.0436,LOW,,
H07303,0.3014,LOW,,
H07304,0.0178,LOW,,
H07305,0.1625,LOW,,
H07306,0.1795,LOW,,
H07307,0.3171,LOW,,
H07308,0.0333,LOW,,
H07309,0.1788,LOW,,
H07310,0.0519,LOW,,
H07311,0.1769,LOW,,
H07312,0.104,LOW,,
H07313,0.0614,LOW,,
H07314,0.1522,LOW,,
H07315,0.8218,HIGH,,
H07316,0.1291,LOW,,
H07317,0.0453,LOW,,
H07318,0.0381,LOW,,
H07319,0.7121,HIGH,,
H07320,0.0412,LOW,,
H07321,0.0851,LOW,,
H07322,0.2435,LOW,,
H07323,0.0825,LOW,,
H07324,0.0574,LOW,,
H07325,0.5628,MEDIUM,,
H07326,0.034,LOW,,
H07327,0.1937,LOW,,
H07328,0.045,LOW,,
H07329,0.0173,LOW,,
H07330,0.0124,LOW,,
H07331,0.2169,LOW,,
H07332,0.0809,LOW,,
H07333,0.0136,LOW,,
H07334,0.4675,MEDIUM,,
H07335,0.6543,MEDIUM,,
H07336,0.0272,LOW,,
H07337,0.2745,LOW,,
H07338,0.4781,MEDIUM,,
H07339,0.2147,LOW,,
H07340,0.1832,LOW,,
H07341,0.0522,LOW,,
H07342,0.3387,LOW,,
H07343,0.0252,LOW,,
H07344,0.7511,HIGH,,
H07345,0.1543,LOW,,
H07346,0.6561,MEDIUM,,
H07347,0.0318,LOW,,
H07348,0.0513,LOW,,
H07349,0.0459,LOW,,
H07350,0.0517,LOW,,
H07351,0.7478,HIGH,,
H07352,0.138,LOW,,
H07353,0.2075,LOW,,
H07354,0.7957,HIGH,,
H07355,0.1278,LOW,,
H07356,0.027,LOW,,
H07357,0.0229,LOW,,
H07358,0.3772,LOW,,
H07359,0.1068,LOW,,
H07360,0.0935,LOW,,
H07361,0.209,LOW,,
H07362,0.6538,MEDIUM,,
H07363,0.0512,LOW,,
H07364,0.3012,LOW,,
H07365,0.0978,LOW,,
H07366,0.7413,HIGH,,
H07367,0.17,LOW,,
H07368,0.0449,LOW,,
H07369,0.0189,LOW,,
H07370,0.1408,LOW,,
H07371,0.058,LOW,,
H07372,0.4131,MEDIUM,,
H07373,0.4888,MEDIUM,,
H07374,0.4631,MEDIUM,,
H07375,0.0614,LOW,,
H07376,0.0458,LOW,,
H07377,0.0436,LOW,,
H07378,0.1164,LOW,,
H07379,0.0152,LOW,,
H07380,0.0177,LOW,,
H07381,0.2159,LOW,,
H07382,0.1182,LOW,,
H07383,0.7166,HIGH,,
H07384,0.0215,LOW,,
H07385,0.0324,LOW,,
H07386,0.0457,LOW,,
H07387,0.1566,LOW,,
H07388,0.0606,LOW,,
H07389,0.9063,HIGH,,
H07390,0.277,LOW,,
H07391,0.4005,MEDIUM,,
H07392,0.0139,LOW,,
H07393,0.4665,MEDIUM,,
H07394,0.0367,LOW,,
H07395,0.0562,LOW,,
H07396,0.3285,LOW,,
H07397,0.1312,LOW,,
H07398,0.0492,LOW,,
H07399,0.1102,LOW,,
H07400,0.1716,LOW,,
H07401,0.1822,LOW,,
H07402,0.0183,LOW,,
H07403,0.2236,LOW,,
H07404,0.6548,MEDIUM,,
H07405,0.0137,LOW,,
H07406,0.3544,LOW,,
H07407,0.0264,LOW,,
H07408,0.2587,LOW,,
H07409,0.2225,LOW,,
H07410,0.1097,LOW,,
H07411,0.2039,LOW,,
H07412,0.0452,LOW,,
H07413,0.0986,LOW,,
H07414,0.0886,LOW,,
H07415,0.8288,HIGH,,
H07416,0.0322,LOW,,
H07417,0.1291,LOW,,
H07418,0.1073,LOW,,
H07419,0.6372,MEDIUM,,
H07420,0.0318,LOW,,
H07421,0.1494,LOW,,
H07422,0.1444,LOW,,
H07423,0.8298,HIGH,,
H07424,0.1112,LOW,,
H07425,0.0804,LOW,,
H07426,0.0238,LOW,,
H07427,0.0967,LOW,,
H07428,0.2893,LOW,,
H07429,0.0488,LOW,,
H07430,0.0207,LOW,,
H07431,0.3015,LOW,,
H07432,0.0375,LOW,,
H07433,0.1028,LOW,,
H07434,0.0507,LOW,,
H07435,0.7088,HIGH,,
H07436,0.2519,LOW,,
H07437,0.1141,LOW,,
H07438,0.0908,LOW,,
H07439,0.1876,LOW,,
H07440,0.8451,HIGH,,
H07441,0.0751,LOW,,
H07442,0.0319,LOW,,
H07443,0.1747,LOW,,
H07444,0.4451,MEDIUM,,
H07445,0.123,LOW,,
H07446,0.3172,LOW,,
H07447,0.9238,HIGH,,
H07448,0.0324,LOW,,
H07449,0.0348,LOW,,
H07450,0.0534,LOW,,
H07451,0.0538,LOW,,
H07452,0.1241,LOW,,
H07453,0.2487,LOW,,
H07454,0.1908,LOW,,
H07455,0.389,LOW,,
H07456,0.0396,LOW,,
H07457,0.0239,LOW,,
H07458,0.235,LOW,,
H07459,0.8173,HIGH,,
H07460,0.8324,HIGH,,
H07461,0.1625,LOW,,
H07462,0.1929,LOW,,
H07463,0.2389,LOW,,
H07464,0.0197,LOW,,
H07465,0.8559,HIGH,,
H07466,0.0772,LOW,,
H07467,0.1375,LOW,,
H07468,0.1267,LOW,,
H07469,0.1018,LOW,,
H07470,0.0741,LOW,,
H07471,0.1988,LOW,,
H07472,0.0661,LOW,,
H07473,0.5649,MEDIUM,,
H07474,0.0261,LOW,,
H07475,0.2062,LOW,,
H07476,0.0305,LOW,,
H07477,0.1542,LOW,,
H07478,0.3071,LOW,,
H07479,0.2487,LOW,,
H07480,0.0209,LOW,,
H07481,0.3968,LOW,,
H07482,0.0449,LOW,,
H07483,0.2554,LOW,,
H07484,0.0221,LOW,,
H07485,0.0332,LOW,,
H07486,0.1705,LOW,,
H07487,0.141,LOW,,
H07488,0.0304,LOW,,
H07489,0.0347,LOW,,
H07490,0.18,LOW,,
H07491,0.0188,LOW,,
H07492,0.691,MEDIUM,,
H07493,0.3854,LOW,,
H07494,0.0219,LOW,,
H07495,0.4581,MEDIUM,,
H07496,0.1007,LOW,,
H07497,0.0619,LOW,,
H07498,0.0533,LOW,,
H07499,0.0185,LOW,,
H07500,0.8106,HIGH,,
H07501,0.1854,LOW,,
H07502,0.0218,LOW,,
H07503,0.0312,LOW,,
H07504,0.0249,LOW,,
H07505,0.4812,MEDIUM,,
H07506,0.0428,LOW,,
H07507,0.0434,LOW,,
H07508,0.0246,LOW,,
H07509,0.0368,LOW,,
H07510,0.22,LOW,,
H07511,0.1957,LOW,,
H07512,0.0289,LOW,,
H07513,0.016,LOW,,
H07514,0.0088,LOW,,
H07515,0.0308,LOW,,
H07516,0.0661,LOW,,
H07517,0.1202,LOW,,
H07518,0.8756,HIGH,,
H07519,0.4212,MEDIUM,,
H07520,0.3435,LOW,,
H07521,0.2083,LOW,,
H07522,0.7781,HIGH,,
H07523,0.1282,LOW,,
H07524,0.0418,LOW,,
H07525,0.5192,MEDIUM,,
H07526,0.0843,LOW,,
H07527,0.0991,LOW,,
H07528,0.2385,LOW,,
H07529,0.0102,LOW,,
H07530,0.0398,LOW,,
H07531,0.1245,LOW,,
H07532,0.0299,LOW,,
H07533,0.3016,LOW,,
H07534,0.0546,LOW,,
H07535,0.019,LOW,,
H07536,0.1691,LOW,,
H07537,0.0912,LOW,,
H07538,0.2245,LOW,,
H07539,0.1594,LOW,,
H07540,0.0613,LOW,,
H07541,0.6859,MEDIUM,,
H07542,0.1394,LOW,,
H07543,0.1611,LOW,,
H07544,0.0412,LOW,,
H07545,0.0747,LOW,,
H07546,0.0382,LOW,,
H07547,0.0393,LOW,,
H07548,0.6077,MEDIUM,,
H07549,0.0157,LOW,,
H07550,0.146,LOW,,
H07551,0.8515,HIGH,,
H07552,0.0557,LOW,,
H07553,0.1061,LOW,,
H07554,0.5448,MEDIUM,,
H07555,0.0962,LOW,,
H07556,0.1282,LOW,,
H07557,0.1043,LOW,,
H07558,0.1848,LOW,,
H07559,0.5286,MEDIUM,,
H07560,0.0901,LOW,,
H07561,0.1494,LOW,,
H07562,0.0267,LOW,,
H07563,0.0155,LOW,,
H07564,0.0305,LOW,,
H07565,0.0209,LOW,,
H07566,0.7464,HIGH,,
H07567,0.7782,HIGH,,
H07568,0.3487,LOW,,
H07569,0.0546,LOW,,
H07570,0.137,LOW,,
H07571,0.0334,LOW,,
H07572,0.0629,LOW,,
H07573,0.0272,LOW,,
H07574,0.1966,LOW,,
H07575,0.023,LOW,,
H07576,0.7124,HIGH,,
H07577,0.4967,MEDIUM,,
H07578,0.0924,LOW,,
H07579,0.0881,LOW,,
H07580,0.4807,MEDIUM,,
H07581,0.5561,MEDIUM,,
H07582,0.0426,LOW,,
H07583,0.0238,LOW,,
H07584,0.1283,LOW,,
H07585,0.0207,LOW,,
H07586,0.0342,LOW,,
H07587,0.3827,LOW,,
H07588,0.2185,LOW,,
H07589,0.0715,LOW,,
H07590,0.1042,LOW,,
H07591,0.0727,LOW,,
H07592,0.0406,LOW,,
H07593,0.4304,MEDIUM,,
H07594,0.0854,LOW,,
H07595,0.2546,LOW,,
H07596,0.6788,MEDIUM,,
H07597,0.5148,MEDIUM,,
H07598,0.8678,HIGH,,
H07599,0.233,LOW,,
H07600,0.0301,LOW,,
H07601,0.0344,LOW,,
H07602,0.0718,LOW,,
H07603,0.0433,LOW,,
H07604,0.3933,LOW,,
H07605,0.1555,LOW,,
H07606,0.0208,LOW,,
H07607,0.1469,LOW,,
H07608,0.8296,HIGH,,
H07609,0.0893,LOW,,
H07610,0.5912,MEDIUM,,
H07611,0.0135,LOW,,
H07612,0.0999,LOW,,
H07613,0.0981,LOW,,
H07614,0.0355,LOW,,
H07615,0.0954,LOW,,
H07616,0.0282,LOW,,
H07617,0.1906,LOW,,
H07618,0.1036,LOW,,
H07619,0.0431,LOW,,
H07620,0.0341,LOW,,
H07621,0.1215,LOW,,
H07622,0.9029,HIGH,,
H07623,0.0272,LOW,,
H07624,0.0995,LOW,,
H07625,0.0707,LOW,,
H07626,0.0219,LOW,,
H07627,0.5,MEDIUM,,
H07628,0.0332,LOW,,
H07629,0.9459,HIGH,,
H07630,0.0243,LOW,,
H07631,0.0741,LOW,,
H07632,0.3346,LOW,,
H07633,0.0269,LOW,,
H07634,0.6339,MEDIUM,,
H07635,0.2296,LOW,,
H07636,0.2856,LOW,,
H07637,0.0658,LOW,,
H07638,0.5813,MEDIUM,,
H07639,0.0395,LOW,,
H07640,0.1942,LOW,,
H07641,0.3139,LOW,,
H07642,0.5303,MEDIUM,,
H07643,0.4472,MEDIUM,,
H07644,0.0987,LOW,,
H07645,0.1788,LOW,,
H07646,0.1532,LOW,,
H07647,0.0438,LOW,,
H07648,0.1767,LOW,,
H07649,0.23,LOW,,
H07650,0.8487,HIGH,,
H07651,0.0686,LOW,,
H07652,0.0731,LOW,,
H07653,0.1346,LOW,,
H07654,0.3941,LOW,,
H07655,0.1601,LOW,,
H07656,0.0418,LOW,,
H07657,0.0262,LOW,,
H07658,0.5261,MEDIUM,,
H07659,0.5057,MEDIUM,,
H07660,0.5872,MEDIUM,,
H07661,0.094,LOW,,
H07662,0.2581,LOW,,
H07663,0.8193,HIGH,,
H07664,0.0652,LOW,,
H07665,0.0628,LOW,,
H07666,0.0872,LOW,,
H07667,0.3715,LOW,,
H07668,0.0711,LOW,,
H07669,0.1763,LOW,,
H07670,0.2066,LOW,,
H07671,0.6491,MEDIUM,,
H07672,0.4421,MEDIUM,,
H07673,0.0164,LOW,,
H07674,0.0672,LOW,,
H07675,0.4865,MEDIUM,,
H07676,0.772,HIGH,,
H07677,0.0215,LOW,,
H07678,0.0225,LOW,,
H07679,0.052,LOW,,
H07680,0.3098,LOW,,
H07681,0.2336,LOW,,
H07682,0.0219,LOW,,
H07683,0.2154,LOW,,
H07684,0.3247,LOW,,
H07685,0.6461,MEDIUM,,
H07686,0.5508,MEDIUM,,
H07687,0.9182,HIGH,,
H07688,0.0141,LOW,,
H07689,0.1896,LOW,,
H07690,0.0622,LOW,,
H07691,0.7354,HIGH,,
H07692,0.0337,LOW,,
H07693,0.3204,LOW,,
H07694,0.0411,LOW,,
H07695,0.0298,LOW,,
H07696,0.1525,LOW,,
H07697,0.1111,LOW,,
H07698,0.0567,LOW,,
H07699,0.0645,LOW,,
H07700,0.0466,LOW,,
H07701,0.0321,LOW,,
H07702,0.1107,LOW,,
H07703,0.0975,LOW,,
H07704,0.0214,LOW,,
H07705,0.1079,LOW,,
H07706,0.093,LOW,,
H07707,0.8832,HIGH,,
H07708,0.2231,LOW,,
H07709,0.0449,LOW,,
H07710,0.1124,LOW,,
H07711,0.1247,LOW,,
H07712,0.0375,LOW,,
H07713,0.0412,LOW,,
H07714,0.045,LOW,,
H07715,0.1409,LOW,,
H07716,0.9159,HIGH,,
H07717,0.0192,LOW,,
H07718,0.4842,MEDIUM,,
H07719,0.1871,LOW,,
H07720,0.028,LOW,,
H07721,0.818,HIGH,,
H07722,0.3002,LOW,,
H07723,0.054,LOW,,
H07724,0.0716,LOW,,
H07725,0.0893,LOW,,
H07726,0.0271,LOW,,
H07727,0.3294,LOW,,
H07728,0.6845,MEDIUM,,
H07729,0.2467,LOW,,
H07730,0.2182,LOW,,
H07731,0.1239,LOW,,
H07732,0.0329,LOW,,
H07733,0.9188,HIGH,,
H07734,0.0203,LOW,,
H07735,0.1723,LOW,,
H07736,0.2999,LOW,,
H07737,0.1848,LOW,,
H07738,0.0382,LOW,,
H07739,0.053,LOW,,
H07740,0.1438,LOW,,
H07741,0.1729,LOW,,
H07742,0.0187,LOW,,
H07743,0.2324,LOW,,
H07744,0.3161,LOW,,
H07745,0.0651,LOW,,
H07746,0.0531,LOW,,
H07747,0.2517,LOW,,
H07748,0.0571,LOW,,
H07749,0.0453,LOW,,
H07750,0.4331,MEDIUM,,
H07751,0.0204,LOW,,
H07752,0.1068,LOW,,
H07753,0.0236,LOW,,
H07754,0.3767,LOW,,
H07755,0.4197,MEDIUM,,
H07756,0.0226,LOW,,
H07757,0.2355,LOW,,
H07758,0.5443,MEDIUM,,
H07759,0.0545,LOW,,
H07760,0.1341,LOW,,
H07761,0.0234,LOW,,
H07762,0.055,LOW,,
H07763,0.1352,LOW,,
H07764,0.6482,MEDIUM,,
H07765,0.8607,HIGH,,
H07766,0.0372,LOW,,
H07767,0.0384,LOW,,
H07768,0.5733,MEDIUM,,
H07769,0.0346,LOW,,
H07770,0.0462,LOW,,
H07771,0.0163,LOW,,
H07772,0.1988,LOW,,
H07773,0.0597,LOW,,
H07774,0.0622,LOW,,
H07775,0.8819,HIGH,,
H07776,0.3792,LOW,,
H07777,0.2184,LOW,,
H07778,0.0624,LOW,,
H07779,0.5455,MEDIUM,,
H07780,0.1225,LOW,,
H07781,0.1762,LOW,,
H07782,0.0689,LOW,,
H07783,0.0254,LOW,,
H07784,0.2709,LOW,,
H07785,0.8193,HIGH,,
H07786,0.2599,LOW,,
H07787,0.1962,LOW,,
H07788,0.0297,LOW,,
H07789,0.0693,LOW,,
H07790,0.8485,HIGH,,
H07791,0.015,LOW,,
H07792,0.0395,LOW,,
H07793,0.0647,LOW,,
H07794,0.0979,LOW,,
H07795,0.4968,MEDIUM,,
H07796,0.0321,LOW,,
H07797,0.1697,LOW,,
H07798,0.5395,MEDIUM,,
H07799,0.0086,LOW,,
H07800,0.0625,LOW,,
H07801,0.0405,LOW,,
H07802,0.082,LOW,,
H07803,0.4194,MEDIUM,,
H07804,0.4497,MEDIUM,,
H07805,0.244,LOW,,
H07806,0.032,LOW,,
H07807,0.0452,LOW,,
H07808,0.0584,LOW,,
H07809,0.9151,HIGH,,
H07810,0.0455,LOW,,
H07811,0.019,LOW,,
H07812,0.3409,LOW,,
H07813,0.134,LOW,,
H07814,0.027,LOW,,
H07815,0.6767,MEDIUM,,
H07816,0.0343,LOW,,
H07817,0.0214,LOW,,
H07818,0.0223,LOW,,
H07819,0.1073,LOW,,
H07820,0.2532,LOW,,
H07821,0.8207,HIGH,,
H07822,0.0339,LOW,,
H07823,0.0948,LOW,,
H07824,0.0572,LOW,,
H07825,0.0872,LOW,,
H07826,0.3465,LOW,,
H07827,0.1768,LOW,,
H07828,0.0941,LOW,,
H07829,0.0348,LOW,,
H07830,0.0446,LOW,,
H07831,0.1151,LOW,,
H07832,0.0161,LOW,,
H07833,0.222,LOW,,
H07834,0.4397,MEDIUM,,
H07835,0.0908,LOW,,
H07836,0.013,LOW,,
H07837,0.0977,LOW,,
H07838,0.0805,LOW,,
H07839,0.0593,LOW,,
H07840,0.0063,LOW,,
H07841,0.068,LOW,,
H07842,0.1285,LOW,,
H07843,0.0414,LOW,,
H07844,0.1335,LOW,,
H07845,0.0415,LOW,,
H07846,0.0875,LOW,,
H07847,0.2149,LOW,,
H07848,0.2031,LOW,,
H07849,0.1034,LOW,,
H07850,0.0961,LOW,,
H07851,0.018,LOW,,
H07852,0.1374,LOW,,
H07853,0.065,LOW,,
H07854,0.4071,MEDIUM,,
H07855,0.0388,LOW,,
H07856,0.1814,LOW,,
H07857,0.3328,LOW,,
H07858,0.2769,LOW,,
H07859,0.9362,HIGH,,
H07860,0.399,LOW,,
H07861,0.195,LOW,,
H07862,0.0385,LOW,,
H07863,0.5686,MEDIUM,,
H07864,0.0447,LOW,,
H07865,0.0272,LOW,,
H07866,0.0401,LOW,,
H07867,0.042,LOW,,
H07868,0.0159,LOW,,
H07869,0.0657,LOW,,
H07870,0.0925,LOW,,
H07871,0.4612,MEDIUM,,
H07872,0.16,LOW,,
H07873,0.0402,LOW,,
H07874,0.4424,MEDIUM,,
H07875,0.0206,LOW,,
H07876,0.0179,LOW,,
H07877,0.6052,MEDIUM,,
H07878,0.144,LOW,,
H07879,0.097,LOW,,
H07880,0.167,LOW,,
H07881,0.0321,LOW,,
H07882,0.1265,LOW,,
H07883,0.12,LOW,,
H07884,0.0408,LOW,,
H07885,0.1575,LOW,,
H07886,0.0311,LOW,,
H07887,0.1232,LOW,,
H07888,0.0385,LOW,,
H07889,0.2291,LOW,,
H07890,0.0857,LOW,,
H07891,0.0258,LOW,,
H07892,0.1055,LOW,,
H07893,0.2284,LOW,,
H07894,0.5131,MEDIUM,,
H07895,0.0154,LOW,,
H07896,0.0352,LOW,,
H07897,0.1068,LOW,,
H07898,0.0821,LOW,,
H07899,0.0192,LOW,,
H07900,0.6813,MEDIUM,,
H07901,0.3387,LOW,,
H07902,0.7355,HIGH,,
H07903,0.0196,LOW,,
H07904,0.0164,LOW,,
H07905,0.072,LOW,,
H07906,0.1179,LOW,,
H07907,0.0279,LOW,,
H07908,0.0528,LOW,,
H07909,0.0582,LOW,,
H07910,0.0144,LOW,,
H07911,0.1936,LOW,,
H07912,0.013,LOW,,
H07913,0.1306,LOW,,
H07914,0.1104,LOW,,
H07915,0.0281,LOW,,
H07916,0.2625,LOW,,
H07917,0.0581,LOW,,
H07918,0.0207,LOW,,
H07919,0.0757,LOW,,
H07920,0.0398,LOW,,
H07921,0.1053,LOW,,
H07922,0.1362,LOW,,
H07923,0.2467,LOW,,
H07924,0.1923,LOW,,
H07925,0.0413,LOW,,
H07926,0.0417,LOW,,
H07927,0.0962,LOW,,
H07928,0.8844,HIGH,,
H07929,0.0327,LOW,,
H07930,0.2701,LOW,,
H07931,0.0279,LOW,,
H07932,0.7186,HIGH,,
H07933,0.0598,LOW,,
H07934,0.0302,LOW,,
H07935,0.0559,LOW,,
H07936,0.127,LOW,,
H07937,0.0723,LOW,,
H07938,0.0373,LOW,,
H07939,0.0351,LOW,,
H07940,0.0192,LOW,,
H07941,0.041,LOW,,
H07942,0.0917,LOW,,
H07943,0.1009,LOW,,
H07944,0.1244,LOW,,
H07945,0.0458,LOW,,
H07946,0.0783,LOW,,
H07947,0.0585,LOW,,
H07948,0.0405,LOW,,
H07949,0.1163,LOW,,
H07950,0.7868,HIGH,,
H07951,0.0385,LOW,,
H07952,0.0142,LOW,,
H07953,0.0456,LOW,,
H07954,0.1191,LOW,,
H07955,0.1308,LOW,,
H07956,0.0359,LOW,,
H07957,0.2444,LOW,,
H07958,0.1493,LOW,,
H07959,0.03,LOW,,
H07960,0.0256,LOW,,
H07961,0.0304,LOW,,
H07962,0.0612,LOW,,
H07963,0.3059,LOW,,
H07964,0.0283,LOW,,
H07965,0.5856,MEDIUM,,
H07966,0.3633,LOW,,
H07967,0.8736,HIGH,,
H07968,0.0253,LOW,,
H07969,0.6661,MEDIUM,,
H07970,0.0665,LOW,,
H07971,0.155,LOW,,
H07972,0.1046,LOW,,
H07973,0.0687,LOW,,
H07974,0.0345,LOW,,
H07975,0.0875,LOW,,
H07976,0.2658,LOW,,
H07977,0.8098,HIGH,,
H07978,0.0182,LOW,,
H07979,0.0244,LOW,,
H07980,0.7191,HIGH,,
H07981,0.1587,LOW,,
H07982,0.7158,HIGH,,
H07983,0.8804,HIGH,,
H07984,0.4701,MEDIUM,,
H07985,0.1336,LOW,,
H07986,0.0816,LOW,,
H07987,0.3555,LOW,,
H07988,0.014,LOW,,
H07989,0.0177,LOW,,
H07990,0.0244,LOW,,
H07991,0.0393,LOW,,
H07992,0.0489,LOW,,
H07993,0.0736,LOW,,
H07994,0.106,LOW,,
H07995,0.1294,LOW,,
H07996,0.039,LOW,,
H07997,0.1004,LOW,,
H07998,0.0276,LOW,,
H07999,0.4127,MEDIUM,,
H08000,0.1496,LOW,,
H08001,0.2876,LOW,,
H08002,0.0258,LOW,,
H08003,0.0394,LOW,,
H08004,0.4413,MEDIUM,,
H08005,0.0758,LOW,,
H08006,0.013,LOW,,
H08007,0.0522,LOW,,
H08008,0.648,MEDIUM,,
H08009,0.1025,LOW,,
H08010,0.0178,LOW,,
H08011,0.0201,LOW,,
H08012,0.0687,LOW,,
H08013,0.0756,LOW,,
H08014,0.026,LOW,,
H08015,0.5815,MEDIUM,,
H08016,0.0208,LOW,,
H08017,0.5504,MEDIUM,,
H08018,0.0186,LOW,,
H08019,0.0408,LOW,,
H08020,0.6126,MEDIUM,,
H08021,0.0484,LOW,,
H08022,0.0255,LOW,,
H08023,0.0652,LOW,,
H08024,0.1026,LOW,,
H08025,0.6662,MEDIUM,,
H08026,0.0352,LOW,,
H08027,0.277,LOW,,
H08028,0.0718,LOW,,
H08029,0.0403,LOW,,
H08030,0.0722,LOW,,
H08031,0.8261,HIGH,,
H08032,0.0371,LOW,,
H08033,0.1032,LOW,,
H08034,0.0502,LOW,,
H08035,0.0224,LOW,,
H08036,0.1172,LOW,,
H08037,0.0348,LOW,,
H08038,0.0341,LOW,,
H08039,0.2682,LOW,,
H08040,0.2951,LOW,,
H08041,0.4179,MEDIUM,,
H08042,0.1193,LOW,,
H08043,0.5085,MEDIUM,,
H08044,0.0233,LOW,,
H08045,0.0173,LOW,,
H08046,0.0201,LOW,,
H08047,0.0449,LOW,,
H08048,0.0522,LOW,,
H08049,0.0297,LOW,,
H08050,0.3641,LOW,,
H08051,0.0837,LOW,,
H08052,0.0355,LOW,,
H08053,0.395,LOW,,
H08054,0.6424,MEDIUM,,
H08055,0.1626,LOW,,
H08056,0.0619,LOW,,
H08057,0.6823,MEDIUM,,
H08058,0.0523,LOW,,
H08059,0.1306,LOW,,
H08060,0.6387,MEDIUM,,
H08061,0.1024,LOW,,
H08062,0.0505,LOW,,
H08063,0.0772,LOW,,
H08064,0.0994,LOW,,
H08065,0.0195,LOW,,
H08066,0.3874,LOW,,
H08067,0.0548,LOW,,
H08068,0.1258,LOW,,
H08069,0.6763,MEDIUM,,
H08070,0.2029,LOW,,
H08071,0.1882,LOW,,
H08072,0.0317,LOW,,
H08073,0.0294,LOW,,
H08074,0.0258,LOW,,
H08075,0.017,LOW,,
H08076,0.1034,LOW,,
H08077,0.0215,LOW,,
H08078,0.0246,LOW,,
H08079,0.0844,LOW,,
H08080,0.0099,LOW,,
H08081,0.0599,LOW,,
H08082,0.0313,LOW,,
H08083,0.2582,LOW,,
H08084,0.755,HIGH,,
H08085,0.606,MEDIUM,,
H08086,0.8012,HIGH,,
H08087,0.0806,LOW,,
H08088,0.0284,LOW,,
H08089,0.1928,LOW,,
H08090,0.1204,LOW,,
H08091,0.0856,LOW,,
H08092,0.0542,LOW,,
H08093,0.0425,LOW,,
H08094,0.0848,LOW,,
H08095,0.0795,LOW,,
H08096,0.0264,LOW,,
H08097,0.7521,HIGH,,
H08098,0.4154,MEDIUM,,
H08099,0.0215,LOW,,
H08100,0.7886,HIGH,,
H08101,0.5825,MEDIUM,,
H08102,0.036,LOW,,
H08103,0.4084,MEDIUM,,
H08104,0.0144,LOW,,
H08105,0.8701,HIGH,,
H08106,0.1006,LOW,,
H08107,0.0321,LOW,,
H08108,0.154,LOW,,
H08109,0.0662,LOW,,
H08110,0.1725,LOW,,
H08111,0.2065,LOW,,
H08112,0.0326,LOW,,
H08113,0.0269,LOW,,
H08114,0.0407,LOW,,
H08115,0.0789,LOW,,
H08116,0.3646,LOW,,
H08117,0.0637,LOW,,
H08118,0.0851,LOW,,
H08119,0.2878,LOW,,
H08120,0.1311,LOW,,
H08121,0.0117,LOW,,
H08122,0.37,LOW,,
H08123,0.0332,LOW,,
H08124,0.0417,LOW,,
H08125,0.0132,LOW,,
H08126,0.1946,LOW,,
H08127,0.1753,LOW,,
H08128,0.0845,LOW,,
H08129,0.0497,LOW,,
H08130,0.5822,MEDIUM,,
H08131,0.0361,LOW,,
H08132,0.1418,LOW,,
H08133,0.0885,LOW,,
H08134,0.1334,LOW,,
H08135,0.1014,LOW,,
H08136,0.0693,LOW,,
H08137,0.0316,LOW,,
H08138,0.1975,LOW,,
H08139,0.8814,HIGH,,
H08140,0.0884,LOW,,
H08141,0.3213,LOW,,
H08142,0.2129,LOW,,
H08143,0.0178,LOW,,
H08144,0.811,HIGH,,
H08145,0.9168,HIGH,,
H08146,0.5997,MEDIUM,,
H08147,0.4666,MEDIUM,,
H08148,0.0428,LOW,,
H08149,0.049,LOW,,
H08150,0.0905,LOW,,
H08151,0.0112,LOW,,
H08152,0.0125,LOW,,
H08153,0.0505,LOW,,
H08154,0.045,LOW,,
H08155,0.1126,LOW,,
H08156,0.0721,LOW,,
H08157,0.4115,MEDIUM,,
H08158,0.0872,LOW,,
H08159,0.0512,LOW,,
H08160,0.1518,LOW,,
H08161,0.2198,LOW,,
H08162,0.1934,LOW,,
H08163,0.0828,LOW,,
H08164,0.0582,LOW,,
H08165,0.505,MEDIUM,,
H08166,0.0888,LOW,,
H08167,0.548,MEDIUM,,
H08168,0.4765,MEDIUM,,
H08169,0.2491,LOW,,
H08170,0.0275,LOW,,
H08171,0.4757,MEDIUM,,
H08172,0.1192,LOW,,
H08173,0.0251,LOW,,
H08174,0.0364,LOW,,
H08175,0.2121,LOW,,
H08176,0.3671,LOW,,
H08177,0.061,LOW,,
H08178,0.2833,LOW,,
H08179,0.5693,MEDIUM,,
H08180,0.0328,LOW,,
H08181,0.0163,LOW,,
H08182,0.5223,MEDIUM,,
H08183,0.1141,LOW,,
H08184,0.0839,LOW,,
H08185,0.0336,LOW,,
H08186,0.018,LOW,,
H08187,0.149,LOW,,
H08188,0.0764,LOW,,
H08189,0.1061,LOW,,
H08190,0.0485,LOW,,
H08191,0.5802,MEDIUM,,
H08192,0.3451,LOW,,
H08193,0.7916,HIGH,,
H08194,0.067,LOW,,
H08195,0.1698,LOW,,
H08196,0.0487,LOW,,
H08197,0.0738,LOW,,
H08198,0.0233,LOW,,
H08199,0.1378,LOW,,
H08200,0.7551,HIGH,,
H08201,0.2578,LOW,,
H08202,0.0358,LOW,,
H08203,0.028,LOW,,
H08204,0.0323,LOW,,
H08205,0.1381,LOW,,
H08206,0.1429,LOW,,
H08207,0.0383,LOW,,
H08208,0.0328,LOW,,
H08209,0.0456,LOW,,
H08210,0.1169,LOW,,
H08211,0.2827,LOW,,
H08212,0.5009,MEDIUM,,
H08213,0.085,LOW,,
H08214,0.0593,LOW,,
H08215,0.0532,LOW,,
H08216,0.172,LOW,,
H08217,0.0608,LOW,,
H08218,0.0603,LOW,,
H08219,0.6169,MEDIUM,,
H08220,0.0773,LOW,,
H08221,0.0681,LOW,,
H08222,0.0216,LOW,,
H08223,0.0447,LOW,,
H08224,0.5111,MEDIUM,,
H08225,0.6831,MEDIUM,,
H08226,0.0191,LOW,,
H08227,0.2705,LOW,,
H08228,0.0849,LOW,,
H08229,0.0361,LOW,,
H08230,0.2474,LOW,,
H08231,0.0616,LOW,,
H08232,0.1117,LOW,,
H08233,0.0466,LOW,,
H08234,0.1207,LOW,,
H08235,0.8984,HIGH,,
H08236,0.0199,LOW,,
H08237,0.0597,LOW,,
H08238,0.0671,LOW,,
H08239,0.0237,LOW,,
H08240,0.0549,LOW,,
H08241,0.0317,LOW,,
H08242,0.6902,MEDIUM,,
H08243,0.1824,LOW,,
H08244,0.1817,LOW,,
H08245,0.6315,MEDIUM,,
H08246,0.0544,LOW,,
H08247,0.1252,LOW,,
H08248,0.0176,LOW,,
H08249,0.0311,LOW,,
H08250,0.5145,MEDIUM,,
H08251,0.0287,LOW,,
H08252,0.1212,LOW,,
H08253,0.3671,LOW,,
H08254,0.0864,LOW,,
H08255,0.0818,LOW,,
H08256,0.1275,LOW,,
H08257,0.2243,LOW,,
H08258,0.7375,HIGH,,
H08259,0.0581,LOW,,
H08260,0.6779,MEDIUM,,
H08261,0.0913,LOW,,
H08262,0.1359,LOW,,
H08263,0.0354,LOW,,
H08264,0.0984,LOW,,
H08265,0.0379,LOW,,
H08266,0.1587,LOW,,
H08267,0.028,LOW,,
H08268,0.1133,LOW,,
H08269,0.0447,LOW,,
H08270,0.0921,LOW,,
H08271,0.8769,HIGH,,
H08272,0.0286,LOW,,
H08273,0.0887,LOW,,
H08274,0.043,LOW,,
H08275,0.0573,LOW,,
H08276,0.1146,LOW,,
H08277,0.08,LOW,,
H08278,0.0581,LOW,,
H08279,0.3391,LOW,,
H08280,0.111,LOW,,
H08281,0.2096,LOW,,
H08282,0.0267,LOW,,
H08283,0.1434,LOW,,
H08284,0.1335,LOW,,
H08285,0.0243,LOW,,
H08286,0.3775,LOW,,
H08287,0.0294,LOW,,
H08288,0.0508,LOW,,
H08289,0.0492,LOW,,
H08290,0.1018,LOW,,
H08291,0.0246,LOW,,
H08292,0.0495,LOW,,
H08293,0.58,MEDIUM,,
H08294,0.414,MEDIUM,,
H08295,0.2221,LOW,,
H08296,0.0756,LOW,,
H08297,0.0742,LOW,,
H08298,0.0764,LOW,,
H08299,0.051,LOW,,
H08300,0.0322,LOW,,
H08301,0.0647,LOW,,
H08302,0.2077,LOW,,
H08303,0.2625,LOW,,
H08304,0.7002,HIGH,,
H08305,0.4477,MEDIUM,,
H08306,0.0298,LOW,,
H08307,0.1171,LOW,,
H08308,0.412,MEDIUM,,
H08309,0.1197,LOW,,
H08310,0.034,LOW,,
H08311,0.0135,LOW,,
H08312,0.2277,LOW,,
H08313,0.6802,MEDIUM,,
H08314,0.5232,MEDIUM,,
H08315,0.0493,LOW,,
H08316,0.0833,LOW,,
H08317,0.0334,LOW,,
H08318,0.8532,HIGH,,
H08319,0.1233,LOW,,
H08320,0.019,LOW,,
H08321,0.038,LOW,,
H08322,0.4774,MEDIUM,,
H08323,0.1846,LOW,,
H08324,0.153,LOW,,
H08325,0.0115,LOW,,
H08326,0.0483,LOW,,
H08327,0.0977,LOW,,
H08328,0.0231,LOW,,
H08329,0.4985,MEDIUM,,
H08330,0.2108,LOW,,
H08331,0.117,LOW,,
H08332,0.0256,LOW,,
H08333,0.1009,LOW,,
H08334,0.0479,LOW,,
H08335,0.6957,MEDIUM,,
H08336,0.3155,LOW,,
H08337,0.271,LOW,,
H08338,0.0323,LOW,,
H08339,0.2641,LOW,,
H08340,0.0416,LOW,,
H08341,0.794,HIGH,,
H08342,0.087,LOW,,
H08343,0.0541,LOW,,
H08344,0.0786,LOW,,
H08345,0.7971,HIGH,,
H08346,0.0359,LOW,,
H08347,0.1378,LOW,,
H08348,0.0197,LOW,,
H08349,0.1397,LOW,,
H08350,0.0274,LOW,,
H08351,0.8166,HIGH,,
H08352,0.04,LOW,,
H08353,0.034,LOW,,
H08354,0.0598,LOW,,
H08355,0.1448,LOW,,
H08356,0.7402,HIGH,,
H08357,0.013,LOW,,
H08358,0.1534,LOW,,
H08359,0.1273,LOW,,
H08360,0.094,LOW,,
H08361,0.6203,MEDIUM,,
H08362,0.1689,LOW,,
H08363,0.2551,LOW,,
H08364,0.469,MEDIUM,,
H08365,0.1806,LOW,,
H08366,0.0362,LOW,,
H08367,0.0641,LOW,,
H08368,0.096,LOW,,
H08369,0.1931,LOW,,
H08370,0.0451,LOW,,
H08371,0.0389,LOW,,
H08372,0.6876,MEDIUM,,
H08373,0.024,LOW,,
H08374,0.1397,LOW,,
H08375,0.0403,LOW,,
H08376,0.0526,LOW,,
H08377,0.5056,MEDIUM,,
H08378,0.0566,LOW,,
H08379,0.839,HIGH,,
H08380,0.0417,LOW,,
H08381,0.0201,LOW,,
H08382,0.3093,LOW,,
H08383,0.0161,LOW,,
H08384,0.1195,LOW,,
H08385,0.052,LOW,,
H08386,0.8602,HIGH,,
H08387,0.0548,LOW,,
H08388,0.245,LOW,,
H08389,0.0321,LOW,,
H08390,0.0715,LOW,,
H08391,0.6534,MEDIUM,,
H08392,0.0463,LOW,,
H08393,0.4933,MEDIUM,,
H08394,0.0312,LOW,,
H08395,0.0489,LOW,,
H08396,0.0222,LOW,,
H08397,0.0752,LOW,,
H08398,0.0924,LOW,,
H08399,0.1094,LOW,,
H08400,0.2151,LOW,,
H08401,0.6539,MEDIUM,,
H08402,0.0204,LOW,,
H08403,0.1066,LOW,,
H08404,0.0147,LOW,,
H08405,0.0627,LOW,,
H08406,0.1188,LOW,,
H08407,0.0482,LOW,,
H08408,0.1146,LOW,,
H08409,0.0321,LOW,,
H08410,0.1251,LOW,,
H08411,0.0565,LOW,,
H08412,0.0882,LOW,,
H08413,0.1649,LOW,,
H08414,0.2714,LOW,,
H08415,0.908,HIGH,,
H08416,0.1589,LOW,,
H08417,0.0747,LOW,,
H08418,0.699,MEDIUM,,
H08419,0.3479,LOW,,
H08420,0.2633,LOW,,
H08421,0.034,LOW,,
H08422,0.0822,LOW,,
H08423,0.4491,MEDIUM,,
H08424,0.4669,MEDIUM,,
H08425,0.0321,LOW,,
H08426,0.1155,LOW,,
H08427,0.03,LOW,,
H08428,0.1235,LOW,,
H08429,0.0693,LOW,,
H08430,0.1093,LOW,,
H08431,0.1337,LOW,,
H08432,0.583,MEDIUM,,
H08433,0.1667,LOW,,
H08434,0.0534,LOW,,
H08435,0.1208,LOW,,
H08436,0.044,LOW,,
H08437,0.1001,LOW,,
H08438,0.9027,HIGH,,
H08439,0.0576,LOW,,
H08440,0.0101,LOW,,
H08441,0.0236,LOW,,
H08442,0.0735,LOW,,
H08443,0.8398,HIGH,,
H08444,0.0327,LOW,,
H08445,0.0221,LOW,,
H08446,0.0391,LOW,,
H08447,0.5721,MEDIUM,,
H08448,0.1871,LOW,,
H08449,0.0943,LOW,,
H08450,0.6977,MEDIUM,,
H08451,0.2365,LOW,,
H08452,0.5787,MEDIUM,,
H08453,0.6965,MEDIUM,,
H08454,0.1683,LOW,,
H08455,0.4613,MEDIUM,,
H08456,0.2761,LOW,,
H08457,0.0378,LOW,,
H08458,0.5821,MEDIUM,,
H08459,0.0176,LOW,,
H08460,0.135,LOW,,
H08461,0.4788,MEDIUM,,
H08462,0.0868,LOW,,
H08463,0.1031,LOW,,
H08464,0.5122,MEDIUM,,
H08465,0.0876,LOW,,
H08466,0.0459,LOW,,
H08467,0.0337,LOW,,
H08468,0.1154,LOW,,
H08469,0.2837,LOW,,
H08470,0.0823,LOW,,
H08471,0.2395,LOW,,
H08472,0.171,LOW,,
H08473,0.0256,LOW,,
H08474,0.0496,LOW,,
H08475,0.7622,HIGH,,
H08476,0.6782,MEDIUM,,
H08477,0.1392,LOW,,
H08478,0.7198,HIGH,,
H08479,0.0437,LOW,,
H08480,0.5309,MEDIUM,,
H08481,0.0184,LOW,,
H08482,0.3343,LOW,,
H08483,0.0093,LOW,,
H08484,0.3298,LOW,,
H08485,0.2763,LOW,,
H08486,0.0138,LOW,,
H08487,0.6322,MEDIUM,,
H08488,0.1567,LOW,,
H08489,0.0903,LOW,,
H08490,0.2709,LOW,,
H08491,0.3314,LOW,,
H08492,0.0339,LOW,,
H08493,0.0444,LOW,,
H08494,0.0393,LOW,,
H08495,0.0264,LOW,,
H08496,0.0258,LOW,,
H08497,0.2396,LOW,,
H08498,0.0527,LOW,,
H08499,0.4963,MEDIUM,,
H08500,0.134,LOW,,
H08501,0.0255,LOW,,
H08502,0.0128,LOW,,
H08503,0.1307,LOW,,
H08504,0.6008,MEDIUM,,
H08505,0.0539,LOW,,
H08506,0.0764,LOW,,
H08507,0.0857,LOW,,
H08508,0.0746,LOW,,
H08509,0.7967,HIGH,,
H08510,0.0397,LOW,,
H08511,0.8495,HIGH,,
H08512,0.2249,LOW,,
H08513,0.0563,LOW,,
H08514,0.0074,LOW,,
H08515,0.1742,LOW,,
H08516,0.2389,LOW,,
H08517,0.1354,LOW,,
H08518,0.8694,HIGH,,
H08519,0.0412,LOW,,
H08520,0.0463,LOW,,
H08521,0.1198,LOW,,
H08522,0.1146,LOW,,
H08523,0.8307,HIGH,,
H08524,0.2947,LOW,,
H08525,0.1036,LOW,,
H08526,0.1105,LOW,,
H08527,0.0648,LOW,,
H08528,0.096,LOW,,
H08529,0.061,LOW,,
H08530,0.2606,LOW,,
H08531,0.0307,LOW,,
H08532,0.0464,LOW,,
H08533,0.0268,LOW,,
H08534,0.121,LOW,,
H08535,0.0299,LOW,,
H08536,0.0192,LOW,,
H08537,0.0772,LOW,,
H08538,0.6525,MEDIUM,,
H08539,0.1552,LOW,,
H08540,0.0428,LOW,,
H08541,0.5752,MEDIUM,,
H08542,0.0883,LOW,,
H08543,0.1106,LOW,,
H08544,0.1354,LOW,,
H08545,0.0621,LOW,,
H08546,0.7889,HIGH,,
H08547,0.1944,LOW,,
H08548,0.1642,LOW,,
H08549,0.0276,LOW,,
H08550,0.0298,LOW,,
H08551,0.0388,LOW,,
H08552,0.1886,LOW,,
H08553,0.0249,LOW,,
H08554,0.0862,LOW,,
H08555,0.0439,LOW,,
H08556,0.1599,LOW,,
H08557,0.8919,HIGH,,
H08558,0.0705,LOW,,
H08559,0.0737,LOW,,
H08560,0.2735,LOW,,
H08561,0.0559,LOW,,
H08562,0.0368,LOW,,
H08563,0.0331,LOW,,
H08564,0.7683,HIGH,,
H08565,0.6327,MEDIUM,,
H08566,0.3489,LOW,,
H08567,0.0153,LOW,,
H08568,0.1542,LOW,,
H08569,0.1505,LOW,,
H08570,0.2557,LOW,,
H08571,0.0878,LOW,,
H08572,0.0762,LOW,,
H08573,0.0896,LOW,,
H08574,0.1502,LOW,,
H08575,0.0136,LOW,,
H08576,0.1348,LOW,,
H08577,0.6225,MEDIUM,,
H08578,0.1673,LOW,,
H08579,0.0402,LOW,,
H08580,0.8331,HIGH,,
H08581,0.0615,LOW,,
H08582,0.2144,LOW,,
H08583,0.4626,MEDIUM,,
H08584,0.7676,HIGH,,
H08585,0.1494,LOW,,
H08586,0.0115,LOW,,
H08587,0.1064,LOW,,
H08588,0.0973,LOW,,
H08589,0.8037,HIGH,,
H08590,0.0712,LOW,,
H08591,0.0511,LOW,,
H08592,0.0112,LOW,,
H08593,0.0211,LOW,,
H08594,0.1004,LOW,,
H08595,0.7216,HIGH,,
H08596,0.665,MEDIUM,,
H08597,0.1277,LOW,,
H08598,0.1786,LOW,,
H08599,0.0261,LOW,,
H08600,0.1067,LOW,,
H08601,0.0171,LOW,,
H08602,0.7649,HIGH,,
H08603,0.022,LOW,,
H08604,0.0217,LOW,,
H08605,0.8073,HIGH,,
H08606,0.0232,LOW,,
H08607,0.0388,LOW,,
H08608,0.9209,HIGH,,
H08609,0.4577,MEDIUM,,
H08610,0.0937,LOW,,
H08611,0.0575,LOW,,
H08612,0.3167,LOW,,
H08613,0.0394,LOW,,
H08614,0.1355,LOW,,
H08615,0.1335,LOW,,
H08616,0.4687,MEDIUM,,
H08617,0.0436,LOW,,
H08618,0.0452,LOW,,
H08619,0.5743,MEDIUM,,
H08620,0.1075,LOW,,
H08621,0.2409,LOW,,
H08622,0.3856,LOW,,
H08623,0.2531,LOW,,
H08624,0.5177,MEDIUM,,
H08625,0.2932,LOW,,
H08626,0.3993,LOW,,
H08627,0.0151,LOW,,
H08628,0.8172,HIGH,,
H08629,0.5598,MEDIUM,,
H08630,0.0166,LOW,,
H08631,0.2195,LOW,,
H08632,0.9651,HIGH,,
H08633,0.5871,MEDIUM,,
H08634,0.0811,LOW,,
H08635,0.8277,HIGH,,
H08636,0.0612,LOW,,
H08637,0.0453,LOW,,
H08638,0.0315,LOW,,
H08639,0.3967,LOW,,
H08640,0.0711,LOW,,
H08641,0.6635,MEDIUM,,
H08642,0.7454,HIGH,,
H08643,0.0225,LOW,,
H08644,0.7839,HIGH,,
H08645,0.1836,LOW,,
H08646,0.0178,LOW,,
H08647,0.5012,MEDIUM,,
H08648,0.056,LOW,,
H08649,0.2022,LOW,,
H08650,0.0233,LOW,,
H08651,0.6569,MEDIUM,,
H08652,0.0871,LOW,,
H08653,0.0921,LOW,,
H08654,0.536,MEDIUM,,
H08655,0.0922,LOW,,
H08656,0.0458,LOW,,
H08657,0.0236,LOW,,
H08658,0.1252,LOW,,
H08659,0.668,MEDIUM,,
H08660,0.1648,LOW,,
H08661,0.0573,LOW,,
H08662,0.1007,LOW,,
H08663,0.0599,LOW,,
H08664,0.1689,LOW,,
H08665,0.0887,LOW,,
H08666,0.0574,LOW,,
H08667,0.4176,MEDIUM,,
H08668,0.3937,LOW,,
H08669,0.2023,LOW,,
H08670,0.0427,LOW,,
H08671,0.0808,LOW,,
H08672,0.0255,LOW,,
H08673,0.0448,LOW,,
H08674,0.0405,LOW,,
H08675,0.2946,LOW,,
H08676,0.0803,LOW,,
H08677,0.0998,LOW,,
H08678,0.2057,LOW,,
H08679,0.1374,LOW,,
H08680,0.4349,MEDIUM,,
H08681,0.0667,LOW,,
H08682,0.8662,HIGH,,
H08683,0.0362,LOW,,
H08684,0.1822,LOW,,
H08685,0.4737,MEDIUM,,
H08686,0.6865,MEDIUM,,
H08687,0.0162,LOW,,
H08688,0.2913,LOW,,
H08689,0.0352,LOW,,
H08690,0.0112,LOW,,
H08691,0.0166,LOW,,
H08692,0.0746,LOW,,
H08693,0.0217,LOW,,
H08694,0.0267,LOW,,
H08695,0.8734,HIGH,,
H08696,0.1258,LOW,,
H08697,0.1701,LOW,,
H08698,0.1532,LOW,,
H08699,0.0622,LOW,,
H08700,0.0159,LOW,,
H08701,0.6102,MEDIUM,,
H08702,0.0551,LOW,,
H08703,0.1653,LOW,,
H08704,0.1611,LOW,,
H08705,0.0798,LOW,,
H08706,0.7342,HIGH,,
H08707,0.249,LOW,,
H08708,0.0672,LOW,,
H08709,0.0439,LOW,,
H08710,0.1966,LOW,,
H08711,0.0314,LOW,,
H08712,0.0528,LOW,,
H08713,0.0538,LOW,,
H08714,0.2547,LOW,,
H08715,0.1129,LOW,,
H08716,0.1618,LOW,,
H08717,0.2619,LOW,,
H08718,0.033,LOW,,
H08719,0.0848,LOW,,
H08720,0.7429,HIGH,,
H08721,0.0433,LOW,,
H08722,0.0401,LOW,,
H08723,0.2107,LOW,,
H08724,0.0536,LOW,,
H08725,0.4366,MEDIUM,,
H08726,0.7649,HIGH,,
H08727,0.1719,LOW,,
H08728,0.3527,LOW,,
H08729,0.0599,LOW,,
H08730,0.3475,LOW,,
H08731,0.5506,MEDIUM,,
H08732,0.7628,HIGH,,
H08733,0.1589,LOW,,
H08734,0.0491,LOW,,
H08735,0.0718,LOW,,
H08736,0.0209,LOW,,
H08737,0.033,LOW,,
H08738,0.3594,LOW,,
H08739,0.2786,LOW,,
H08740,0.0318,LOW,,
H08741,0.0553,LOW,,
H08742,0.2436,LOW,,
H08743,0.016,LOW,,
H08744,0.019,LOW,,
H08745,0.0505,LOW,,
H08746,0.7083,HIGH,,
H08747,0.0747,LOW,,
H08748,0.0303,LOW,,
H08749,0.0395,LOW,,
H08750,0.1111,LOW,,
H08751,0.633,MEDIUM,,
H08752,0.6697,MEDIUM,,
H08753,0.1865,LOW,,
H08754,0.8978,HIGH,,
H08755,0.0553,LOW,,
H08756,0.3504,LOW,,
H08757,0.1296,LOW,,
H08758,0.0354,LOW,,
H08759,0.1061,LOW,,
H08760,0.1736,LOW,,
H08761,0.0498,LOW,,
H08762,0.1364,LOW,,
H08763,0.3862,LOW,,
H08764,0.6237,MEDIUM,,
H08765,0.1675,LOW,,
H08766,0.0231,LOW,,
H08767,0.035,LOW,,
H08768,0.055,LOW,,
H08769,0.0743,LOW,,
H08770,0.5779,MEDIUM,,
H08771,0.2302,LOW,,
H08772,0.0562,LOW,,
H08773,0.0207,LOW,,
H08774,0.533,MEDIUM,,
H08775,0.0495,LOW,,
H08776,0.2594,LOW,,
H08777,0.0266,LOW,,
H08778,0.02,LOW,,
H08779,0.0075,LOW,,
H08780,0.1153,LOW,,
H08781,0.0616,LOW,,
H08782,0.2702,LOW,,
H08783,0.3398,LOW,,
H08784,0.2793,LOW,,
H08785,0.0399,LOW,,
H08786,0.1808,LOW,,
H08787,0.3991,LOW,,
H08788,0.0834,LOW,,
H08789,0.075,LOW,,
H08790,0.0708,LOW,,
H08791,0.324,LOW,,
H08792,0.0338,LOW,,
H08793,0.065,LOW,,
H08794,0.0627,LOW,,
H08795,0.016,LOW,,
H08796,0.0215,LOW,,
H08797,0.307,LOW,,
H08798,0.0594,LOW,,
H08799,0.0985,LOW,,
H08800,0.0776,LOW,,
H08801,0.1317,LOW,,
H08802,0.0609,LOW,,
H08803,0.1268,LOW,,
H08804,0.5439,MEDIUM,,
H08805,0.0356,LOW,,
H08806,0.0419,LOW,,
H08807,0.1389,LOW,,
H08808,0.0323,LOW,,
H08809,0.3734,LOW,,
H08810,0.097,LOW,,
H08811,0.2378,LOW,,
H08812,0.6219,MEDIUM,,
H08813,0.044,LOW,,
H08814,0.0883,LOW,,
H08815,0.2944,LOW,,
H08816,0.0157,LOW,,
H08817,0.0548,LOW,,
H08818,0.11,LOW,,
H08819,0.8231,HIGH,,
H08820,0.0509,LOW,,
H08821,0.6678,MEDIUM,,
H08822,0.1324,LOW,,
H08823,0.225,LOW,,
H08824,0.0642,LOW,,
H08825,0.0786,LOW,,
H08826,0.09,LOW,,
H08827,0.1451,LOW,,
H08828,0.0496,LOW,,
H08829,0.016,LOW,,
H08830,0.738,HIGH,,
H08831,0.0357,LOW,,
H08832,0.2267,LOW,,
H08833,0.0364,LOW,,
H08834,0.5243,MEDIUM,,
H08835,0.3555,LOW,,
H08836,0.0637,LOW,,
H08837,0.0384,LOW,,
H08838,0.1565,LOW,,
H08839,0.5774,MEDIUM,,
H08840,0.0091,LOW,,
H08841,0.4322,MEDIUM,,
H08842,0.0267,LOW,,
H08843,0.1985,LOW,,
H08844,0.2246,LOW,,
H08845,0.0986,LOW,,
H08846,0.087,LOW,,
H08847,0.0639,LOW,,
H08848,0.0813,LOW,,
H08849,0.2295,LOW,,
H08850,0.3485,LOW,,
H08851,0.0322,LOW,,
H08852,0.4081,MEDIUM,,
H08853,0.6399,MEDIUM,,
H08854,0.0872,LOW,,
H08855,0.1524,LOW,,
H08856,0.4716,MEDIUM,,
H08857,0.0673,LOW,,
H08858,0.7071,HIGH,,
H08859,0.1686,LOW,,
H08860,0.1397,LOW,,
H08861,0.179,LOW,,
H08862,0.0159,LOW,,
H08863,0.1531,LOW,,
H08864,0.0485,LOW,,
H08865,0.147,LOW,,
H08866,0.6712,MEDIUM,,
H08867,0.043,LOW,,
H08868,0.8178,HIGH,,
H08869,0.6862,MEDIUM,,
H08870,0.0949,LOW,,
H08871,0.0624,LOW,,
H08872,0.2851,LOW,,
H08873,0.8154,HIGH,,
H08874,0.0689,LOW,,
H08875,0.1513,LOW,,
H08876,0.792,HIGH,,
H08877,0.3527,LOW,,
H08878,0.433,MEDIUM,,
H08879,0.1723,LOW,,
H08880,0.2536,LOW,,
H08881,0.3082,LOW,,
H08882,0.2895,LOW,,
H08883,0.0683,LOW,,
H08884,0.0812,LOW,,
H08885,0.0477,LOW,,
H08886,0.0217,LOW,,
H08887,0.0584,LOW,,
H08888,0.0395,LOW,,
H08889,0.0169,LOW,,
H08890,0.0257,LOW,,
H08891,0.0687,LOW,,
H08892,0.0393,LOW,,
H08893,0.7934,HIGH,,
H08894,0.0393,LOW,,
H08895,0.1073,LOW,,
H08896,0.0339,LOW,,
H08897,0.0791,LOW,,
H08898,0.8954,HIGH,,
H08899,0.1629,LOW,,
H08900,0.1123,LOW,,
H08901,0.0503,LOW,,
H08902,0.163,LOW,,
H08903,0.213,LOW,,
H08904,0.7206,HIGH,,
H08905,0.138,LOW,,
H08906,0.3751,LOW,,
H08907,0.0636,LOW,,
H08908,0.041,LOW,,
H08909,0.2117,LOW,,
H08910,0.0822,LOW,,
H08911,0.066,LOW,,
H08912,0.046,LOW,,
H08913,0.2205,LOW,,
H08914,0.1351,LOW,,
H08915,0.0646,LOW,,
H08916,0.1123,LOW,,
H08917,0.1234,LOW,,
H08918,0.0288,LOW,,
H08919,0.0404,LOW,,
H08920,0.0309,LOW,,
H08921,0.1629,LOW,,
H08922,0.7887,HIGH,,
H08923,0.3661,LOW,,
H08924,0.0246,LOW,,
H08925,0.6782,MEDIUM,,
H08926,0.0373,LOW,,
H08927,0.4547,MEDIUM,,
H08928,0.0644,LOW,,
H08929,0.0685,LOW,,
H08930,0.1572,LOW,,
H08931,0.43,MEDIUM,,
H08932,0.0406,LOW,,
H08933,0.0639,LOW,,
H08934,0.1545,LOW,,
H08935,0.0741,LOW,,
H08936,0.1015,LOW,,
H08937,0.3387,LOW,,
H08938,0.0481,LOW,,
H08939,0.9133,HIGH,,
H08940,0.0178,LOW,,
H08941,0.2408,LOW,,
H08942,0.0697,LOW,,
H08943,0.1513,LOW,,
H08944,0.0352,LOW,,
H08945,0.6279,MEDIUM,,
H08946,0.0395,LOW,,
H08947,0.7173,HIGH,,
H08948,0.4842,MEDIUM,,
H08949,0.0529,LOW,,
H08950,0.1942,LOW,,
H08951,0.0949,LOW,,
H08952,0.3394,LOW,,
H08953,0.0275,LOW,,
H08954,0.117,LOW,,
H08955,0.1386,LOW,,
H08956,0.0347,LOW,,
H08957,0.0889,LOW,,
H08958,0.0408,LOW,,
H08959,0.4638,MEDIUM,,
H08960,0.0256,LOW,,
H08961,0.65,MEDIUM,,
H08962,0.1831,LOW,,
H08963,0.0246,LOW,,
H08964,0.089,LOW,,
H08965,0.3525,LOW,,
H08966,0.0858,LOW,,
H08967,0.0803,LOW,,
H08968,0.0604,LOW,,
H08969,0.1126,LOW,,
H08970,0.034,LOW,,
H08971,0.6871,MEDIUM,,
H08972,0.1378,LOW,,
H08973,0.057,LOW,,
H08974,0.0699,LOW,,
H08975,0.4079,MEDIUM,,
H08976,0.1125,LOW,,
H08977,0.0196,LOW,,
H08978,0.9624,HIGH,,
H08979,0.1166,LOW,,
H08980,0.4303,MEDIUM,,
H08981,0.0861,LOW,,
H08982,0.0615,LOW,,
H08983,0.1005,LOW,,
H08984,0.4864,MEDIUM,,
H08985,0.6258,MEDIUM,,
H08986,0.0271,LOW,,
H08987,0.3478,LOW,,
H08988,0.9326,HIGH,,
H08989,0.1242,LOW,,
H08990,0.091,LOW,,
H08991,0.0235,LOW,,
H08992,0.0173,LOW,,
H08993,0.0177,LOW,,
H08994,0.0587,LOW,,
H08995,0.0488,LOW,,
H08996,0.0437,LOW,,
H08997,0.6599,MEDIUM,,
H08998,0.0142,LOW,,
H08999,0.0247,LOW,,
H09000,0.0128,LOW,,
H09001,0.05,LOW,,
H09002,0.3006,LOW,,
H09003,0.5084,MEDIUM,,
H09004,0.0345,LOW,,
H09005,0.0672,LOW,,
H09006,0.0317,LOW,,
H09007,0.1566,LOW,,
H09008,0.1416,LOW,,
H09009,0.0842,LOW,,
H09010,0.339,LOW,,
H09011,0.2021,LOW,,
H09012,0.6912,MEDIUM,,
H09013,0.1076,LOW,,
H09014,0.0217,LOW,,
H09015,0.0158,LOW,,
H09016,0.1849,LOW,,
H09017,0.0473,LOW,,
H09018,0.0873,LOW,,
H09019,0.8035,HIGH,,
H09020,0.8865,HIGH,,
H09021,0.3917,LOW,,
H09022,0.031,LOW,,
H09023,0.0474,LOW,,
H09024,0.7457,HIGH,,
H09025,0.0419,LOW,,
H09026,0.044,LOW,,
H09027,0.3684,LOW,,
H09028,0.8076,HIGH,,
H09029,0.0599,LOW,,
H09030,0.0165,LOW,,
H09031,0.0428,LOW,,
H09032,0.0394,LOW,,
H09033,0.0346,LOW,,
H09034,0.6471,MEDIUM,,
H09035,0.0767,LOW,,
H09036,0.1549,LOW,,
H09037,0.1462,LOW,,
H09038,0.4922,MEDIUM,,
H09039,0.2402,LOW,,
H09040,0.0546,LOW,,
H09041,0.0231,LOW,,
H09042,0.0659,LOW,,
H09043,0.1955,LOW,,
H09044,0.8708,HIGH,,
H09045,0.0355,LOW,,
H09046,0.8653,HIGH,,
H09047,0.0358,LOW,,
H09048,0.1349,LOW,,
H09049,0.52,MEDIUM,,
H09050,0.7911,HIGH,,
H09051,0.0394,LOW,,
H09052,0.804,HIGH,,
H09053,0.0097,LOW,,
H09054,0.3415,LOW,,
H09055,0.2531,LOW,,
H09056,0.0828,LOW,,
H09057,0.0523,LOW,,
H09058,0.1714,LOW,,
H09059,0.0549,LOW,,
H09060,0.3379,LOW,,
H09061,0.0359,LOW,,
H09062,0.0372,LOW,,
H09063,0.0147,LOW,,
H09064,0.4472,MEDIUM,,
H09065,0.8305,HIGH,,
H09066,0.1228,LOW,,
H09067,0.027,LOW,,
H09068,0.1089,LOW,,
H09069,0.1072,LOW,,
H09070,0.1092,LOW,,
H09071,0.0717,LOW,,
H09072,0.0336,LOW,,
H09073,0.0559,LOW,,
H09074,0.1504,LOW,,
H09075,0.0345,LOW,,
H09076,0.1781,LOW,,
H09077,0.3035,LOW,,
H09078,0.0154,LOW,,
H09079,0.167,LOW,,
H09080,0.2337,LOW,,
H09081,0.228,LOW,,
H09082,0.032,LOW,,
H09083,0.01,LOW,,
H09084,0.0909,LOW,,
H09085,0.2046,LOW,,
H09086,0.0373,LOW,,
H09087,0.0897,LOW,,
H09088,0.1874,LOW,,
H09089,0.0429,LOW,,
H09090,0.5195,MEDIUM,,
H09091,0.0244,LOW,,
H09092,0.0374,LOW,,
H09093,0.7061,HIGH,,
H09094,0.0463,LOW,,
H09095,0.0123,LOW,,
H09096,0.0919,LOW,,
H09097,0.0569,LOW,,
H09098,0.1563,LOW,,
H09099,0.0924,LOW,,
H09100,0.0198,LOW,,
H09101,0.2847,LOW,,
H09102,0.1374,LOW,,
H09103,0.0545,LOW,,
H09104,0.085,LOW,,
H09105,0.0289,LOW,,
H09106,0.2282,LOW,,
H09107,0.7989,HIGH,,
H09108,0.1166,LOW,,
H09109,0.167,LOW,,
H09110,0.0731,LOW,,
H09111,0.0747,LOW,,
H09112,0.1767,LOW,,
H09113,0.0597,LOW,,
H09114,0.1349,LOW,,
H09115,0.0363,LOW,,
H09116,0.0238,LOW,,
H09117,0.109,LOW,,
H09118,0.3057,LOW,,
H09119,0.0409,LOW,,
H09120,0.0732,LOW,,
H09121,0.0185,LOW,,
H09122,0.0557,LOW,,
H09123,0.0441,LOW,,
H09124,0.2538,LOW,,
H09125,0.1225,LOW,,
H09126,0.0607,LOW,,
H09127,0.8608,HIGH,,
H09128,0.2599,LOW,,
H09129,0.0689,LOW,,
H09130,0.1496,LOW,,
H09131,0.1794,LOW,,
H09132,0.5195,MEDIUM,,
H09133,0.0921,LOW,,
H09134,0.023,LOW,,
H09135,0.7846,HIGH,,
H09136,0.202,LOW,,
H09137,0.1347,LOW,,
H09138,0.0343,LOW,,
H09139,0.0124,LOW,,
H09140,0.0571,LOW,,
H09141,0.7467,HIGH,,
H09142,0.056,LOW,,
H09143,0.238,LOW,,
H09144,0.1134,LOW,,
H09145,0.8669,HIGH,,
H09146,0.5398,MEDIUM,,
H09147,0.0535,LOW,,
H09148,0.0313,LOW,,
H09149,0.2866,LOW,,
H09150,0.1342,LOW,,
H09151,0.0593,LOW,,
H09152,0.2485,LOW,,
H09153,0.6395,MEDIUM,,
H09154,0.1959,LOW,,
H09155,0.7882,HIGH,,
H09156,0.6793,MEDIUM,,
H09157,0.3356,LOW,,
H09158,0.0587,LOW,,
H09159,0.0714,LOW,,
H09160,0.0668,LOW,,
H09161,0.0961,LOW,,
H09162,0.0398,LOW,,
H09163,0.1402,LOW,,
H09164,0.3929,LOW,,
H09165,0.074,LOW,,
H09166,0.0155,LOW,,
H09167,0.3055,LOW,,
H09168,0.6255,MEDIUM,,
H09169,0.5019,MEDIUM,,
H09170,0.1302,LOW,,
H09171,0.0132,LOW,,
H09172,0.1112,LOW,,
H09173,0.0348,LOW,,
H09174,0.7193,HIGH,,
H09175,0.0507,LOW,,
H09176,0.1882,LOW,,
H09177,0.0531,LOW,,
H09178,0.0812,LOW,,
H09179,0.0636,LOW,,
H09180,0.057,LOW,,
H09181,0.0356,LOW,,
H09182,0.1864,LOW,,
H09183,0.1147,LOW,,
H09184,0.0523,LOW,,
H09185,0.0877,LOW,,
H09186,0.3822,LOW,,
H09187,0.2752,LOW,,
H09188,0.0237,LOW,,
H09189,0.0638,LOW,,
H09190,0.0465,LOW,,
H09191,0.1128,LOW,,
H09192,0.0509,LOW,,
H09193,0.0249,LOW,,
H09194,0.0306,LOW,,
H09195,0.0467,LOW,,
H09196,0.0357,LOW,,
H09197,0.0271,LOW,,
H09198,0.7633,HIGH,,
H09199,0.0292,LOW,,
H09200,0.1412,LOW,,
H09201,0.8969,HIGH,,
H09202,0.2034,LOW,,
H09203,0.1353,LOW,,
H09204,0.7507,HIGH,,
H09205,0.0669,LOW,,
H09206,0.644,MEDIUM,,
H09207,0.0332,LOW,,
H09208,0.5097,MEDIUM,,
H09209,0.035,LOW,,
H09210,0.3371,LOW,,
H09211,0.1499,LOW,,
H09212,0.0802,LOW,,
H09213,0.0226,LOW,,
H09214,0.0317,LOW,,
H09215,0.0317,LOW,,
H09216,0.058,LOW,,
H09217,0.0842,LOW,,
H09218,0.0687,LOW,,
H09219,0.0184,LOW,,
H09220,0.028,LOW,,
H09221,0.1592,LOW,,
H09222,0.4312,MEDIUM,,
H09223,0.0497,LOW,,
H09224,0.0259,LOW,,
H09225,0.0512,LOW,,
H09226,0.0341,LOW,,
H09227,0.0489,LOW,,
H09228,0.7708,HIGH,,
H09229,0.3261,LOW,,
H09230,0.1479,LOW,,
H09231,0.0257,LOW,,
H09232,0.4379,MEDIUM,,
H09233,0.0361,LOW,,
H09234,0.0303,LOW,,
H09235,0.3183,LOW,,
H09236,0.0252,LOW,,
H09237,0.0181,LOW,,
H09238,0.0138,LOW,,
H09239,0.386,LOW,,
H09240,0.7518,HIGH,,
H09241,0.6852,MEDIUM,,
H09242,0.1361,LOW,,
H09243,0.0162,LOW,,
H09244,0.0214,LOW,,
H09245,0.0203,LOW,,
H09246,0.0601,LOW,,
H09247,0.6734,MEDIUM,,
H09248,0.0766,LOW,,
H09249,0.029,LOW,,
H09250,0.0661,LOW,,
H09251,0.7421,HIGH,,
H09252,0.1248,LOW,,
H09253,0.1303,LOW,,
H09254,0.357,LOW,,
H09255,0.0345,LOW,,
H09256,0.233,LOW,,
H09257,0.0171,LOW,,
H09258,0.0264,LOW,,
H09259,0.892,HIGH,,
H09260,0.3155,LOW,,
H09261,0.1893,LOW,,
H09262,0.5214,MEDIUM,,
H09263,0.5959,MEDIUM,,
H09264,0.266,LOW,,
H09265,0.0237,LOW,,
H09266,0.4396,MEDIUM,,
H09267,0.3757,LOW,,
H09268,0.5531,MEDIUM,,
H09269,0.0408,LOW,,
H09270,0.0169,LOW,,
H09271,0.0175,LOW,,
H09272,0.2831,LOW,,
H09273,0.119,LOW,,
H09274,0.0609,LOW,,
H09275,0.5,MEDIUM,,
H09276,0.1045,LOW,,
H09277,0.4718,MEDIUM,,
H09278,0.9093,HIGH,,
H09279,0.0839,LOW,,
H09280,0.0441,LOW,,
H09281,0.0679,LOW,,
H09282,0.0452,LOW,,
H09283,0.0508,LOW,,
H09284,0.0665,LOW,,
H09285,0.3439,LOW,,
H09286,0.0394,LOW,,
H09287,0.0278,LOW,,
H09288,0.2135,LOW,,
H09289,0.151,LOW,,
H09290,0.7924,HIGH,,
H09291,0.0937,LOW,,
H09292,0.0373,LOW,,
H09293,0.0711,LOW,,
H09294,0.1463,LOW,,
H09295,0.4162,MEDIUM,,
H09296,0.0472,LOW,,
H09297,0.5503,MEDIUM,,
H09298,0.7893,HIGH,,
H09299,0.0991,LOW,,
H09300,0.0584,LOW,,
H09301,0.023,LOW,,
H09302,0.1129,LOW,,
H09303,0.2453,LOW,,
H09304,0.0186,LOW,,
H09305,0.1393,LOW,,
H09306,0.0209,LOW,,
H09307,0.7477,HIGH,,
H09308,0.0824,LOW,,
H09309,0.0407,LOW,,
H09310,0.1439,LOW,,
H09311,0.7174,HIGH,,
H09312,0.1032,LOW,,
H09313,0.1633,LOW,,
H09314,0.172,LOW,,
H09315,0.1269,LOW,,
H09316,0.0778,LOW,,
H09317,0.2062,LOW,,
H09318,0.0434,LOW,,
H09319,0.0451,LOW,,
H09320,0.1405,LOW,,
H09321,0.153,LOW,,
H09322,0.2549,LOW,,
H09323,0.0307,LOW,,
H09324,0.1645,LOW,,
H09325,0.112,LOW,,
H09326,0.0323,LOW,,
H09327,0.7752,HIGH,,
H09328,0.0263,LOW,,
H09329,0.0699,LOW,,
H09330,0.0352,LOW,,
H09331,0.039,LOW,,
H09332,0.0317,LOW,,
H09333,0.1144,LOW,,
H09334,0.1776,LOW,,
H09335,0.0326,LOW,,
H09336,0.0492,LOW,,
H09337,0.4059,MEDIUM,,
H09338,0.0246,LOW,,
H09339,0.3701,LOW,,
H09340,0.0763,LOW,,
H09341,0.0724,LOW,,
H09342,0.0703,LOW,,
H09343,0.1483,LOW,,
H09344,0.094,LOW,,
H09345,0.6864,MEDIUM,,
H09346,0.0694,LOW,,
H09347,0.1889,LOW,,
H09348,0.1957,LOW,,
H09349,0.162,LOW,,
H09350,0.0884,LOW,,
H09351,0.0551,LOW,,
H09352,0.0702,LOW,,
H09353,0.6866,MEDIUM,,
H09354,0.0448,LOW,,
H09355,0.148,LOW,,
H09356,0.1279,LOW,,
H09357,0.0467,LOW,,
H09358,0.0472,LOW,,
H09359,0.0288,LOW,,
H09360,0.055,LOW,,
H09361,0.0292,LOW,,
H09362,0.1807,LOW,,
H09363,0.1681,LOW,,
H09364,0.0121,LOW,,
H09365,0.0466,LOW,,
H09366,0.2519,LOW,,
H09367,0.7676,HIGH,,
H09368,0.0398,LOW,,
H09369,0.4047,MEDIUM,,
H09370,0.7845,HIGH,,
H09371,0.0587,LOW,,
H09372,0.0267,LOW,,
H09373,0.2332,LOW,,
H09374,0.045,LOW,,
H09375,0.0527,LOW,,
H09376,0.1424,LOW,,
H09377,0.9,HIGH,,
H09378,0.821,HIGH,,
H09379,0.0208,LOW,,
H09380,0.1992,LOW,,
H09381,0.1368,LOW,,
H09382,0.0832,LOW,,
H09383,0.0796,LOW,,
H09384,0.0335,LOW,,
H09385,0.4535,MEDIUM,,
H09386,0.0402,LOW,,
H09387,0.2233,LOW,,
H09388,0.7928,HIGH,,
H09389,0.4518,MEDIUM,,
H09390,0.5651,MEDIUM,,
H09391,0.1881,LOW,,
H09392,0.522,MEDIUM,,
H09393,0.3461,LOW,,
H09394,0.6381,MEDIUM,,
H09395,0.2336,LOW,,
H09396,0.5153,MEDIUM,,
H09397,0.2112,LOW,,
H09398,0.1518,LOW,,
H09399,0.0195,LOW,,
H09400,0.0196,LOW,,
H09401,0.0404,LOW,,
H09402,0.1969,LOW,,
H09403,0.731,HIGH,,
H09404,0.1767,LOW,,
H09405,0.0582,LOW,,
H09406,0.1203,LOW,,
H09407,0.4089,MEDIUM,,
H09408,0.0577,LOW,,
H09409,0.0552,LOW,,
H09410,0.1257,LOW,,
H09411,0.5795,MEDIUM,,
H09412,0.884,HIGH,,
H09413,0.0333,LOW,,
H09414,0.0617,LOW,,
H09415,0.0519,LOW,,
H09416,0.0274,LOW,,
H09417,0.0217,LOW,,
H09418,0.9096,HIGH,,
H09419,0.4716,MEDIUM,,
H09420,0.0422,LOW,,
H09421,0.0295,LOW,,
H09422,0.0279,LOW,,
H09423,0.0274,LOW,,
H09424,0.2343,LOW,,
H09425,0.098,LOW,,
H09426,0.0793,LOW,,
H09427,0.414,MEDIUM,,
H09428,0.0428,LOW,,
H09429,0.0487,LOW,,
H09430,0.0605,LOW,,
H09431,0.1763,LOW,,
H09432,0.0255,LOW,,
H09433,0.0553,LOW,,
H09434,0.0792,LOW,,
H09435,0.758,HIGH,,
H09436,0.0568,LOW,,
H09437,0.0389,LOW,,
H09438,0.0908,LOW,,
H09439,0.7208,HIGH,,
H09440,0.2719,LOW,,
H09441,0.1367,LOW,,
H09442,0.1626,LOW,,
H09443,0.0187,LOW,,
H09444,0.4667,MEDIUM,,
H09445,0.0488,LOW,,
H09446,0.0641,LOW,,
H09447,0.1152,LOW,,
H09448,0.0616,LOW,,
H09449,0.2139,LOW,,
H09450,0.0861,LOW,,
H09451,0.0609,LOW,,
H09452,0.0652,LOW,,
H09453,0.0318,LOW,,
H09454,0.0895,LOW,,
H09455,0.0184,LOW,,
H09456,0.1297,LOW,,
H09457,0.2448,LOW,,
H09458,0.0203,LOW,,
H09459,0.8101,HIGH,,
H09460,0.0393,LOW,,
H09461,0.343,LOW,,
H09462,0.0265,LOW,,
H09463,0.0168,LOW,,
H09464,0.2197,LOW,,
H09465,0.4449,MEDIUM,,
H09466,0.0251,LOW,,
H09467,0.2209,LOW,,
H09468,0.0407,LOW,,
H09469,0.2234,LOW,,
H09470,0.0255,LOW,,
H09471,0.6193,MEDIUM,,
H09472,0.0613,LOW,,
H09473,0.0501,LOW,,
H09474,0.0952,LOW,,
H09475,0.2749,LOW,,
H09476,0.053,LOW,,
H09477,0.0337,LOW,,
H09478,0.3113,LOW,,
H09479,0.0549,LOW,,
H09480,0.0358,LOW,,
H09481,0.0363,LOW,,
H09482,0.1394,LOW,,
H09483,0.023,LOW,,
H09484,0.0115,LOW,,
H09485,0.0909,LOW,,
H09486,0.6877,MEDIUM,,
H09487,0.0679,LOW,,
H09488,0.1603,LOW,,
H09489,0.0632,LOW,,
H09490,0.8127,HIGH,,
H09491,0.8343,HIGH,,
H09492,0.0288,LOW,,
H09493,0.8031,HIGH,,
H09494,0.0234,LOW,,
H09495,0.0189,LOW,,
H09496,0.029,LOW,,
H09497,0.0327,LOW,,
H09498,0.0341,LOW,,
H09499,0.5817,MEDIUM,,
H09500,0.0328,LOW,,
H09501,0.0298,LOW,,
H09502,0.1658,LOW,,
H09503,0.2379,LOW,,
H09504,0.0565,LOW,,
H09505,0.2096,LOW,,
H09506,0.4711,MEDIUM,,
H09507,0.0854,LOW,,
H09508,0.5095,MEDIUM,,
H09509,0.4327,MEDIUM,,
H09510,0.5987,MEDIUM,,
H09511,0.0344,LOW,,
H09512,0.0269,LOW,,
H09513,0.0435,LOW,,
H09514,0.0928,LOW,,
H09515,0.0701,LOW,,
H09516,0.0141,LOW,,
H09517,0.1438,LOW,,
H09518,0.3765,LOW,,
H09519,0.1463,LOW,,
H09520,0.1712,LOW,,
H09521,0.1803,LOW,,
H09522,0.3764,LOW,,
H09523,0.1691,LOW,,
H09524,0.033,LOW,,
H09525,0.053,LOW,,
H09526,0.2377,LOW,,
H09527,0.0728,LOW,,
H09528,0.123,LOW,,
H09529,0.0771,LOW,,
H09530,0.4082,MEDIUM,,
H09531,0.2609,LOW,,
H09532,0.0363,LOW,,
H09533,0.1191,LOW,,
H09534,0.0341,LOW,,
H09535,0.027,LOW,,
H09536,0.1668,LOW,,
H09537,0.1079,LOW,,
H09538,0.1227,LOW,,
H09539,0.0393,LOW,,
H09540,0.0715,LOW,,
H09541,0.0338,LOW,,
H09542,0.0445,LOW,,
H09543,0.0405,LOW,,
H09544,0.4991,MEDIUM,,
H09545,0.0159,LOW,,
H09546,0.238,LOW,,
H09547,0.1179,LOW,,
H09548,0.0518,LOW,,
H09549,0.1784,LOW,,
H09550,0.2071,LOW,,
H09551,0.0432,LOW,,
H09552,0.054,LOW,,
H09553,0.2188,LOW,,
H09554,0.0704,LOW,,
H09555,0.0905,LOW,,
H09556,0.9019,HIGH,,
H09557,0.032,LOW,,
H09558,0.1708,LOW,,
H09559,0.2391,LOW,,
H09560,0.0963,LOW,,
H09561,0.0628,LOW,,
H09562,0.8056,HIGH,,
H09563,0.0615,LOW,,
H09564,0.0483,LOW,,
H09565,0.1944,LOW,,
H09566,0.0233,LOW,,
H09567,0.0155,LOW,,
H09568,0.7139,HIGH,,
H09569,0.1153,LOW,,
H09570,0.6835,MEDIUM,,
H09571,0.0883,LOW,,
H09572,0.7842,HIGH,,
H09573,0.1383,LOW,,
H09574,0.1664,LOW,,
H09575,0.0193,LOW,,
H09576,0.1968,LOW,,
H09577,0.8126,HIGH,,
H09578,0.5922,MEDIUM,,
H09579,0.0482,LOW,,
H09580,0.1255,LOW,,
H09581,0.0142,LOW,,
H09582,0.0196,LOW,,
H09583,0.1412,LOW,,
H09584,0.59,MEDIUM,,
H09585,0.1318,LOW,,
H09586,0.8282,HIGH,,
H09587,0.0207,LOW,,
H09588,0.0157,LOW,,
H09589,0.0481,LOW,,
H09590,0.0874,LOW,,
H09591,0.1499,LOW,,
H09592,0.0161,LOW,,
H09593,0.2331,LOW,,
H09594,0.2257,LOW,,
H09595,0.0325,LOW,,
H09596,0.0261,LOW,,
H09597,0.4526,MEDIUM,,
H09598,0.0297,LOW,,
H09599,0.0887,LOW,,
H09600,0.0499,LOW,,
H09601,0.1079,LOW,,
H09602,0.0444,LOW,,
H09603,0.0477,LOW,,
H09604,0.0495,LOW,,
H09605,0.0672,LOW,,
H09606,0.0524,LOW,,
H09607,0.4706,MEDIUM,,
H09608,0.0786,LOW,,
H09609,0.0137,LOW,,
H09610,0.0747,LOW,,
H09611,0.6925,MEDIUM,,
H09612,0.2536,LOW,,
H09613,0.0881,LOW,,
H09614,0.0272,LOW,,
H09615,0.2354,LOW,,
H09616,0.009,LOW,,
H09617,0.0673,LOW,,
H09618,0.1136,LOW,,
H09619,0.4956,MEDIUM,,
H09620,0.0937,LOW,,
H09621,0.0447,LOW,,
H09622,0.0209,LOW,,
H09623,0.0177,LOW,,
H09624,0.059,LOW,,
H09625,0.0913,LOW,,
H09626,0.04,LOW,,
H09627,0.5188,MEDIUM,,
H09628,0.1689,LOW,,
H09629,0.897,HIGH,,
H09630,0.1873,LOW,,
H09631,0.0422,LOW,,
H09632,0.0155,LOW,,
H09633,0.0839,LOW,,
H09634,0.1254,LOW,,
H09635,0.0394,LOW,,
H09636,0.9477,HIGH,,
H09637,0.016,LOW,,
H09638,0.1297,LOW,,
H09639,0.0336,LOW,,
H09640,0.8479,HIGH,,
H09641,0.8098,HIGH,,
H09642,0.0477,LOW,,
H09643,0.0716,LOW,,
H09644,0.2444,LOW,,
H09645,0.1292,LOW,,
H09646,0.1247,LOW,,
H09647,0.0951,LOW,,
H09648,0.0211,LOW,,
H09649,0.1109,LOW,,
H09650,0.2722,LOW,,
H09651,0.0318,LOW,,
H09652,0.038,LOW,,
H09653,0.1543,LOW,,
H09654,0.0471,LOW,,
H09655,0.0808,LOW,,
H09656,0.3781,LOW,,
H09657,0.1523,LOW,,
H09658,0.1721,LOW,,
H09659,0.13,LOW,,
H09660,0.0552,LOW,,
H09661,0.0903,LOW,,
H09662,0.3685,LOW,,
H09663,0.2996,LOW,,
H09664,0.4891,MEDIUM,,
H09665,0.5538,MEDIUM,,
H09666,0.0498,LOW,,
H09667,0.2715,LOW,,
H09668,0.8525,HIGH,,
H09669,0.3568,LOW,,
H09670,0.8407,HIGH,,
H09671,0.0472,LOW,,
H09672,0.0498,LOW,,
H09673,0.6972,MEDIUM,,
H09674,0.033,LOW,,
H09675,0.0296,LOW,,
H09676,0.2128,LOW,,
H09677,0.0679,LOW,,
H09678,0.7431,HIGH,,
H09679,0.1512,LOW,,
H09680,0.0234,LOW,,
H09681,0.1223,LOW,,
H09682,0.9269,HIGH,,
H09683,0.0594,LOW,,
H09684,0.8922,HIGH,,
H09685,0.481,MEDIUM,,
H09686,0.0144,LOW,,
H09687,0.0809,LOW,,
H09688,0.0586,LOW,,
H09689,0.061,LOW,,
H09690,0.0524,LOW,,
H09691,0.1575,LOW,,
H09692,0.0192,LOW,,
H09693,0.1528,LOW,,
H09694,0.1832,LOW,,
H09695,0.0179,LOW,,
H09696,0.1144,LOW,,
H09697,0.0608,LOW,,
H09698,0.1717,LOW,,
H09699,0.1335,LOW,,
H09700,0.1632,LOW,,
H09701,0.0328,LOW,,
H09702,0.0467,LOW,,
H09703,0.046,LOW,,
H09704,0.0626,LOW,,
H09705,0.0501,LOW,,
H09706,0.4733,MEDIUM,,
H09707,0.0338,LOW,,
H09708,0.1137,LOW,,
H09709,0.1592,LOW,,
H09710,0.9122,HIGH,,
H09711,0.0959,LOW,,
H09712,0.0921,LOW,,
H09713,0.1476,LOW,,
H09714,0.1442,LOW,,
H09715,0.0396,LOW,,
H09716,0.0305,LOW,,
H09717,0.0464,LOW,,
H09718,0.0131,LOW,,
H09719,0.2375,LOW,,
H09720,0.076,LOW,,
H09721,0.0319,LOW,,
H09722,0.0853,LOW,,
H09723,0.0488,LOW,,
H09724,0.7,HIGH,,
H09725,0.2709,LOW,,
H09726,0.2411,LOW,,
H09727,0.0927,LOW,,
H09728,0.0441,LOW,,
H09729,0.0597,LOW,,
H09730,0.0733,LOW,,
H09731,0.0339,LOW,,
H09732,0.1655,LOW,,
H09733,0.4337,MEDIUM,,
H09734,0.0355,LOW,,
H09735,0.015,LOW,,
H09736,0.8956,HIGH,,
H09737,0.0286,LOW,,
H09738,0.009,LOW,,
H09739,0.0587,LOW,,
H09740,0.0512,LOW,,
H09741,0.0323,LOW,,
H09742,0.0605,LOW,,
H09743,0.056,LOW,,
H09744,0.0259,LOW,,
H09745,0.2689,LOW,,
H09746,0.6997,MEDIUM,,
H09747,0.3689,LOW,,
H09748,0.0679,LOW,,
H09749,0.1245,LOW,,
H09750,0.0119,LOW,,
H09751,0.1621,LOW,,
H09752,0.0781,LOW,,
H09753,0.0381,LOW,,
H09754,0.0187,LOW,,
H09755,0.0666,LOW,,
H09756,0.0662,LOW,,
H09757,0.1265,LOW,,
H09758,0.0216,LOW,,
H09759,0.0293,LOW,,
H09760,0.033,LOW,,
H09761,0.4267,MEDIUM,,
H09762,0.0691,LOW,,
H09763,0.0128,LOW,,
H09764,0.8569,HIGH,,
H09765,0.2662,LOW,,
H09766,0.075,LOW,,
H09767,0.0231,LOW,,
H09768,0.0329,LOW,,
H09769,0.1013,LOW,,
H09770,0.0638,LOW,,
H09771,0.0793,LOW,,
H09772,0.052,LOW,,
H09773,0.2997,LOW,,
H09774,0.3158,LOW,,
H09775,0.0381,LOW,,
H09776,0.0307,LOW,,
H09777,0.0252,LOW,,
H09778,0.1453,LOW,,
H09779,0.0317,LOW,,
H09780,0.048,LOW,,
H09781,0.6205,MEDIUM,,
H09782,0.0932,LOW,,
H09783,0.4426,MEDIUM,,
H09784,0.0106,LOW,,
H09785,0.0566,LOW,,
H09786,0.5053,MEDIUM,,
H09787,0.1701,LOW,,
H09788,0.1618,LOW,,
H09789,0.0533,LOW,,
H09790,0.537,MEDIUM,,
H09791,0.2427,LOW,,
H09792,0.0846,LOW,,
H09793,0.0432,LOW,,
H09794,0.5551,MEDIUM,,
H09795,0.0332,LOW,,
H09796,0.049,LOW,,
H09797,0.0498,LOW,,
H09798,0.1975,LOW,,
H09799,0.042,LOW,,
H09800,0.2557,LOW,,
H09801,0.0171,LOW,,
H09802,0.4328,MEDIUM,,
H09803,0.0424,LOW,,
H09804,0.0317,LOW,,
H09805,0.0304,LOW,,
H09806,0.0276,LOW,,
H09807,0.6167,MEDIUM,,
H09808,0.0475,LOW,,
H09809,0.0901,LOW,,
H09810,0.0853,LOW,,
H09811,0.0257,LOW,,
H09812,0.2328,LOW,,
H09813,0.0559,LOW,,
H09814,0.5333,MEDIUM,,
H09815,0.029,LOW,,
H09816,0.1867,LOW,,
H09817,0.0339,LOW,,
H09818,0.2995,LOW,,
H09819,0.0556,LOW,,
H09820,0.4154,MEDIUM,,
H09821,0.793,HIGH,,
H09822,0.0783,LOW,,
H09823,0.035,LOW,,
H09824,0.1163,LOW,,
H09825,0.4193,MEDIUM,,
H09826,0.1939,LOW,,
H09827,0.1085,LOW,,
H09828,0.0292,LOW,,
H09829,0.1272,LOW,,
H09830,0.5456,MEDIUM,,
H09831,0.0546,LOW,,
H09832,0.7071,HIGH,,
H09833,0.1061,LOW,,
H09834,0.3757,LOW,,
H09835,0.0167,LOW,,
H09836,0.1308,LOW,,
H09837,0.1315,LOW,,
H09838,0.1462,LOW,,
H09839,0.0298,LOW,,
H09840,0.8888,HIGH,,
H09841,0.1218,LOW,,
H09842,0.067,LOW,,
H09843,0.2959,LOW,,
H09844,0.0277,LOW,,
H09845,0.0232,LOW,,
H09846,0.0139,LOW,,
H09847,0.0305,LOW,,
H09848,0.0778,LOW,,
H09849,0.168,LOW,,
H09850,0.1349,LOW,,
H09851,0.0073,LOW,,
H09852,0.7922,HIGH,,
H09853,0.2202,LOW,,
H09854,0.0769,LOW,,
H09855,0.868,HIGH,,
H09856,0.0854,LOW,,
H09857,0.0186,LOW,,
H09858,0.1165,LOW,,
H09859,0.0348,LOW,,
H09860,0.4295,MEDIUM,,
H09861,0.016,LOW,,
H09862,0.0526,LOW,,
H09863,0.5996,MEDIUM,,
H09864,0.5706,MEDIUM,,
H09865,0.8952,HIGH,,
H09866,0.0461,LOW,,
H09867,0.0132,LOW,,
H09868,0.0261,LOW,,
H09869,0.0301,LOW,,
H09870,0.1504,LOW,,
H09871,0.0591,LOW,,
H09872,0.0667,LOW,,
H09873,0.3356,LOW,,
H09874,0.1127,LOW,,
H09875,0.0651,LOW,,
H09876,0.1358,LOW,,
H09877,0.0397,LOW,,
H09878,0.085,LOW,,
H09879,0.059,LOW,,
H09880,0.0285,LOW,,
H09881,0.0409,LOW,,
H09882,0.2335,LOW,,
H09883,0.0121,LOW,,
H09884,0.3216,LOW,,
H09885,0.6238,MEDIUM,,
H09886,0.155,LOW,,
H09887,0.1193,LOW,,
H09888,0.0704,LOW,,
H09889,0.1171,LOW,,
H09890,0.204,LOW,,
H09891,0.0613,LOW,,
H09892,0.104,LOW,,
H09893,0.115,LOW,,
H09894,0.0356,LOW,,
H09895,0.0335,LOW,,
H09896,0.0299,LOW,,
H09897,0.0348,LOW,,
H09898,0.0883,LOW,,
H09899,0.6479,MEDIUM,,
H09900,0.0373,LOW,,
H09901,0.0617,LOW,,
H09902,0.0215,LOW,,
H09903,0.0896,LOW,,
H09904,0.0467,LOW,,
H09905,0.6752,MEDIUM,,
H09906,0.043,LOW,,
H09907,0.8702,HIGH,,
H09908,0.0528,LOW,,
H09909,0.1321,LOW,,
H09910,0.1408,LOW,,
H09911,0.0241,LOW,,
H09912,0.275,LOW,,
H09913,0.1165,LOW,,
H09914,0.6963,MEDIUM,,
H09915,0.0152,LOW,,
H09916,0.1234,LOW,,
H09917,0.0881,LOW,,
H09918,0.0214,LOW,,
H09919,0.049,LOW,,
H09920,0.095,LOW,,
H09921,0.3491,LOW,,
H09922,0.0476,LOW,,
H09923,0.0509,LOW,,
H09924,0.1461,LOW,,
H09925,0.8508,HIGH,,
H09926,0.8161,HIGH,,
H09927,0.1154,LOW,,
H09928,0.0634,LOW,,
H09929,0.1221,LOW,,
H09930,0.0295,LOW,,
H09931,0.1771,LOW,,
H09932,0.2252,LOW,,
H09933,0.0687,LOW,,
H09934,0.9341,HIGH,,
H09935,0.3867,LOW,,
H09936,0.0677,LOW,,
H09937,0.1474,LOW,,
H09938,0.0343,LOW,,
H09939,0.0981,LOW,,
H09940,0.3334,LOW,,
H09941,0.1343,LOW,,
H09942,0.0527,LOW,,
H09943,0.0285,LOW,,
H09944,0.7178,HIGH,,
H09945,0.9259,HIGH,,
H09946,0.7491,HIGH,,
H09947,0.8862,HIGH,,
H09948,0.8495,HIGH,,
H09949,0.0257,LOW,,
H09950,0.2786,LOW,,
H09951,0.1626,LOW,,
H09952,0.622,MEDIUM,,
H09953,0.4542,MEDIUM,,
H09954,0.2193,LOW,,
H09955,0.84,HIGH,,
H09956,0.0888,LOW,,
H09957,0.0385,LOW,,
H09958,0.0902,LOW,,
H09959,0.1405,LOW,,
H09960,0.0843,LOW,,
H09961,0.2003,LOW,,
H09962,0.0411,LOW,,
H09963,0.0151,LOW,,
H09964,0.1249,LOW,,
H09965,0.035,LOW,,
H09966,0.0684,LOW,,
H09967,0.1097,LOW,,
H09968,0.1155,LOW,,
H09969,0.1105,LOW,,
H09970,0.2715,LOW,,
H09971,0.0207,LOW,,
H09972,0.0174,LOW,,
H09973,0.0933,LOW,,
H09974,0.0241,LOW,,
H09975,0.0206,LOW,,
H09976,0.0899,LOW,,
H09977,0.0333,LOW,,
H09978,0.2024,LOW,,
H09979,0.55,MEDIUM,,
H09980,0.4994,MEDIUM,,
H09981,0.8181,HIGH,,
H09982,0.1448,LOW,,
H09983,0.0447,LOW,,
H09984,0.2112,LOW,,
H09985,0.3739,LOW,,
H09986,0.0287,LOW,,
H09987,0.0298,LOW,,
H09988,0.0529,LOW,,
H09989,0.0254,LOW,,
H09990,0.0342,LOW,,
H09991,0.0556,LOW,,
H09992,0.0435,LOW,,
H09993,0.0088,LOW,,
H09994,0.1145,LOW,,
H09995,0.7776,HIGH,,
H09996,0.1249,LOW,,
H09997,0.0629,LOW,,
H09998,0.8353,HIGH,,
H09999,0.2316,LOW,,
H10000,0.2745,LOW,,
H10001,0.4589,MEDIUM,,
H10002,0.051,LOW,,
H10003,0.4144,MEDIUM,,
H10004,0.082,LOW,,
H10005,0.1499,LOW,,
H10006,0.1155,LOW,,
H10007,0.025,LOW,,
H10008,0.1269,LOW,,
H10009,0.0216,LOW,,
H10010,0.0639,LOW,,
H10011,0.1029,LOW,,
H10012,0.9356,HIGH,,
H10013,0.7159,HIGH,,
H10014,0.6599,MEDIUM,,
H10015,0.0299,LOW,,
H10016,0.3374,LOW,,
H10017,0.0977,LOW,,
H10018,0.0767,LOW,,
H10019,0.2595,LOW,,
H10020,0.0301,LOW,,
H10021,0.6017,MEDIUM,,
H10022,0.4459,MEDIUM,,
H10023,0.0668,LOW,,
H10024,0.0657,LOW,,
H10025,0.8901,HIGH,,
H10026,0.0094,LOW,,
H10027,0.2668,LOW,,
H10028,0.0858,LOW,,
H10029,0.0543,LOW,,
H10030,0.0686,LOW,,
H10031,0.7253,HIGH,,
H10032,0.0318,LOW,,
H10033,0.2986,LOW,,
H10034,0.1718,LOW,,
H10035,0.1319,LOW,,
H10036,0.1741,LOW,,
H10037,0.0176,LOW,,
H10038,0.7678,HIGH,,
H10039,0.068,LOW,,
H10040,0.3969,LOW,,
H10041,0.0199,LOW,,
H10042,0.4794,MEDIUM,,
H10043,0.1226,LOW,,
H10044,0.8439,HIGH,,
H10045,0.0839,LOW,,
H10046,0.2786,LOW,,
H10047,0.5765,MEDIUM,,
H10048,0.199,LOW,,
H10049,0.0242,LOW,,
H10050,0.14,LOW,,
H10051,0.0387,LOW,,
H10052,0.8821,HIGH,,
H10053,0.0628,LOW,,
H10054,0.0829,LOW,,
H10055,0.023,LOW,,
H10056,0.0717,LOW,,
H10057,0.029,LOW,,
H10058,0.1372,LOW,,
H10059,0.0548,LOW,,
H10060,0.2123,LOW,,
H10061,0.063,LOW,,
H10062,0.1679,LOW,,
H10063,0.0651,LOW,,
H10064,0.5796,MEDIUM,,
H10065,0.4484,MEDIUM,,
H10066,0.0825,LOW,,
H10067,0.06,LOW,,
H10068,0.2978,LOW,,
H10069,0.1158,LOW,,
H10070,0.7424,HIGH,,
H10071,0.0792,LOW,,
H10072,0.0685,LOW,,
H10073,0.4536,MEDIUM,,
H10074,0.593,MEDIUM,,
H10075,0.1001,LOW,,
H10076,0.0377,LOW,,
H10077,0.0621,LOW,,
H10078,0.0669,LOW,,
H10079,0.2173,LOW,,
H10080,0.7315,HIGH,,
H10081,0.0793,LOW,,
H10082,0.0843,LOW,,
H10083,0.0408,LOW,,
H10084,0.0649,LOW,,
H10085,0.0331,LOW,,
H10086,0.2042,LOW,,
H10087,0.0298,LOW,,
H10088,0.8893,HIGH,,
H10089,0.2186,LOW,,
H10090,0.1183,LOW,,
H10091,0.0136,LOW,,
H10092,0.125,LOW,,
H10093,0.1518,LOW,,
H10094,0.3549,LOW,,
H10095,0.051,LOW,,
H10096,0.7305,HIGH,,
H10097,0.2097,LOW,,
H10098,0.6025,MEDIUM,,
H10099,0.3712,LOW,,
H10100,0.4436,MEDIUM,,
H10101,0.8042,HIGH,,
H10102,0.0971,LOW,,
H10103,0.5469,MEDIUM,,
H10104,0.0481,LOW,,
H10105,0.7627,HIGH,,
H10106,0.0557,LOW,,
H10107,0.1007,LOW,,
H10108,0.0159,LOW,,
H10109,0.1477,LOW,,
H10110,0.2652,LOW,,
H10111,0.042,LOW,,
H10112,0.0104,LOW,,
H10113,0.0945,LOW,,
H10114,0.0404,LOW,,
H10115,0.5533,MEDIUM,,
H10116,0.0405,LOW,,
H10117,0.5374,MEDIUM,,
H10118,0.1101,LOW,,
H10119,0.3797,LOW,,
H10120,0.0697,LOW,,
H10121,0.2016,LOW,,
H10122,0.4034,MEDIUM,,
H10123,0.086,LOW,,
H10124,0.1533,LOW,,
H10125,0.0247,LOW,,
H10126,0.0143,LOW,,
H10127,0.3184,LOW,,
H10128,0.1126,LOW,,
H10129,0.6125,MEDIUM,,
H10130,0.4516,MEDIUM,,
H10131,0.0542,LOW,,
H10132,0.7248,HIGH,,
H10133,0.0335,LOW,,
H10134,0.437,MEDIUM,,
H10135,0.7157,HIGH,,
H10136,0.4362,MEDIUM,,
H10137,0.1539,LOW,,
H10138,0.068,LOW,,
H10139,0.0405,LOW,,
H10140,0.2825,LOW,,
H10141,0.0923,LOW,,
H10142,0.6672,MEDIUM,,
H10143,0.0123,LOW,,
H10144,0.2553,LOW,,
H10145,0.1307,LOW,,
H10146,0.7756,HIGH,,
H10147,0.0594,LOW,,
H10148,0.0825,LOW,,
H10149,0.1237,LOW,,
H10150,0.1554,LOW,,
H10151,0.0574,LOW,,
H10152,0.153,LOW,,
H10153,0.1487,LOW,,
H10154,0.0368,LOW,,
H10155,0.0342,LOW,,
H10156,0.0511,LOW,,
H10157,0.0837,LOW,,
H10158,0.6939,MEDIUM,,
H10159,0.0278,LOW,,
H10160,0.0959,LOW,,
H10161,0.0503,LOW,,
H10162,0.0989,LOW,,
H10163,0.1405,LOW,,
H10164,0.056,LOW,,
H10165,0.2744,LOW,,
H10166,0.2258,LOW,,
H10167,0.264,LOW,,
H10168,0.1376,LOW,,
H10169,0.0269,LOW,,
H10170,0.543,MEDIUM,,
H10171,0.2481,LOW,,
H10172,0.0999,LOW,,
H10173,0.1304,LOW,,
H10174,0.1873,LOW,,
H10175,0.593,MEDIUM,,
H10176,0.064,LOW,,
H10177,0.0756,LOW,,
H10178,0.0262,LOW,,
H10179,0.0617,LOW,,
H10180,0.0479,LOW,,
H10181,0.1556,LOW,,
H10182,0.5249,MEDIUM,,
H10183,0.0282,LOW,,
H10184,0.029,LOW,,
H10185,0.6871,MEDIUM,,
H10186,0.0475,LOW,,
H10187,0.1499,LOW,,
H10188,0.0525,LOW,,
H10189,0.0496,LOW,,
H10190,0.6512,MEDIUM,,
H10191,0.0379,LOW,,
H10192,0.0413,LOW,,
H10193,0.6659,MEDIUM,,
H10194,0.5462,MEDIUM,,
H10195,0.0711,LOW,,
H10196,0.0506,LOW,,
H10197,0.116,LOW,,
H10198,0.0407,LOW,,
H10199,0.0456,LOW,,
H10200,0.2723,LOW,,
H10201,0.3869,LOW,,
H10202,0.0414,LOW,,
H10203,0.0558,LOW,,
H10204,0.0346,LOW,,
H10205,0.5032,MEDIUM,,
H10206,0.4611,MEDIUM,,
H10207,0.0321,LOW,,
H10208,0.1647,LOW,,
H10209,0.0874,LOW,,
H10210,0.4013,MEDIUM,,
H10211,0.1219,LOW,,
H10212,0.0763,LOW,,
H10213,0.154,LOW,,
H10214,0.0489,LOW,,
H10215,0.0849,LOW,,
H10216,0.1308,LOW,,
H10217,0.0211,LOW,,
H10218,0.0207,LOW,,
H10219,0.0323,LOW,,
H10220,0.7238,HIGH,,
H10221,0.0464,LOW,,
H10222,0.0545,LOW,,
H10223,0.2253,LOW,,
H10224,0.0336,LOW,,
H10225,0.1643,LOW,,
H10226,0.0684,LOW,,
H10227,0.0781,LOW,,
H10228,0.0216,LOW,,
H10229,0.4713,MEDIUM,,
H10230,0.0957,LOW,,
H10231,0.0275,LOW,,
H10232,0.0435,LOW,,
H10233,0.0977,LOW,,
H10234,0.0784,LOW,,
H10235,0.0247,LOW,,
H10236,0.043,LOW,,
H10237,0.5028,MEDIUM,,
H10238,0.8554,HIGH,,
H10239,0.0876,LOW,,
H10240,0.1979,LOW,,
H10241,0.5801,MEDIUM,,
H10242,0.7562,HIGH,,
H10243,0.0334,LOW,,
H10244,0.046,LOW,,
H10245,0.0559,LOW,,
H10246,0.0518,LOW,,
H10247,0.0747,LOW,,
H10248,0.1169,LOW,,
H10249,0.0661,LOW,,
H10250,0.0364,LOW,,
H10251,0.5076,MEDIUM,,
H10252,0.0382,LOW,,
H10253,0.108,LOW,,
H10254,0.0451,LOW,,
H10255,0.184,LOW,,
H10256,0.0274,LOW,,
H10257,0.1236,LOW,,
H10258,0.0789,LOW,,
H10259,0.1524,LOW,,
H10260,0.0496,LOW,,
H10261,0.0587,LOW,,
H10262,0.0378,LOW,,
H10263,0.2245,LOW,,
H10264,0.0353,LOW,,
H10265,0.0646,LOW,,
H10266,0.165,LOW,,
H10267,0.0322,LOW,,
H10268,0.0502,LOW,,
H10269,0.8317,HIGH,,
H10270,0.009,LOW,,
H10271,0.1092,LOW,,
H10272,0.0192,LOW,,
H10273,0.2035,LOW,,
H10274,0.0242,LOW,,
H10275,0.051,LOW,,
H10276,0.4878,MEDIUM,,
H10277,0.0378,LOW,,
H10278,0.0254,LOW,,
H10279,0.0997,LOW,,
H10280,0.104,LOW,,
H10281,0.0924,LOW,,
H10282,0.0201,LOW,,
H10283,0.5894,MEDIUM,,
H10284,0.1538,LOW,,
H10285,0.0413,LOW,,
H10286,0.1581,LOW,,
H10287,0.6193,MEDIUM,,
H10288,0.1379,LOW,,
H10289,0.0224,LOW,,
H10290,0.6068,MEDIUM,,
H10291,0.3184,LOW,,
H10292,0.0342,LOW,,
H10293,0.1058,LOW,,
H10294,0.0315,LOW,,
H10295,0.0412,LOW,,
H10296,0.1313,LOW,,
H10297,0.0788,LOW,,
H10298,0.0635,LOW,,
H10299,0.8016,HIGH,,
H10300,0.0958,LOW,,
H10301,0.1079,LOW,,
H10302,0.1223,LOW,,
H10303,0.5535,MEDIUM,,
H10304,0.0471,LOW,,
H10305,0.0831,LOW,,
H10306,0.0887,LOW,,
H10307,0.4926,MEDIUM,,
H10308,0.0759,LOW,,
H10309,0.0722,LOW,,
H10310,0.4353,MEDIUM,,
H10311,0.0446,LOW,,
H10312,0.0418,LOW,,
H10313,0.2411,LOW,,
H10314,0.0329,LOW,,
H10315,0.4881,MEDIUM,,
H10316,0.0376,LOW,,
H10317,0.0602,LOW,,
H10318,0.5374,MEDIUM,,
H10319,0.0314,LOW,,
H10320,0.0643,LOW,,
H10321,0.123,LOW,,
H10322,0.1821,LOW,,
H10323,0.1866,LOW,,
H10324,0.0215,LOW,,
H10325,0.0182,LOW,,
H10326,0.0969,LOW,,
H10327,0.4178,MEDIUM,,
H10328,0.7983,HIGH,,
H10329,0.0175,LOW,,
H10330,0.0602,LOW,,
H10331,0.0478,LOW,,
H10332,0.0475,LOW,,
H10333,0.0224,LOW,,
H10334,0.0156,LOW,,
H10335,0.4557,MEDIUM,,
H10336,0.3342,LOW,,
H10337,0.0977,LOW,,
H10338,0.0541,LOW,,
H10339,0.196,LOW,,
H10340,0.131,LOW,,
H10341,0.0857,LOW,,
H10342,0.0496,LOW,,
H10343,0.0636,LOW,,
H10344,0.088,LOW,,
H10345,0.2392,LOW,,
H10346,0.5199,MEDIUM,,
H10347,0.0452,LOW,,
H10348,0.0206,LOW,,
H10349,0.0726,LOW,,
H10350,0.178,LOW,,
H10351,0.1544,LOW,,
H10352,0.0332,LOW,,
H10353,0.0337,LOW,,
H10354,0.4271,MEDIUM,,
H10355,0.088,LOW,,
H10356,0.2035,LOW,,
H10357,0.0175,LOW,,
H10358,0.1794,LOW,,
H10359,0.1093,LOW,,
H10360,0.0149,LOW,,
H10361,0.6329,MEDIUM,,
H10362,0.5435,MEDIUM,,
H10363,0.0782,LOW,,
H10364,0.7364,HIGH,,
H10365,0.0852,LOW,,
H10366,0.0159,LOW,,
H10367,0.0896,LOW,,
H10368,0.026,LOW,,
H10369,0.434,MEDIUM,,
H10370,0.1414,LOW,,
H10371,0.0156,LOW,,
H10372,0.0391,LOW,,
H10373,0.0242,LOW,,
H10374,0.0507,LOW,,
H10375,0.2961,LOW,,
H10376,0.0266,LOW,,
H10377,0.0862,LOW,,
H10378,0.1329,LOW,,
H10379,0.0669,LOW,,
H10380,0.0461,LOW,,
H10381,0.0293,LOW,,
H10382,0.2803,LOW,,
H10383,0.7393,HIGH,,
H10384,0.0219,LOW,,
H10385,0.0535,LOW,,
H10386,0.9469,HIGH,,
H10387,0.0961,LOW,,
H10388,0.7811,HIGH,,
H10389,0.0298,LOW,,
H10390,0.0248,LOW,,
H10391,0.0693,LOW,,
H10392,0.0616,LOW,,
H10393,0.0314,LOW,,
H10394,0.1926,LOW,,
H10395,0.0756,LOW,,
H10396,0.0241,LOW,,
H10397,0.9129,HIGH,,
H10398,0.5193,MEDIUM,,
H10399,0.6773,MEDIUM,,
H10400,0.0809,LOW,,
H10401,0.1731,LOW,,
H10402,0.0556,LOW,,
H10403,0.8499,HIGH,,
H10404,0.0235,LOW,,
H10405,0.0301,LOW,,
H10406,0.0495,LOW,,
H10407,0.2985,LOW,,
H10408,0.031,LOW,,
H10409,0.0255,LOW,,
H10410,0.0142,LOW,,
H10411,0.3518,LOW,,
H10412,0.0504,LOW,,
H10413,0.0479,LOW,,
H10414,0.5709,MEDIUM,,
H10415,0.1079,LOW,,
H10416,0.0689,LOW,,
H10417,0.5835,MEDIUM,,
H10418,0.8938,HIGH,,
H10419,0.0529,LOW,,
H10420,0.0786,LOW,,
H10421,0.412,MEDIUM,,
H10422,0.1467,LOW,,
H10423,0.0535,LOW,,
H10424,0.0431,LOW,,
H10425,0.567,MEDIUM,,
H10426,0.3296,LOW,,
H10427,0.0583,LOW,,
H10428,0.0563,LOW,,
H10429,0.7956,HIGH,,
H10430,0.313,LOW,,
H10431,0.1668,LOW,,
H10432,0.0319,LOW,,
H10433,0.0134,LOW,,
H10434,0.0543,LOW,,
H10435,0.038,LOW,,
H10436,0.0111,LOW,,
H10437,0.0635,LOW,,
H10438,0.5242,MEDIUM,,
H10439,0.2278,LOW,,
H10440,0.8061,HIGH,,
H10441,0.0213,LOW,,
H10442,0.1875,LOW,,
H10443,0.0741,LOW,,
H10444,0.1244,LOW,,
H10445,0.3096,LOW,,
H10446,0.0223,LOW,,
H10447,0.3616,LOW,,
H10448,0.0775,LOW,,
H10449,0.0958,LOW,,
H10450,0.1453,LOW,,
H10451,0.0416,LOW,,
H10452,0.5719,MEDIUM,,
H10453,0.0105,LOW,,
H10454,0.0524,LOW,,
H10455,0.0935,LOW,,
H10456,0.7372,HIGH,,
H10457,0.1763,LOW,,
H10458,0.116,LOW,,
H10459,0.0981,LOW,,
H10460,0.0948,LOW,,
H10461,0.5646,MEDIUM,,
H10462,0.0496,LOW,,
H10463,0.1451,LOW,,
H10464,0.1091,LOW,,
H10465,0.0241,LOW,,
H10466,0.1144,LOW,,
H10467,0.2002,LOW,,
H10468,0.1076,LOW,,
H10469,0.0897,LOW,,
H10470,0.6517,MEDIUM,,
H10471,0.0911,LOW,,
H10472,0.0289,LOW,,
H10473,0.0475,LOW,,
H10474,0.736,HIGH,,
H10475,0.1874,LOW,,
H10476,0.4821,MEDIUM,,
H10477,0.0456,LOW,,
H10478,0.0782,LOW,,
H10479,0.052,LOW,,
H10480,0.0464,LOW,,
H10481,0.2321,LOW,,
H10482,0.8321,HIGH,,
H10483,0.0352,LOW,,
H10484,0.0303,LOW,,
H10485,0.0335,LOW,,
H10486,0.0117,LOW,,
H10487,0.1105,LOW,,
H10488,0.0227,LOW,,
H10489,0.1903,LOW,,
H10490,0.0442,LOW,,
H10491,0.7709,HIGH,,
H10492,0.8252,HIGH,,
H10493,0.1028,LOW,,
H10494,0.0446,LOW,,
H10495,0.1161,LOW,,
H10496,0.6679,MEDIUM,,
H10497,0.8641,HIGH,,
H10498,0.0591,LOW,,
H10499,0.0531,LOW,,
H10500,0.0462,LOW,,
H10501,0.1368,LOW,,
H10502,0.5686,MEDIUM,,
H10503,0.0278,LOW,,
H10504,0.0289,LOW,,
H10505,0.1021,LOW,,
H10506,0.0111,LOW,,
H10507,0.3725,LOW,,
H10508,0.1949,LOW,,
H10509,0.1112,LOW,,
H10510,0.1133,LOW,,
H10511,0.1191,LOW,,
H10512,0.4174,MEDIUM,,
H10513,0.1017,LOW,,
H10514,0.2368,LOW,,
H10515,0.8833,HIGH,,
H10516,0.351,LOW,,
H10517,0.1486,LOW,,
H10518,0.9468,HIGH,,
H10519,0.0299,LOW,,
H10520,0.2485,LOW,,
H10521,0.4954,MEDIUM,,
H10522,0.1013,LOW,,
H10523,0.0584,LOW,,
H10524,0.5765,MEDIUM,,
H10525,0.8464,HIGH,,
H10526,0.0299,LOW,,
H10527,0.0628,LOW,,
H10528,0.6579,MEDIUM,,
H10529,0.1411,LOW,,
H10530,0.033,LOW,,
H10531,0.0715,LOW,,
H10532,0.0424,LOW,,
H10533,0.6715,MEDIUM,,
H10534,0.0054,LOW,,
H10535,0.2421,LOW,,
H10536,0.2684,LOW,,
H10537,0.059,LOW,,
H10538,0.8213,HIGH,,
H10539,0.0217,LOW,,
H10540,0.0898,LOW,,
H10541,0.1992,LOW,,
H10542,0.1843,LOW,,
H10543,0.0803,LOW,,
H10544,0.0177,LOW,,
H10545,0.114,LOW,,
H10546,0.7465,HIGH,,
H10547,0.0839,LOW,,
H10548,0.0416,LOW,,
H10549,0.0502,LOW,,
H10550,0.0533,LOW,,
H10551,0.0812,LOW,,
H10552,0.7773,HIGH,,
H10553,0.0468,LOW,,
H10554,0.0529,LOW,,
H10555,0.2014,LOW,,
H10556,0.0198,LOW,,
H10557,0.4193,MEDIUM,,
H10558,0.087,LOW,,
H10559,0.0163,LOW,,
H10560,0.0463,LOW,,
H10561,0.0189,LOW,,
H10562,0.1135,LOW,,
H10563,0.1077,LOW,,
H10564,0.0174,LOW,,
H10565,0.0149,LOW,,
H10566,0.0652,LOW,,
H10567,0.0206,LOW,,
H10568,0.2274,LOW,,
H10569,0.0654,LOW,,
H10570,0.0397,LOW,,
H10571,0.0552,LOW,,
H10572,0.0355,LOW,,
H10573,0.0313,LOW,,
H10574,0.0435,LOW,,
H10575,0.3325,LOW,,
H10576,0.0205,LOW,,
H10577,0.0207,LOW,,
H10578,0.1506,LOW,,
H10579,0.6309,MEDIUM,,
H10580,0.6767,MEDIUM,,
H10581,0.4927,MEDIUM,,
H10582,0.0235,LOW,,
H10583,0.0606,LOW,,
H10584,0.0489,LOW,,
H10585,0.0327,LOW,,
H10586,0.0257,LOW,,
H10587,0.7003,HIGH,,
H10588,0.0918,LOW,,
H10589,0.1579,LOW,,
H10590,0.103,LOW,,
H10591,0.0276,LOW,,
H10592,0.172,LOW,,
H10593,0.4706,MEDIUM,,
H10594,0.3479,LOW,,
H10595,0.6024,MEDIUM,,
H10596,0.029,LOW,,
H10597,0.2317,LOW,,
H10598,0.105,LOW,,
H10599,0.0424,LOW,,
H10600,0.0263,LOW,,
H10601,0.2046,LOW,,
H10602,0.5186,MEDIUM,,
H10603,0.0208,LOW,,
H10604,0.0118,LOW,,
H10605,0.751,HIGH,,
H10606,0.12,LOW,,
H10607,0.8658,HIGH,,
H10608,0.1917,LOW,,
H10609,0.0745,LOW,,
H10610,0.0677,LOW,,
H10611,0.065,LOW,,
H10612,0.9466,HIGH,,
H10613,0.1736,LOW,,
H10614,0.6746,MEDIUM,,
H10615,0.0923,LOW,,
H10616,0.1135,LOW,,
H10617,0.3554,LOW,,
H10618,0.428,MEDIUM,,
H10619,0.0226,LOW,,
H10620,0.2038,LOW,,
H10621,0.127,LOW,,
H10622,0.0156,LOW,,
H10623,0.1243,LOW,,
H10624,0.2067,LOW,,
H10625,0.1517,LOW,,
H10626,0.7476,HIGH,,
H10627,0.1019,LOW,,
H10628,0.0162,LOW,,
H10629,0.7943,HIGH,,
H10630,0.1997,LOW,,
H10631,0.6851,MEDIUM,,
H10632,0.1036,LOW,,
H10633,0.2568,LOW,,
H10634,0.3809,LOW,,
H10635,0.1025,LOW,,
H10636,0.0188,LOW,,
H10637,0.024,LOW,,
H10638,0.0219,LOW,,
H10639,0.0295,LOW,,
H10640,0.0382,LOW,,
H10641,0.4821,MEDIUM,,
H10642,0.8897,HIGH,,
H10643,0.0864,LOW,,
H10644,0.0401,LOW,,
H10645,0.903,HIGH,,
H10646,0.0276,LOW,,
H10647,0.0819,LOW,,
H10648,0.5508,MEDIUM,,
H10649,0.0968,LOW,,
H10650,0.7123,HIGH,,
H10651,0.0375,LOW,,
H10652,0.257,LOW,,
H10653,0.432,MEDIUM,,
H10654,0.021,LOW,,
H10655,0.2327,LOW,,
H10656,0.0404,LOW,,
H10657,0.1806,LOW,,
H10658,0.076,LOW,,
H10659,0.0057,LOW,,
H10660,0.8731,HIGH,,
H10661,0.0461,LOW,,
H10662,0.5133,MEDIUM,,
H10663,0.6119,MEDIUM,,
H10664,0.0412,LOW,,
H10665,0.1408,LOW,,
H10666,0.0275,LOW,,
H10667,0.9555,HIGH,,
H10668,0.0511,LOW,,
H10669,0.0802,LOW,,
H10670,0.2086,LOW,,
H10671,0.7533,HIGH,,
H10672,0.2164,LOW,,
H10673,0.3609,LOW,,
H10674,0.1013,LOW,,
H10675,0.1533,LOW,,
H10676,0.0219,LOW,,
H10677,0.2633,LOW,,
H10678,0.1483,LOW,,
H10679,0.0146,LOW,,
H10680,0.0479,LOW,,
H10681,0.1199,LOW,,
H10682,0.0235,LOW,,
H10683,0.0727,LOW,,
H10684,0.0619,LOW,,
H10685,0.7114,HIGH,,
H10686,0.059,LOW,,
H10687,0.1472,LOW,,
H10688,0.23,LOW,,
H10689,0.0668,LOW,,
H10690,0.0139,LOW,,
H10691,0.0579,LOW,,
H10692,0.0457,LOW,,
H10693,0.0344,LOW,,
H10694,0.0631,LOW,,
H10695,0.0251,LOW,,
H10696,0.318,LOW,,
H10697,0.0428,LOW,,
H10698,0.0451,LOW,,
H10699,0.1038,LOW,,
H10700,0.6963,MEDIUM,,
H10701,0.0938,LOW,,
H10702,0.2279,LOW,,
H10703,0.0757,LOW,,
H10704,0.0333,LOW,,
H10705,0.0664,LOW,,
H10706,0.0216,LOW,,
H10707,0.0731,LOW,,
H10708,0.0419,LOW,,
H10709,0.0194,LOW,,
H10710,0.0153,LOW,,
H10711,0.5011,MEDIUM,,
H10712,0.0638,LOW,,
H10713,0.1494,LOW,,
H10714,0.0896,LOW,,
H10715,0.4393,MEDIUM,,
H10716,0.0285,LOW,,
H10717,0.0913,LOW,,
H10718,0.1478,LOW,,
H10719,0.0382,LOW,,
H10720,0.1513,LOW,,
H10721,0.0924,LOW,,
H10722,0.1717,LOW,,
H10723,0.3305,LOW,,
H10724,0.7986,HIGH,,
H10725,0.4459,MEDIUM,,
H10726,0.0291,LOW,,
H10727,0.1169,LOW,,
H10728,0.0305,LOW,,
H10729,0.5583,MEDIUM,,
H10730,0.1844,LOW,,
H10731,0.2286,LOW,,
H10732,0.3101,LOW,,
H10733,0.2065,LOW,,
H10734,0.8406,HIGH,,
H10735,0.2239,LOW,,
H10736,0.0383,LOW,,
H10737,0.021,LOW,,
H10738,0.068,LOW,,
H10739,0.0926,LOW,,
H10740,0.0219,LOW,,
H10741,0.4008,MEDIUM,,
H10742,0.2934,LOW,,
H10743,0.0902,LOW,,
H10744,0.0884,LOW,,
H10745,0.0563,LOW,,
H10746,0.6522,MEDIUM,,
H10747,0.0479,LOW,,
H10748,0.0717,LOW,,
H10749,0.0459,LOW,,
H10750,0.0205,LOW,,
H10751,0.2941,LOW,,
H10752,0.2274,LOW,,
H10753,0.7547,HIGH,,
H10754,0.1152,LOW,,
H10755,0.1987,LOW,,
H10756,0.0429,LOW,,
H10757,0.0103,LOW,,
H10758,0.1506,LOW,,
H10759,0.107,LOW,,
H10760,0.0134,LOW,,
H10761,0.0183,LOW,,
H10762,0.1142,LOW,,
H10763,0.1342,LOW,,
H10764,0.0607,LOW,,
H10765,0.0176,LOW,,
H10766,0.2217,LOW,,
H10767,0.7811,HIGH,,
H10768,0.2951,LOW,,
H10769,0.3949,LOW,,
H10770,0.1148,LOW,,
H10771,0.0723,LOW,,
H10772,0.0857,LOW,,
H10773,0.071,LOW,,
H10774,0.0505,LOW,,
H10775,0.2137,LOW,,
H10776,0.1437,LOW,,
H10777,0.0461,LOW,,
H10778,0.0775,LOW,,
H10779,0.2696,LOW,,
H10780,0.0183,LOW,,
H10781,0.0155,LOW,,
H10782,0.0449,LOW,,
H10783,0.0981,LOW,,
H10784,0.1028,LOW,,
H10785,0.0938,LOW,,
H10786,0.0221,LOW,,
H10787,0.5276,MEDIUM,,
H10788,0.0186,LOW,,
H10789,0.6733,MEDIUM,,
H10790,0.0688,LOW,,
H10791,0.5296,MEDIUM,,
H10792,0.4213,MEDIUM,,
H10793,0.0091,LOW,,
H10794,0.1347,LOW,,
H10795,0.0696,LOW,,
H10796,0.0659,LOW,,
H10797,0.0419,LOW,,
H10798,0.5992,MEDIUM,,
H10799,0.2197,LOW,,
H10800,0.0383,LOW,,
H10801,0.0361,LOW,,
H10802,0.0675,LOW,,
H10803,0.0618,LOW,,
H10804,0.0368,LOW,,
H10805,0.2884,LOW,,
H10806,0.0432,LOW,,
H10807,0.0845,LOW,,
H10808,0.1432,LOW,,
H10809,0.0412,LOW,,
H10810,0.0946,LOW,,
H10811,0.6579,MEDIUM,,
H10812,0.102,LOW,,
H10813,0.0398,LOW,,
H10814,0.0431,LOW,,
H10815,0.0111,LOW,,
H10816,0.1139,LOW,,
H10817,0.1081,LOW,,
H10818,0.0112,LOW,,
H10819,0.2124,LOW,,
H10820,0.0402,LOW,,
H10821,0.1829,LOW,,
H10822,0.534,MEDIUM,,
H10823,0.0379,LOW,,
H10824,0.9039,HIGH,,
H10825,0.1703,LOW,,
H10826,0.065,LOW,,
H10827,0.4171,MEDIUM,,
H10828,0.8094,HIGH,,
H10829,0.0248,LOW,,
H10830,0.0192,LOW,,
H10831,0.1938,LOW,,
H10832,0.5051,MEDIUM,,
H10833,0.1661,LOW,,
H10834,0.0246,LOW,,
H10835,0.1201,LOW,,
H10836,0.0787,LOW,,
H10837,0.1751,LOW,,
H10838,0.0364,LOW,,
H10839,0.0349,LOW,,
H10840,0.113,LOW,,
H10841,0.048,LOW,,
H10842,0.1942,LOW,,
H10843,0.2049,LOW,,
H10844,0.0351,LOW,,
H10845,0.1055,LOW,,
H10846,0.4788,MEDIUM,,
H10847,0.0555,LOW,,
H10848,0.3078,LOW,,
H10849,0.0377,LOW,,
H10850,0.2514,LOW,,
H10851,0.1288,LOW,,
H10852,0.1322,LOW,,
H10853,0.1438,LOW,,
H10854,0.0269,LOW,,
H10855,0.0713,LOW,,
H10856,0.0397,LOW,,
H10857,0.0388,LOW,,
H10858,0.7814,HIGH,,
H10859,0.1527,LOW,,
H10860,0.5517,MEDIUM,,
H10861,0.1086,LOW,,
H10862,0.2204,LOW,,
H10863,0.7613,HIGH,,
H10864,0.0102,LOW,,
H10865,0.0769,LOW,,
H10866,0.0125,LOW,,
H10867,0.1189,LOW,,
H10868,0.2101,LOW,,
H10869,0.1522,LOW,,
H10870,0.0178,LOW,,
H10871,0.0972,LOW,,
H10872,0.8501,HIGH,,
H10873,0.8997,HIGH,,
H10874,0.7779,HIGH,,
H10875,0.0123,LOW,,
H10876,0.9111,HIGH,,
H10877,0.633,MEDIUM,,
H10878,0.0372,LOW,,
H10879,0.1904,LOW,,
H10880,0.0892,LOW,,
H10881,0.0293,LOW,,
H10882,0.1339,LOW,,
H10883,0.4582,MEDIUM,,
H10884,0.064,LOW,,
H10885,0.5997,MEDIUM,,
H10886,0.0858,LOW,,
H10887,0.236,LOW,,
H10888,0.4997,MEDIUM,,
H10889,0.526,MEDIUM,,
H10890,0.8689,HIGH,,
H10891,0.245,LOW,,
H10892,0.1804,LOW,,
H10893,0.1729,LOW,,
H10894,0.0616,LOW,,
H10895,0.3918,LOW,,
H10896,0.0749,LOW,,
H10897,0.066,LOW,,
H10898,0.0414,LOW,,
H10899,0.1151,LOW,,
H10900,0.7913,HIGH,,
H10901,0.0968,LOW,,
H10902,0.1806,LOW,,
H10903,0.0839,LOW,,
H10904,0.0559,LOW,,
H10905,0.1832,LOW,,
H10906,0.5344,MEDIUM,,
H10907,0.0491,LOW,,
H10908,0.1979,LOW,,
H10909,0.5998,MEDIUM,,
H10910,0.0264,LOW,,
H10911,0.0673,LOW,,
H10912,0.2497,LOW,,
H10913,0.1556,LOW,,
H10914,0.1136,LOW,,
H10915,0.082,LOW,,
H10916,0.1649,LOW,,
H10917,0.0965,LOW,,
H10918,0.0938,LOW,,
H10919,0.3221,LOW,,
H10920,0.8581,HIGH,,
H10921,0.734,HIGH,,
H10922,0.0318,LOW,,
H10923,0.0638,LOW,,
H10924,0.0496,LOW,,
H10925,0.4252,MEDIUM,,
H10926,0.456,MEDIUM,,
H10927,0.2452,LOW,,
H10928,0.0405,LOW,,
H10929,0.0668,LOW,,
H10930,0.0438,LOW,,
H10931,0.0137,LOW,,
H10932,0.4531,MEDIUM,,
H10933,0.0683,LOW,,
H10934,0.0393,LOW,,
H10935,0.063,LOW,,
H10936,0.2386,LOW,,
H10937,0.0603,LOW,,
H10938,0.1368,LOW,,
H10939,0.2031,LOW,,
H10940,0.0234,LOW,,
H10941,0.0882,LOW,,
H10942,0.1172,LOW,,
H10943,0.121,LOW,,
H10944,0.0411,LOW,,
H10945,0.1691,LOW,,
H10946,0.2657,LOW,,
H10947,0.1903,LOW,,
H10948,0.4485,MEDIUM,,
H10949,0.2846,LOW,,
H10950,0.1236,LOW,,
H10951,0.2654,LOW,,
H10952,0.6419,MEDIUM,,
H10953,0.0224,LOW,,
H10954,0.0595,LOW,,
H10955,0.207,LOW,,
H10956,0.4531,MEDIUM,,
H10957,0.0639,LOW,,
H10958,0.2605,LOW,,
H10959,0.9363,HIGH,,
H10960,0.4416,MEDIUM,,
H10961,0.7696,HIGH,,
H10962,0.1204,LOW,,
H10963,0.8255,HIGH,,
H10964,0.0658,LOW,,
H10965,0.7893,HIGH,,
H10966,0.0553,LOW,,
H10967,0.0329,LOW,,
H10968,0.0526,LOW,,
H10969,0.0445,LOW,,
H10970,0.6364,MEDIUM,,
H10971,0.6779,MEDIUM,,
H10972,0.0695,LOW,,
H10973,0.2515,LOW,,
H10974,0.8393,HIGH,,
H10975,0.1072,LOW,,
H10976,0.0313,LOW,,
H10977,0.0793,LOW,,
H10978,0.2664,LOW,,
H10979,0.0718,LOW,,
H10980,0.108,LOW,,
H10981,0.4484,MEDIUM,,
H10982,0.0392,LOW,,
H10983,0.0343,LOW,,
H10984,0.0537,LOW,,
H10985,0.0991,LOW,,
H10986,0.711,HIGH,,
H10987,0.2168,LOW,,
H10988,0.017,LOW,,
H10989,0.0266,LOW,,
H10990,0.0624,LOW,,
H10991,0.0695,LOW,,
H10992,0.3267,LOW,,
H10993,0.8663,HIGH,,
H10994,0.9092,HIGH,,
H10995,0.1135,LOW,,
H10996,0.0938,LOW,,
H10997,0.1776,LOW,,
H10998,0.128,LOW,,
H10999,0.0178,LOW,,
H11000,0.2843,LOW,,
H11001,0.1252,LOW,,
H11002,0.5458,MEDIUM,,
H11003,0.8554,HIGH,,
H11004,0.5425,MEDIUM,,
H11005,0.1736,LOW,,
H11006,0.0134,LOW,,
H11007,0.1782,LOW,,
H11008,0.0496,LOW,,
H11009,0.032,LOW,,
H11010,0.4886,MEDIUM,,
H11011,0.0265,LOW,,
H11012,0.241,LOW,,
H11013,0.2776,LOW,,
H11014,0.0601,LOW,,
H11015,0.0133,LOW,,
H11016,0.5983,MEDIUM,,
H11017,0.042,LOW,,
H11018,0.1084,LOW,,
H11019,0.7921,HIGH,,
H11020,0.0081,LOW,,
H11021,0.1123,LOW,,
H11022,0.0731,LOW,,
H11023,0.6512,MEDIUM,,
H11024,0.0549,LOW,,
H11025,0.1172,LOW,,
H11026,0.0531,LOW,,
H11027,0.2318,LOW,,
H11028,0.1608,LOW,,
H11029,0.0605,LOW,,
H11030,0.0439,LOW,,
H11031,0.117,LOW,,
H11032,0.1738,LOW,,
H11033,0.0848,LOW,,
H11034,0.0881,LOW,,
H11035,0.0285,LOW,,
H11036,0.1534,LOW,,
H11037,0.4454,MEDIUM,,
H11038,0.0463,LOW,,
H11039,0.0285,LOW,,
H11040,0.0658,LOW,,
H11041,0.0428,LOW,,
H11042,0.5951,MEDIUM,,
H11043,0.0282,LOW,,
H11044,0.0228,LOW,,
H11045,0.098,LOW,,
H11046,0.5365,MEDIUM,,
H11047,0.0902,LOW,,
H11048,0.0956,LOW,,
H11049,0.89,HIGH,,
H11050,0.1538,LOW,,
H11051,0.3242,LOW,,
H11052,0.1289,LOW,,
H11053,0.0681,LOW,,
H11054,0.0468,LOW,,
H11055,0.3317,LOW,,
H11056,0.0741,LOW,,
H11057,0.1649,LOW,,
H11058,0.42,MEDIUM,,
H11059,0.2418,LOW,,
H11060,0.0186,LOW,,
H11061,0.8541,HIGH,,
H11062,0.0466,LOW,,
H11063,0.6785,MEDIUM,,
H11064,0.0801,LOW,,
H11065,0.0524,LOW,,
H11066,0.0671,LOW,,
H11067,0.1024,LOW,,
H11068,0.9545,HIGH,,
H11069,0.0562,LOW,,
H11070,0.204,LOW,,
H11071,0.0403,LOW,,
H11072,0.0531,LOW,,
H11073,0.0382,LOW,,
H11074,0.3518,LOW,,
H11075,0.0787,LOW,,
H11076,0.0492,LOW,,
H11077,0.0865,LOW,,
H11078,0.6735,MEDIUM,,
H11079,0.1037,LOW,,
H11080,0.0573,LOW,,
H11081,0.3243,LOW,,
H11082,0.3735,LOW,,
H11083,0.0366,LOW,,
H11084,0.3325,LOW,,
H11085,0.0393,LOW,,
H11086,0.018,LOW,,
H11087,0.0205,LOW,,
H11088,0.0611,LOW,,
H11089,0.0915,LOW,,
H11090,0.0423,LOW,,
H11091,0.6939,MEDIUM,,
H11092,0.5169,MEDIUM,,
H11093,0.0811,LOW,,
H11094,0.7177,HIGH,,
H11095,0.0555,LOW,,
H11096,0.1285,LOW,,
H11097,0.1868,LOW,,
H11098,0.8676,HIGH,,
H11099,0.6114,MEDIUM,,
H11100,0.1197,LOW,,
H11101,0.0521,LOW,,
H11102,0.0399,LOW,,
H11103,0.0544,LOW,,
H11104,0.7357,HIGH,,
H11105,0.0322,LOW,,
H11106,0.1629,LOW,,
H11107,0.1184,LOW,,
H11108,0.1558,LOW,,
H11109,0.0889,LOW,,
H11110,0.1729,LOW,,
H11111,0.1125,LOW,,
H11112,0.3137,LOW,,
H11113,0.179,LOW,,
H11114,0.0567,LOW,,
H11115,0.161,LOW,,
H11116,0.0428,LOW,,
H11117,0.0495,LOW,,
H11118,0.7805,HIGH,,
H11119,0.0923,LOW,,
H11120,0.062,LOW,,
H11121,0.0206,LOW,,
H11122,0.7527,HIGH,,
H11123,0.1909,LOW,,
H11124,0.3324,LOW,,
H11125,0.0496,LOW,,
H11126,0.0354,LOW,,
H11127,0.2226,LOW,,
H11128,0.0401,LOW,,
H11129,0.0291,LOW,,
H11130,0.2591,LOW,,
H11131,0.0363,LOW,,
H11132,0.1455,LOW,,
H11133,0.0574,LOW,,
H11134,0.7212,HIGH,,
H11135,0.0873,LOW,,
H11136,0.0433,LOW,,
H11137,0.0828,LOW,,
H11138,0.0448,LOW,,
H11139,0.1428,LOW,,
H11140,0.218,LOW,,
H11141,0.1591,LOW,,
H11142,0.0301,LOW,,
H11143,0.0078,LOW,,
H11144,0.216,LOW,,
H11145,0.0191,LOW,,
H11146,0.256,LOW,,
H11147,0.045,LOW,,
H11148,0.0195,LOW,,
H11149,0.4,LOW,,
H11150,0.0336,LOW,,
H11151,0.1366,LOW,,
H11152,0.1508,LOW,,
H11153,0.1958,LOW,,
H11154,0.0688,LOW,,
H11155,0.1085,LOW,,
H11156,0.8023,HIGH,,
H11157,0.0888,LOW,,
H11158,0.0788,LOW,,
H11159,0.056,LOW,,
H11160,0.0711,LOW,,
H11161,0.1149,LOW,,
H11162,0.0754,LOW,,
H11163,0.0135,LOW,,
H11164,0.0172,LOW,,
H11165,0.1419,LOW,,
H11166,0.749,HIGH,,
H11167,0.1809,LOW,,
H11168,0.0349,LOW,,
H11169,0.0409,LOW,,
H11170,0.1663,LOW,,
H11171,0.7194,HIGH,,
H11172,0.0567,LOW,,
H11173,0.0499,LOW,,
H11174,0.0582,LOW,,
H11175,0.1725,LOW,,
H11176,0.0378,LOW,,
H11177,0.6409,MEDIUM,,
H11178,0.2908,LOW,,
H11179,0.2054,LOW,,
H11180,0.3304,LOW,,
H11181,0.9564,HIGH,,
H11182,0.0331,LOW,,
H11183,0.0329,LOW,,
H11184,0.016,LOW,,
H11185,0.1513,LOW,,
H11186,0.7752,HIGH,,
H11187,0.0871,LOW,,
H11188,0.0465,LOW,,
H11189,0.5079,MEDIUM,,
H11190,0.7576,HIGH,,
H11191,0.1918,LOW,,
H11192,0.516,MEDIUM,,
H11193,0.0379,LOW,,
H11194,0.1342,LOW,,
H11195,0.6435,MEDIUM,,
H11196,0.2209,LOW,,
H11197,0.1378,LOW,,
H11198,0.0736,LOW,,
H11199,0.0458,LOW,,
H11200,0.7034,HIGH,,
H11201,0.171,LOW,,
H11202,0.0519,LOW,,
H11203,0.0538,LOW,,
H11204,0.3835,LOW,,
H11205,0.0637,LOW,,
H11206,0.0705,LOW,,
H11207,0.2123,LOW,,
H11208,0.0683,LOW,,
H11209,0.0121,LOW,,
H11210,0.0587,LOW,,
H11211,0.0697,LOW,,
H11212,0.1511,LOW,,
H11213,0.078,LOW,,
H11214,0.2778,LOW,,
H11215,0.019,LOW,,
H11216,0.8464,HIGH,,
H11217,0.3847,LOW,,
H11218,0.0367,LOW,,
H11219,0.0482,LOW,,
H11220,0.8128,HIGH,,
H11221,0.0195,LOW,,
H11222,0.0202,LOW,,
H11223,0.0393,LOW,,
H11224,0.272,LOW,,
H11225,0.6656,MEDIUM,,
H11226,0.1133,LOW,,
H11227,0.1017,LOW,,
H11228,0.0234,LOW,,
H11229,0.0439,LOW,,
H11230,0.4989,MEDIUM,,
H11231,0.7357,HIGH,,
H11232,0.4772,MEDIUM,,
H11233,0.0459,LOW,,
H11234,0.0569,LOW,,
H11235,0.0277,LOW,,
H11236,0.0394,LOW,,
H11237,0.1095,LOW,,
H11238,0.1234,LOW,,
H11239,0.0947,LOW,,
H11240,0.0665,LOW,,
H11241,0.0825,LOW,,
H11242,0.1236,LOW,,
H11243,0.0296,LOW,,
H11244,0.1633,LOW,,
H11245,0.0243,LOW,,
H11246,0.0302,LOW,,
H11247,0.0219,LOW,,
H11248,0.4422,MEDIUM,,
H11249,0.1441,LOW,,
H11250,0.0661,LOW,,
H11251,0.024,LOW,,
H11252,0.0418,LOW,,
H11253,0.7085,HIGH,,
H11254,0.6051,MEDIUM,,
H11255,0.2069,LOW,,
H11256,0.2005,LOW,,
H11257,0.064,LOW,,
H11258,0.2197,LOW,,
H11259,0.0428,LOW,,
H11260,0.1119,LOW,,
H11261,0.0339,LOW,,
H11262,0.0621,LOW,,
H11263,0.3184,LOW,,
H11264,0.2853,LOW,,
H11265,0.0255,LOW,,
H11266,0.0671,LOW,,
H11267,0.7678,HIGH,,
H11268,0.1107,LOW,,
H11269,0.586,MEDIUM,,
H11270,0.2045,LOW,,
H11271,0.0548,LOW,,
H11272,0.0102,LOW,,
H11273,0.0374,LOW,,
H11274,0.0206,LOW,,
H11275,0.0648,LOW,,
H11276,0.5797,MEDIUM,,
H11277,0.0209,LOW,,
H11278,0.1307,LOW,,
H11279,0.486,MEDIUM,,
H11280,0.2881,LOW,,
H11281,0.0564,LOW,,
H11282,0.0492,LOW,,
H11283,0.0504,LOW,,
H11284,0.0609,LOW,,
H11285,0.757,HIGH,,
H11286,0.2027,LOW,,
H11287,0.8718,HIGH,,
H11288,0.037,LOW,,
H11289,0.3227,LOW,,
H11290,0.0305,LOW,,
H11291,0.0642,LOW,,
H11292,0.0129,LOW,,
H11293,0.0418,LOW,,
H11294,0.1131,LOW,,
H11295,0.0184,LOW,,
H11296,0.0846,LOW,,
H11297,0.0354,LOW,,
H11298,0.0364,LOW,,
H11299,0.2881,LOW,,
H11300,0.0197,LOW,,
H11301,0.8269,HIGH,,
H11302,0.0643,LOW,,
H11303,0.4459,MEDIUM,,
H11304,0.0391,LOW,,
H11305,0.051,LOW,,
H11306,0.093,LOW,,
H11307,0.5266,MEDIUM,,
H11308,0.0281,LOW,,
H11309,0.0812,LOW,,
H11310,0.1371,LOW,,
H11311,0.0227,LOW,,
H11312,0.3911,LOW,,
H11313,0.1515,LOW,,
H11314,0.4236,MEDIUM,,
H11315,0.1769,LOW,,
H11316,0.0768,LOW,,
H11317,0.0768,LOW,,
H11318,0.0462,LOW,,
H11319,0.1757,LOW,,
H11320,0.1204,LOW,,
H11321,0.0242,LOW,,
H11322,0.1569,LOW,,
H11323,0.0193,LOW,,
H11324,0.0224,LOW,,
H11325,0.0776,LOW,,
H11326,0.2842,LOW,,
H11327,0.2228,LOW,,
H11328,0.0275,LOW,,
H11329,0.0444,LOW,,
H11330,0.2417,LOW,,
H11331,0.141,LOW,,
H11332,0.0431,LOW,,
H11333,0.0568,LOW,,
H11334,0.3267,LOW,,
H11335,0.0494,LOW,,
H11336,0.2393,LOW,,
H11337,0.0193,LOW,,
H11338,0.0198,LOW,,
H11339,0.0202,LOW,,
H11340,0.0171,LOW,,
H11341,0.0391,LOW,,
H11342,0.4678,MEDIUM,,
H11343,0.1525,LOW,,
H11344,0.0131,LOW,,
H11345,0.0573,LOW,,
H11346,0.1138,LOW,,
H11347,0.5481,MEDIUM,,
H11348,0.1073,LOW,,
H11349,0.6214,MEDIUM,,
H11350,0.0838,LOW,,
H11351,0.112,LOW,,
H11352,0.1667,LOW,,
H11353,0.2263,LOW,,
H11354,0.0498,LOW,,
H11355,0.3257,LOW,,
H11356,0.0475,LOW,,
H11357,0.3869,LOW,,
H11358,0.0994,LOW,,
H11359,0.3063,LOW,,
H11360,0.0216,LOW,,
H11361,0.4648,MEDIUM,,
H11362,0.1234,LOW,,
H11363,0.0371,LOW,,
H11364,0.056,LOW,,
H11365,0.0109,LOW,,
H11366,0.056,LOW,,
H11367,0.039,LOW,,
H11368,0.0644,LOW,,
H11369,0.0438,LOW,,
H11370,0.1191,LOW,,
H11371,0.1872,LOW,,
H11372,0.1317,LOW,,
H11373,0.8402,HIGH,,
H11374,0.2216,LOW,,
H11375,0.9215,HIGH,,
H11376,0.025,LOW,,
H11377,0.1044,LOW,,
H11378,0.1108,LOW,,
H11379,0.0839,LOW,,
H11380,0.1437,LOW,,
H11381,0.1176,LOW,,
H11382,0.2192,LOW,,
H11383,0.0624,LOW,,
H11384,0.1668,LOW,,
H11385,0.0656,LOW,,
H11386,0.4646,MEDIUM,,
H11387,0.0297,LOW,,
H11388,0.6779,MEDIUM,,
H11389,0.0638,LOW,,
H11390,0.0098,LOW,,
H11391,0.0396,LOW,,
H11392,0.1322,LOW,,
H11393,0.6535,MEDIUM,,
H11394,0.015,LOW,,
H11395,0.1982,LOW,,
H11396,0.0665,LOW,,
H11397,0.0346,LOW,,
H11398,0.6166,MEDIUM,,
H11399,0.1793,LOW,,
H11400,0.6834,MEDIUM,,
H11401,0.469,MEDIUM,,
H11402,0.5032,MEDIUM,,
H11403,0.0957,LOW,,
H11404,0.2054,LOW,,
H11405,0.0528,LOW,,
H11406,0.0206,LOW,,
H11407,0.1322,LOW,,
H11408,0.6424,MEDIUM,,
H11409,0.5357,MEDIUM,,
H11410,0.6396,MEDIUM,,
H11411,0.1016,LOW,,
H11412,0.2489,LOW,,
H11413,0.0223,LOW,,
H11414,0.163,LOW,,
H11415,0.0949,LOW,,
H11416,0.0823,LOW,,
H11417,0.0467,LOW,,
H11418,0.0703,LOW,,
H11419,0.6381,MEDIUM,,
H11420,0.0384,LOW,,
H11421,0.0162,LOW,,
H11422,0.0983,LOW,,
H11423,0.2989,LOW,,
H11424,0.0515,LOW,,
H11425,0.027,LOW,,
H11426,0.0199,LOW,,
H11427,0.0615,LOW,,
H11428,0.1682,LOW,,
H11429,0.0469,LOW,,
H11430,0.275,LOW,,
H11431,0.132,LOW,,
H11432,0.1145,LOW,,
H11433,0.0431,LOW,,
H11434,0.0653,LOW,,
H11435,0.0712,LOW,,
H11436,0.1788,LOW,,
H11437,0.0374,LOW,,
H11438,0.0772,LOW,,
H11439,0.0254,LOW,,
H11440,0.11,LOW,,
H11441,0.0169,LOW,,
H11442,0.267,LOW,,
H11443,0.4897,MEDIUM,,
H11444,0.1246,LOW,,
H11445,0.2227,LOW,,
H11446,0.0788,LOW,,
H11447,0.0363,LOW,,
H11448,0.0223,LOW,,
H11449,0.0163,LOW,,
H11450,0.0913,LOW,,
H11451,0.0406,LOW,,
H11452,0.577,MEDIUM,,
H11453,0.0396,LOW,,
H11454,0.1068,LOW,,
H11455,0.2604,LOW,,
H11456,0.0517,LOW,,
H11457,0.0505,LOW,,
H11458,0.034,LOW,,
H11459,0.0425,LOW,,
H11460,0.0458,LOW,,
H11461,0.3711,LOW,,
H11462,0.1608,LOW,,
H11463,0.1096,LOW,,
H11464,0.0553,LOW,,
H11465,0.0615,LOW,,
H11466,0.2618,LOW,,
H11467,0.3909,LOW,,
H11468,0.0334,LOW,,
H11469,0.0306,LOW,,
H11470,0.6498,MEDIUM,,
H11471,0.1556,LOW,,
H11472,0.0777,LOW,,
H11473,0.1783,LOW,,
H11474,0.0285,LOW,,
H11475,0.2835,LOW,,
H11476,0.0857,LOW,,
H11477,0.4912,MEDIUM,,
H11478,0.0309,LOW,,
H11479,0.0673,LOW,,
H11480,0.5733,MEDIUM,,
H11481,0.1742,LOW,,
H11482,0.0682,LOW,,
H11483,0.216,LOW,,
H11484,0.0221,LOW,,
H11485,0.1625,LOW,,
H11486,0.3816,LOW,,
H11487,0.0239,LOW,,
H11488,0.0483,LOW,,
H11489,0.1242,LOW,,
H11490,0.2216,LOW,,
H11491,0.0535,LOW,,
H11492,0.0252,LOW,,
H11493,0.0905,LOW,,
H11494,0.0683,LOW,,
H11495,0.0351,LOW,,
H11496,0.0647,LOW,,
H11497,0.0412,LOW,,
H11498,0.5181,MEDIUM,,
H11499,0.0484,LOW,,
H11500,0.0557,LOW,,
H11501,0.0673,LOW,,
H11502,0.0755,LOW,,
H11503,0.2867,LOW,,
H11504,0.0393,LOW,,
H11505,0.2008,LOW,,
H11506,0.0546,LOW,,
H11507,0.0286,LOW,,
H11508,0.0564,LOW,,
H11509,0.5192,MEDIUM,,
H11510,0.0244,LOW,,
H11511,0.0821,LOW,,
H11512,0.0836,LOW,,
H11513,0.0303,LOW,,
H11514,0.0334,LOW,,
H11515,0.0471,LOW,,
H11516,0.4985,MEDIUM,,
H11517,0.0491,LOW,,
H11518,0.0238,LOW,,
H11519,0.7838,HIGH,,
H11520,0.7882,HIGH,,
H11521,0.0101,LOW,,
H11522,0.0954,LOW,,
H11523,0.0751,LOW,,
H11524,0.083,LOW,,
H11525,0.3815,LOW,,
H11526,0.0321,LOW,,
H11527,0.0472,LOW,,
H11528,0.0188,LOW,,
H11529,0.8869,HIGH,,
H11530,0.0707,LOW,,
H11531,0.1005,LOW,,
H11532,0.0736,LOW,,
H11533,0.0368,LOW,,
H11534,0.5083,MEDIUM,,
H11535,0.0375,LOW,,
H11536,0.1978,LOW,,
H11537,0.0331,LOW,,
H11538,0.0834,LOW,,
H11539,0.106,LOW,,
H11540,0.0277,LOW,,
H11541,0.0564,LOW,,
H11542,0.0433,LOW,,
H11543,0.0356,LOW,,
H11544,0.7036,HIGH,,
H11545,0.4905,MEDIUM,,
H11546,0.7283,HIGH,,
H11547,0.0204,LOW,,
H11548,0.163,LOW,,
H11549,0.0582,LOW,,
H11550,0.0549,LOW,,
H11551,0.1065,LOW,,
H11552,0.0651,LOW,,
H11553,0.0406,LOW,,
H11554,0.0999,LOW,,
H11555,0.1439,LOW,,
H11556,0.4804,MEDIUM,,
H11557,0.0272,LOW,,
H11558,0.2295,LOW,,
H11559,0.0219,LOW,,
H11560,0.0609,LOW,,
H11561,0.3291,LOW,,
H11562,0.0723,LOW,,
H11563,0.153,LOW,,
H11564,0.8624,HIGH,,
H11565,0.1464,LOW,,
H11566,0.1955,LOW,,
H11567,0.1194,LOW,,
H11568,0.2419,LOW,,
H11569,0.0963,LOW,,
H11570,0.6521,MEDIUM,,
H11571,0.0483,LOW,,
H11572,0.1927,LOW,,
H11573,0.1665,LOW,,
H11574,0.0331,LOW,,
H11575,0.0597,LOW,,
H11576,0.1106,LOW,,
H11577,0.1798,LOW,,
H11578,0.1324,LOW,,
H11579,0.0195,LOW,,
H11580,0.0257,LOW,,
H11581,0.1189,LOW,,
H11582,0.0351,LOW,,
H11583,0.0174,LOW,,
H11584,0.1584,LOW,,
H11585,0.064,LOW,,
H11586,0.0487,LOW,,
H11587,0.0679,LOW,,
H11588,0.0464,LOW,,
H11589,0.8593,HIGH,,
H11590,0.2986,LOW,,
H11591,0.0278,LOW,,
H11592,0.0424,LOW,,
H11593,0.5883,MEDIUM,,
H11594,0.0936,LOW,,
H11595,0.054,LOW,,
H11596,0.9606,HIGH,,
H11597,0.089,LOW,,
H11598,0.029,LOW,,
H11599,0.0171,LOW,,
H11600,0.0216,LOW,,
H11601,0.0276,LOW,,
H11602,0.8573,HIGH,,
H11603,0.016,LOW,,
H11604,0.2696,LOW,,
H11605,0.0375,LOW,,
H11606,0.7348,HIGH,,
H11607,0.0274,LOW,,
H11608,0.0132,LOW,,
H11609,0.0344,LOW,,
H11610,0.0627,LOW,,
H11611,0.5952,MEDIUM,,
H11612,0.0994,LOW,,
H11613,0.0931,LOW,,
H11614,0.3137,LOW,,
H11615,0.0203,LOW,,
H11616,0.011,LOW,,
H11617,0.6125,MEDIUM,,
H11618,0.0194,LOW,,
H11619,0.5981,MEDIUM,,
H11620,0.0829,LOW,,
H11621,0.0822,LOW,,
H11622,0.1867,LOW,,
H11623,0.0363,LOW,,
H11624,0.2228,LOW,,
H11625,0.041,LOW,,
H11626,0.0769,LOW,,
H11627,0.0317,LOW,,
H11628,0.5384,MEDIUM,,
H11629,0.0303,LOW,,
H11630,0.0732,LOW,,
H11631,0.058,LOW,,
H11632,0.0834,LOW,,
H11633,0.343,LOW,,
H11634,0.154,LOW,,
H11635,0.0372,LOW,,
H11636,0.1961,LOW,,
H11637,0.0792,LOW,,
H11638,0.0693,LOW,,
H11639,0.0939,LOW,,
H11640,0.0481,LOW,,
H11641,0.3053,LOW,,
H11642,0.0455,LOW,,
H11643,0.0915,LOW,,
H11644,0.4529,MEDIUM,,
H11645,0.0161,LOW,,
H11646,0.0329,LOW,,
H11647,0.0475,LOW,,
H11648,0.0926,LOW,,
H11649,0.0476,LOW,,
H11650,0.0329,LOW,,
H11651,0.0893,LOW,,
H11652,0.0148,LOW,,
H11653,0.9513,HIGH,,
H11654,0.0295,LOW,,
H11655,0.0325,LOW,,
H11656,0.1153,LOW,,
H11657,0.1062,LOW,,
H11658,0.0341,LOW,,
H11659,0.0677,LOW,,
H11660,0.2632,LOW,,
H11661,0.1269,LOW,,
H11662,0.1286,LOW,,
H11663,0.8794,HIGH,,
H11664,0.0728,LOW,,
H11665,0.6819,MEDIUM,,
H11666,0.099,LOW,,
H11667,0.643,MEDIUM,,
H11668,0.0965,LOW,,
H11669,0.1441,LOW,,
H11670,0.0432,LOW,,
H11671,0.066,LOW,,
H11672,0.0422,LOW,,
H11673,0.0262,LOW,,
H11674,0.1188,LOW,,
H11675,0.1509,LOW,,
H11676,0.5167,MEDIUM,,
H11677,0.0351,LOW,,
H11678,0.0256,LOW,,
H11679,0.0985,LOW,,
H11680,0.0295,LOW,,
H11681,0.0707,LOW,,
H11682,0.0314,LOW,,
H11683,0.0491,LOW,,
H11684,0.0347,LOW,,
H11685,0.181,LOW,,
H11686,0.3045,LOW,,
H11687,0.0126,LOW,,
H11688,0.3287,LOW,,
H11689,0.1009,LOW,,
H11690,0.2337,LOW,,
H11691,0.3735,LOW,,
H11692,0.0911,LOW,,
H11693,0.0615,LOW,,
H11694,0.0743,LOW,,
H11695,0.1274,LOW,,
H11696,0.3395,LOW,,
H11697,0.7895,HIGH,,
H11698,0.0212,LOW,,
H11699,0.0496,LOW,,
H11700,0.034,LOW,,
H11701,0.0285,LOW,,
H11702,0.3552,LOW,,
H11703,0.0276,LOW,,
H11704,0.0247,LOW,,
H11705,0.1372,LOW,,
H11706,0.3991,LOW,,
H11707,0.3284,LOW,,
H11708,0.0954,LOW,,
H11709,0.0503,LOW,,
H11710,0.0255,LOW,,
H11711,0.0787,LOW,,
H11712,0.0538,LOW,,
H11713,0.0843,LOW,,
H11714,0.016,LOW,,
H11715,0.0348,LOW,,
H11716,0.1087,LOW,,
H11717,0.0461,LOW,,
H11718,0.0334,LOW,,
H11719,0.0137,LOW,,
H11720,0.2978,LOW,,
H11721,0.341,LOW,,
H11722,0.1255,LOW,,
H11723,0.2571,LOW,,
H11724,0.0213,LOW,,
H11725,0.886,HIGH,,
H11726,0.0396,LOW,,
H11727,0.0225,LOW,,
H11728,0.8455,HIGH,,
H11729,0.0227,LOW,,
H11730,0.3489,LOW,,
H11731,0.0315,LOW,,
H11732,0.0142,LOW,,
H11733,0.0199,LOW,,
H11734,0.5226,MEDIUM,,
H11735,0.2993,LOW,,
H11736,0.0305,LOW,,
H11737,0.0428,LOW,,
H11738,0.0155,LOW,,
H11739,0.035,LOW,,
H11740,0.0918,LOW,,
H11741,0.0344,LOW,,
H11742,0.8781,HIGH,,
H11743,0.0246,LOW,,
H11744,0.0907,LOW,,
H11745,0.0659,LOW,,
H11746,0.1331,LOW,,
H11747,0.03,LOW,,
H11748,0.0142,LOW,,
H11749,0.7813,HIGH,,
H11750,0.1518,LOW,,
H11751,0.0642,LOW,,
H11752,0.1621,LOW,,
H11753,0.0185,LOW,,
H11754,0.0143,LOW,,
H11755,0.7161,HIGH,,
H11756,0.0528,LOW,,
H11757,0.0512,LOW,,
H11758,0.5059,MEDIUM,,
H11759,0.0406,LOW,,
H11760,0.1207,LOW,,
H11761,0.1051,LOW,,
H11762,0.0647,LOW,,
H11763,0.5051,MEDIUM,,
H11764,0.1816,LOW,,
H11765,0.061,LOW,,
H11766,0.0208,LOW,,
H11767,0.046,LOW,,
H11768,0.3016,LOW,,
H11769,0.0621,LOW,,
H11770,0.0799,LOW,,
H11771,0.2078,LOW,,
H11772,0.0344,LOW,,
H11773,0.4211,MEDIUM,,
H11774,0.0215,LOW,,
H11775,0.4813,MEDIUM,,
H11776,0.0552,LOW,,
H11777,0.8089,HIGH,,
H11778,0.0374,LOW,,
H11779,0.0673,LOW,,
H11780,0.0581,LOW,,
H11781,0.4588,MEDIUM,,
H11782,0.0323,LOW,,
H11783,0.5954,MEDIUM,,
H11784,0.1237,LOW,,
H11785,0.1626,LOW,,
H11786,0.4092,MEDIUM,,
H11787,0.0333,LOW,,
H11788,0.0407,LOW,,
H11789,0.0289,LOW,,
H11790,0.7925,HIGH,,
H11791,0.1635,LOW,,
H11792,0.0824,LOW,,
H11793,0.1359,LOW,,
H11794,0.1033,LOW,,
H11795,0.5208,MEDIUM,,
H11796,0.4667,MEDIUM,,
H11797,0.3112,LOW,,
H11798,0.0951,LOW,,
H11799,0.1865,LOW,,
H11800,0.118,LOW,,
H11801,0.1282,LOW,,
H11802,0.0191,LOW,,
H11803,0.0201,LOW,,
H11804,0.4752,MEDIUM,,
H11805,0.2706,LOW,,
H11806,0.5444,MEDIUM,,
H11807,0.077,LOW,,
H11808,0.1595,LOW,,
H11809,0.0288,LOW,,
H11810,0.1188,LOW,,
H11811,0.0174,LOW,,
H11812,0.1211,LOW,,
H11813,0.3263,LOW,,
H11814,0.0785,LOW,,
H11815,0.0274,LOW,,
H11816,0.2227,LOW,,
H11817,0.0455,LOW,,
H11818,0.1581,LOW,,
H11819,0.0153,LOW,,
H11820,0.0357,LOW,,
H11821,0.0274,LOW,,
H11822,0.0285,LOW,,
H11823,0.1166,LOW,,
H11824,0.7824,HIGH,,
H11825,0.0776,LOW,,
H11826,0.2518,LOW,,
H11827,0.0472,LOW,,
H11828,0.0638,LOW,,
H11829,0.0608,LOW,,
H11830,0.1981,LOW,,
H11831,0.0908,LOW,,
H11832,0.1457,LOW,,
H11833,0.079,LOW,,
H11834,0.0248,LOW,,
H11835,0.2421,LOW,,
H11836,0.1474,LOW,,
H11837,0.0206,LOW,,
H11838,0.0956,LOW,,
H11839,0.7662,HIGH,,
H11840,0.3799,LOW,,
H11841,0.1947,LOW,,
H11842,0.4561,MEDIUM,,
H11843,0.0672,LOW,,
H11844,0.4339,MEDIUM,,
H11845,0.0288,LOW,,
H11846,0.0727,LOW,,
H11847,0.1077,LOW,,
H11848,0.1134,LOW,,
H11849,0.3959,LOW,,
H11850,0.1989,LOW,,
H11851,0.084,LOW,,
H11852,0.0171,LOW,,
H11853,0.0455,LOW,,
H11854,0.2128,LOW,,
H11855,0.0759,LOW,,
H11856,0.0927,LOW,,
H11857,0.3203,LOW,,
H11858,0.062,LOW,,
H11859,0.0243,LOW,,
H11860,0.0575,LOW,,
H11861,0.021,LOW,,
H11862,0.024,LOW,,
H11863,0.0307,LOW,,
H11864,0.0717,LOW,,
H11865,0.8865,HIGH,,
H11866,0.0502,LOW,,
H11867,0.0663,LOW,,
H11868,0.0379,LOW,,
H11869,0.2682,LOW,,
H11870,0.3103,LOW,,
H11871,0.024,LOW,,
H11872,0.2583,LOW,,
H11873,0.1078,LOW,,
H11874,0.1098,LOW,,
H11875,0.1246,LOW,,
H11876,0.0785,LOW,,
H11877,0.06,LOW,,
H11878,0.0659,LOW,,
H11879,0.3338,LOW,,
H11880,0.1026,LOW,,
H11881,0.0701,LOW,,
H11882,0.0147,LOW,,
H11883,0.3789,LOW,,
H11884,0.6811,MEDIUM,,
H11885,0.1433,LOW,,
H11886,0.0633,LOW,,
H11887,0.0721,LOW,,
H11888,0.3595,LOW,,
H11889,0.3732,LOW,,
H11890,0.6718,MEDIUM,,
H11891,0.0256,LOW,,
H11892,0.0539,LOW,,
H11893,0.0316,LOW,,
H11894,0.6312,MEDIUM,,
H11895,0.2863,LOW,,
H11896,0.2048,LOW,,
H11897,0.4814,MEDIUM,,
H11898,0.0824,LOW,,
H11899,0.0453,LOW,,
H11900,0.1948,LOW,,
H11901,0.0627,LOW,,
H11902,0.0501,LOW,,
H11903,0.0416,LOW,,
H11904,0.5219,MEDIUM,,
H11905,0.0268,LOW,,
H11906,0.0485,LOW,,
H11907,0.0249,LOW,,
H11908,0.0949,LOW,,
H11909,0.0756,LOW,,
H11910,0.5391,MEDIUM,,
H11911,0.6981,MEDIUM,,
H11912,0.2725,LOW,,
H11913,0.0909,LOW,,
H11914,0.014,LOW,,
H11915,0.5623,MEDIUM,,
H11916,0.4722,MEDIUM,,
H11917,0.0314,LOW,,
H11918,0.0851,LOW,,
H11919,0.0613,LOW,,
H11920,0.0372,LOW,,
H11921,0.0183,LOW,,
H11922,0.7661,HIGH,,
H11923,0.1014,LOW,,
H11924,0.0324,LOW,,
H11925,0.044,LOW,,
H11926,0.1083,LOW,,
H11927,0.0653,LOW,,
H11928,0.355,LOW,,
H11929,0.1535,LOW,,
H11930,0.0115,LOW,,
H11931,0.0154,LOW,,
H11932,0.0232,LOW,,
H11933,0.1763,LOW,,
H11934,0.0294,LOW,,
H11935,0.1253,LOW,,
H11936,0.0342,LOW,,
H11937,0.9497,HIGH,,
H11938,0.4155,MEDIUM,,
H11939,0.3929,LOW,,
H11940,0.1278,LOW,,
H11941,0.0556,LOW,,
H11942,0.8404,HIGH,,
H11943,0.6634,MEDIUM,,
H11944,0.6091,MEDIUM,,
H11945,0.3691,LOW,,
H11946,0.0889,LOW,,
H11947,0.6671,MEDIUM,,
H11948,0.5132,MEDIUM,,
H11949,0.0418,LOW,,
H11950,0.1825,LOW,,
H11951,0.0465,LOW,,
H11952,0.1283,LOW,,
H11953,0.1566,LOW,,
H11954,0.9137,HIGH,,
H11955,0.0678,LOW,,
H11956,0.2779,LOW,,
H11957,0.1972,LOW,,
H11958,0.3587,LOW,,
H11959,0.0286,LOW,,
H11960,0.7781,HIGH,,
H11961,0.1031,LOW,,
H11962,0.2787,LOW,,
H11963,0.0683,LOW,,
H11964,0.1151,LOW,,
H11965,0.2062,LOW,,
H11966,0.0579,LOW,,
H11967,0.251,LOW,,
H11968,0.5203,MEDIUM,,
H11969,0.0144,LOW,,
H11970,0.1104,LOW,,
H11971,0.03,LOW,,
H11972,0.355,LOW,,
H11973,0.046,LOW,,
H11974,0.0363,LOW,,
H11975,0.0412,LOW,,
H11976,0.8376,HIGH,,
H11977,0.1535,LOW,,
H11978,0.0334,LOW,,
H11979,0.065,LOW,,
H11980,0.0437,LOW,,
H11981,0.0379,LOW,,
H11982,0.2053,LOW,,
H11983,0.1785,LOW,,
H11984,0.0162,LOW,,
H11985,0.043,LOW,,
H11986,0.0391,LOW,,
H11987,0.1748,LOW,,
H11988,0.1414,LOW,,
H11989,0.3258,LOW,,
H11990,0.0182,LOW,,
H11991,0.013,LOW,,
H11992,0.4089,MEDIUM,,
H11993,0.0852,LOW,,
H11994,0.032,LOW,,
H11995,0.7114,HIGH,,
H11996,0.2418,LOW,,
H11997,0.0944,LOW,,
H11998,0.1531,LOW,,
H11999,0.2179,LOW,,
H12000,0.0593,LOW,,
H12001,0.099,LOW,,
H12002,0.1603,LOW,,
H12003,0.0707,LOW,,
H12004,0.4787,MEDIUM,,
H12005,0.0764,LOW,,
H12006,0.1532,LOW,,
H12007,0.0698,LOW,,
H12008,0.0385,LOW,,
H12009,0.232,LOW,,
H12010,0.0321,LOW,,
H12011,0.1691,LOW,,
H12012,0.0662,LOW,,
H12013,0.3009,LOW,,
H12014,0.2406,LOW,,
H12015,0.1949,LOW,,
H12016,0.0281,LOW,,
H12017,0.1762,LOW,,
H12018,0.0128,LOW,,
H12019,0.047,LOW,,
H12020,0.0212,LOW,,
H12021,0.6392,MEDIUM,,
H12022,0.8802,HIGH,,
H12023,0.7811,HIGH,,
H12024,0.1675,LOW,,
H12025,0.0832,LOW,,
H12026,0.048,LOW,,
H12027,0.0267,LOW,,
H12028,0.024,LOW,,
H12029,0.0485,LOW,,
H12030,0.4178,MEDIUM,,
H12031,0.0141,LOW,,
H12032,0.0313,LOW,,
H12033,0.1292,LOW,,
H12034,0.7981,HIGH,,
H12035,0.4376,MEDIUM,,
H12036,0.0662,LOW,,
H12037,0.0769,LOW,,
H12038,0.0119,LOW,,
H12039,0.0223,LOW,,
H12040,0.0265,LOW,,
H12041,0.0991,LOW,,
H12042,0.216,LOW,,
H12043,0.6929,MEDIUM,,
H12044,0.1002,LOW,,
H12045,0.0332,LOW,,
H12046,0.06,LOW,,
H12047,0.12,LOW,,
H12048,0.019,LOW,,
H12049,0.8722,HIGH,,
H12050,0.8378,HIGH,,
H12051,0.0202,LOW,,
H12052,0.1277,LOW,,
H12053,0.0043,LOW,,
H12054,0.2866,LOW,,
H12055,0.0389,LOW,,
H12056,0.8441,HIGH,,
H12057,0.0677,LOW,,
H12058,0.0291,LOW,,
H12059,0.1082,LOW,,
H12060,0.8998,HIGH,,
H12061,0.0522,LOW,,
H12062,0.1011,LOW,,
H12063,0.0142,LOW,,
H12064,0.252,LOW,,
H12065,0.0566,LOW,,
H12066,0.5425,MEDIUM,,
H12067,0.0596,LOW,,
H12068,0.0137,LOW,,
H12069,0.0379,LOW,,
H12070,0.0907,LOW,,
H12071,0.7138,HIGH,,
H12072,0.0087,LOW,,
H12073,0.0609,LOW,,
H12074,0.0933,LOW,,
H12075,0.3556,LOW,,
H12076,0.026,LOW,,
H12077,0.0645,LOW,,
H12078,0.1585,LOW,,
H12079,0.0186,LOW,,
H12080,0.0511,LOW,,
H12081,0.0215,LOW,,
H12082,0.5867,MEDIUM,,
H12083,0.0347,LOW,,
H12084,0.939,HIGH,,
H12085,0.3929,LOW,,
H12086,0.0612,LOW,,
H12087,0.0425,LOW,,
H12088,0.0427,LOW,,
H12089,0.0415,LOW,,
H12090,0.317,LOW,,
H12091,0.3828,LOW,,
H12092,0.1577,LOW,,
H12093,0.0456,LOW,,
H12094,0.036,LOW,,
H12095,0.8639,HIGH,,
H12096,0.107,LOW,,
H12097,0.0351,LOW,,
H12098,0.611,MEDIUM,,
H12099,0.0455,LOW,,
H12100,0.0755,LOW,,
H12101,0.4722,MEDIUM,,
H12102,0.1088,LOW,,
H12103,0.0338,LOW,,
H12104,0.4247,MEDIUM,,
H12105,0.1252,LOW,,
H12106,0.7209,HIGH,,
H12107,0.0675,LOW,,
H12108,0.0268,LOW,,
H12109,0.8396,HIGH,,
H12110,0.7898,HIGH,,
H12111,0.1291,LOW,,
H12112,0.2004,LOW,,
H12113,0.7407,HIGH,,
H12114,0.1422,LOW,,
H12115,0.0285,LOW,,
H12116,0.1851,LOW,,
H12117,0.0198,LOW,,
H12118,0.0574,LOW,,
H12119,0.7914,HIGH,,
H12120,0.2334,LOW,,
H12121,0.1032,LOW,,
H12122,0.037,LOW,,
H12123,0.0473,LOW,,
H12124,0.5283,MEDIUM,,
H12125,0.671,MEDIUM,,
H12126,0.832,HIGH,,
H12127,0.0443,LOW,,
H12128,0.0869,LOW,,
H12129,0.792,HIGH,,
H12130,0.0904,LOW,,
H12131,0.2392,LOW,,
H12132,0.0339,LOW,,
H12133,0.0397,LOW,,
H12134,0.0276,LOW,,
H12135,0.025,LOW,,
H12136,0.2896,LOW,,
H12137,0.0409,LOW,,
H12138,0.3897,LOW,,
H12139,0.4545,MEDIUM,,
H12140,0.481,MEDIUM,,
H12141,0.0338,LOW,,
H12142,0.0643,LOW,,
H12143,0.038,LOW,,
H12144,0.2198,LOW,,
H12145,0.1484,LOW,,
H12146,0.4137,MEDIUM,,
H12147,0.1171,LOW,,
H12148,0.1347,LOW,,
H12149,0.1757,LOW,,
H12150,0.0305,LOW,,
H12151,0.0418,LOW,,
H12152,0.1093,LOW,,
H12153,0.0718,LOW,,
H12154,0.0976,LOW,,
H12155,0.0631,LOW,,
H12156,0.0718,LOW,,
H12157,0.1723,LOW,,
H12158,0.4206,MEDIUM,,
H12159,0.06,LOW,,
H12160,0.0457,LOW,,
H12161,0.5008,MEDIUM,,
H12162,0.7527,HIGH,,
H12163,0.0772,LOW,,
H12164,0.023,LOW,,
H12165,0.0496,LOW,,
H12166,0.3854,LOW,,
H12167,0.6097,MEDIUM,,
H12168,0.4339,MEDIUM,,
H12169,0.1943,LOW,,
H12170,0.043,LOW,,
H12171,0.0366,LOW,,
H12172,0.0159,LOW,,
H12173,0.1055,LOW,,
H12174,0.0245,LOW,,
H12175,0.0101,LOW,,
H12176,0.4394,MEDIUM,,
H12177,0.2847,LOW,,
H12178,0.7211,HIGH,,
H12179,0.0492,LOW,,
H12180,0.2,LOW,,
H12181,0.0084,LOW,,
H12182,0.7192,HIGH,,
H12183,0.0404,LOW,,
H12184,0.1058,LOW,,
H12185,0.0308,LOW,,
H12186,0.1577,LOW,,
H12187,0.0202,LOW,,
H12188,0.2905,LOW,,
H12189,0.0561,LOW,,
H12190,0.7303,HIGH,,
H12191,0.1393,LOW,,
H12192,0.2639,LOW,,
H12193,0.0767,LOW,,
H12194,0.0415,LOW,,
H12195,0.2326,LOW,,
H12196,0.2854,LOW,,
H12197,0.585,MEDIUM,,
H12198,0.0942,LOW,,
H12199,0.4318,MEDIUM,,
H12200,0.5015,MEDIUM,,
H12201,0.4937,MEDIUM,,
H12202,0.0957,LOW,,
H12203,0.0148,LOW,,
H12204,0.0569,LOW,,
H12205,0.1126,LOW,,
H12206,0.0573,LOW,,
H12207,0.0153,LOW,,
H12208,0.0585,LOW,,
H12209,0.026,LOW,,
H12210,0.0846,LOW,,
H12211,0.2491,LOW,,
H12212,0.186,LOW,,
H12213,0.6057,MEDIUM,,
H12214,0.0551,LOW,,
H12215,0.0285,LOW,,
H12216,0.0451,LOW,,
H12217,0.1225,LOW,,
H12218,0.3042,LOW,,
H12219,0.035,LOW,,
H12220,0.0323,LOW,,
H12221,0.0316,LOW,,
H12222,0.1198,LOW,,
H12223,0.0272,LOW,,
H12224,0.0074,LOW,,
H12225,0.0343,LOW,,
H12226,0.2301,LOW,,
H12227,0.0502,LOW,,
H12228,0.4467,MEDIUM,,
H12229,0.0917,LOW,,
H12230,0.6583,MEDIUM,,
H12231,0.048,LOW,,
H12232,0.0473,LOW,,
H12233,0.0626,LOW,,
H12234,0.1058,LOW,,
H12235,0.0288,LOW,,
H12236,0.1768,LOW,,
H12237,0.0949,LOW,,
H12238,0.1866,LOW,,
H12239,0.1459,LOW,,
H12240,0.0245,LOW,,
H12241,0.4463,MEDIUM,,
H12242,0.247,LOW,,
H12243,0.088,LOW,,
H12244,0.462,MEDIUM,,
H12245,0.0416,LOW,,
H12246,0.0917,LOW,,
H12247,0.2652,LOW,,
H12248,0.2297,LOW,,
H12249,0.0651,LOW,,
H12250,0.9264,HIGH,,
H12251,0.0112,LOW,,
H12252,0.0543,LOW,,
H12253,0.5742,MEDIUM,,
H12254,0.1105,LOW,,
H12255,0.7901,HIGH,,
H12256,0.0684,LOW,,
H12257,0.7039,HIGH,,
H12258,0.7937,HIGH,,
H12259,0.2457,LOW,,
H12260,0.2446,LOW,,
H12261,0.0549,LOW,,
H12262,0.1527,LOW,,
H12263,0.0759,LOW,,
H12264,0.0494,LOW,,
H12265,0.0185,LOW,,
H12266,0.0408,LOW,,
H12267,0.1073,LOW,,
H12268,0.119,LOW,,
H12269,0.0781,LOW,,
H12270,0.0547,LOW,,
H12271,0.1149,LOW,,
H12272,0.5948,MEDIUM,,
H12273,0.21,LOW,,
H12274,0.0371,LOW,,
H12275,0.1235,LOW,,
H12276,0.0476,LOW,,
H12277,0.1558,LOW,,
H12278,0.7604,HIGH,,
H12279,0.3161,LOW,,
H12280,0.0994,LOW,,
H12281,0.7207,HIGH,,
H12282,0.0186,LOW,,
H12283,0.3002,LOW,,
H12284,0.2779,LOW,,
H12285,0.1362,LOW,,
H12286,0.018,LOW,,
H12287,0.0379,LOW,,
H12288,0.017,LOW,,
H12289,0.0283,LOW,,
H12290,0.1621,LOW,,
H12291,0.317,LOW,,
H12292,0.0644,LOW,,
H12293,0.1284,LOW,,
H12294,0.1687,LOW,,
H12295,0.9611,HIGH,,
H12296,0.0197,LOW,,
H12297,0.0362,LOW,,
H12298,0.2875,LOW,,
H12299,0.0205,LOW,,
H12300,0.0777,LOW,,
H12301,0.0607,LOW,,
H12302,0.0386,LOW,,
H12303,0.0533,LOW,,
H12304,0.0383,LOW,,
H12305,0.0361,LOW,,
H12306,0.2297,LOW,,
H12307,0.102,LOW,,
H12308,0.0934,LOW,,
H12309,0.9043,HIGH,,
H12310,0.0957,LOW,,
H12311,0.5565,MEDIUM,,
H12312,0.0655,LOW,,
H12313,0.0273,LOW,,
H12314,0.9058,HIGH,,
H12315,0.0372,LOW,,
H12316,0.2779,LOW,,
H12317,0.0718,LOW,,
H12318,0.4929,MEDIUM,,
H12319,0.0437,LOW,,
H12320,0.4043,MEDIUM,,
H12321,0.0169,LOW,,
H12322,0.0899,LOW,,
H12323,0.6949,MEDIUM,,
H12324,0.1121,LOW,,
H12325,0.6182,MEDIUM,,
H12326,0.058,LOW,,
H12327,0.4108,MEDIUM,,
H12328,0.0939,LOW,,
H12329,0.3588,LOW,,
H12330,0.0444,LOW,,
H12331,0.6938,MEDIUM,,
H12332,0.0362,LOW,,
H12333,0.2499,LOW,,
H12334,0.0435,LOW,,
H12335,0.8812,HIGH,,
H12336,0.0532,LOW,,
H12337,0.0524,LOW,,
H12338,0.0231,LOW,,
H12339,0.6369,MEDIUM,,
H12340,0.8591,HIGH,,
H12341,0.0616,LOW,,
H12342,0.1313,LOW,,
H12343,0.8845,HIGH,,
H12344,0.6161,MEDIUM,,
H12345,0.0426,LOW,,
H12346,0.0868,LOW,,
H12347,0.0529,LOW,,
H12348,0.0568,LOW,,
H12349,0.0492,LOW,,
H12350,0.6838,MEDIUM,,
H12351,0.7088,HIGH,,
H12352,0.0391,LOW,,
H12353,0.0398,LOW,,
H12354,0.0456,LOW,,
H12355,0.162,LOW,,
H12356,0.3637,LOW,,
H12357,0.4994,MEDIUM,,
H12358,0.297,LOW,,
H12359,0.0421,LOW,,
H12360,0.2472,LOW,,
H12361,0.3294,LOW,,
H12362,0.0463,LOW,,
H12363,0.0432,LOW,,
H12364,0.0631,LOW,,
H12365,0.1517,LOW,,
H12366,0.687,MEDIUM,,
H12367,0.1583,LOW,,
H12368,0.0302,LOW,,
H12369,0.1408,LOW,,
H12370,0.0382,LOW,,
H12371,0.0141,LOW,,
H12372,0.0405,LOW,,
H12373,0.0216,LOW,,
H12374,0.2032,LOW,,
H12375,0.0479,LOW,,
H12376,0.0194,LOW,,
H12377,0.0193,LOW,,
H12378,0.022,LOW,,
H12379,0.0519,LOW,,
H12380,0.0482,LOW,,
H12381,0.1202,LOW,,
H12382,0.0401,LOW,,
H12383,0.2331,LOW,,
H12384,0.0268,LOW,,
H12385,0.0206,LOW,,
H12386,0.3883,LOW,,
H12387,0.0241,LOW,,
H12388,0.0585,LOW,,
H12389,0.0974,LOW,,
H12390,0.0311,LOW,,
H12391,0.1048,LOW,,
H12392,0.7804,HIGH,,
H12393,0.0265,LOW,,
H12394,0.2999,LOW,,
H12395,0.6417,MEDIUM,,
H12396,0.3455,LOW,,
H12397,0.0388,LOW,,
H12398,0.0626,LOW,,
H12399,0.0452,LOW,,
H12400,0.034,LOW,,
H12401,0.0355,LOW,,
H12402,0.1947,LOW,,
H12403,0.1281,LOW,,
H12404,0.0927,LOW,,
H12405,0.0298,LOW,,
H12406,0.0129,LOW,,
H12407,0.7929,HIGH,,
H12408,0.2058,LOW,,
H12409,0.0685,LOW,,
H12410,0.1308,LOW,,
H12411,0.0298,LOW,,
H12412,0.0187,LOW,,
H12413,0.0457,LOW,,
H12414,0.8536,HIGH,,
H12415,0.1251,LOW,,
H12416,0.4155,MEDIUM,,
H12417,0.0596,LOW,,
H12418,0.0956,LOW,,
H12419,0.0639,LOW,,
H12420,0.0342,LOW,,
H12421,0.123,LOW,,
H12422,0.6737,MEDIUM,,
H12423,0.0503,LOW,,
H12424,0.644,MEDIUM,,
H12425,0.28,LOW,,
H12426,0.5796,MEDIUM,,
H12427,0.2921,LOW,,
H12428,0.0365,LOW,,
H12429,0.0679,LOW,,
H12430,0.9277,HIGH,,
H12431,0.0167,LOW,,
H12432,0.0229,LOW,,
H12433,0.0729,LOW,,
H12434,0.0309,LOW,,
H12435,0.0103,LOW,,
H12436,0.0601,LOW,,
H12437,0.2328,LOW,,
H12438,0.179,LOW,,
H12439,0.0538,LOW,,
H12440,0.0161,LOW,,
H12441,0.0875,LOW,,
H12442,0.0543,LOW,,
H12443,0.0647,LOW,,
H12444,0.6183,MEDIUM,,
H12445,0.1166,LOW,,
H12446,0.0323,LOW,,
H12447,0.0422,LOW,,
H12448,0.6971,MEDIUM,,
H12449,0.0716,LOW,,
H12450,0.1236,LOW,,
H12451,0.0486,LOW,,
H12452,0.0235,LOW,,
H12453,0.0473,LOW,,
H12454,0.1224,LOW,,
H12455,0.084,LOW,,
H12456,0.63,MEDIUM,,
H12457,0.2375,LOW,,
H12458,0.0623,LOW,,
H12459,0.0171,LOW,,
H12460,0.1093,LOW,,
H12461,0.6884,MEDIUM,,
H12462,0.0497,LOW,,
H12463,0.0931,LOW,,
H12464,0.0925,LOW,,
H12465,0.0784,LOW,,
H12466,0.206,LOW,,
H12467,0.0856,LOW,,
H12468,0.8525,HIGH,,
H12469,0.1104,LOW,,
H12470,0.2311,LOW,,
H12471,0.0584,LOW,,
H12472,0.0398,LOW,,
H12473,0.0336,LOW,,
H12474,0.061,LOW,,
H12475,0.017,LOW,,
H12476,0.2435,LOW,,
H12477,0.0887,LOW,,
H12478,0.2267,LOW,,
H12479,0.5551,MEDIUM,,
H12480,0.6913,MEDIUM,,
H12481,0.7804,HIGH,,
H12482,0.0403,LOW,,
H12483,0.1105,LOW,,
H12484,0.0586,LOW,,
H12485,0.045,LOW,,
H12486,0.6223,MEDIUM,,
H12487,0.4617,MEDIUM,,
H12488,0.4516,MEDIUM,,
H12489,0.8421,HIGH,,
H12490,0.0992,LOW,,
H12491,0.5734,MEDIUM,,
H12492,0.1564,LOW,,
H12493,0.0281,LOW,,
H12494,0.0328,LOW,,
H12495,0.072,LOW,,
H12496,0.0858,LOW,,
H12497,0.6014,MEDIUM,,
H12498,0.0138,LOW,,
H12499,0.1102,LOW,,
H12500,0.1016,LOW,,
H12501,0.0341,LOW,,
H12502,0.0397,LOW,,
H12503,0.072,LOW,,
H12504,0.3003,LOW,,
H12505,0.0448,LOW,,
H12506,0.7287,HIGH,,
H12507,0.328,LOW,,
H12508,0.0164,LOW,,
H12509,0.0136,LOW,,
H12510,0.5691,MEDIUM,,
H12511,0.1308,LOW,,
H12512,0.099,LOW,,
H12513,0.076,LOW,,
H12514,0.428,MEDIUM,,
H12515,0.8841,HIGH,,
H12516,0.3099,LOW,,
H12517,0.0479,LOW,,
H12518,0.1324,LOW,,
H12519,0.0387,LOW,,
H12520,0.555,MEDIUM,,
H12521,0.05,LOW,,
H12522,0.1364,LOW,,
H12523,0.6925,MEDIUM,,
H12524,0.0263,LOW,,
H12525,0.1156,LOW,,
H12526,0.0666,LOW,,
H12527,0.6996,MEDIUM,,
H12528,0.0117,LOW,,
H12529,0.0688,LOW,,
H12530,0.15,LOW,,
H12531,0.0433,LOW,,
H12532,0.0749,LOW,,
H12533,0.8027,HIGH,,
H12534,0.037,LOW,,
H12535,0.0556,LOW,,
H12536,0.0644,LOW,,
H12537,0.0713,LOW,,
H12538,0.0529,LOW,,
H12539,0.5773,MEDIUM,,
H12540,0.8501,HIGH,,
H12541,0.2436,LOW,,
H12542,0.1209,LOW,,
H12543,0.1589,LOW,,
H12544,0.8096,HIGH,,
H12545,0.126,LOW,,
H12546,0.0289,LOW,,
H12547,0.0633,LOW,,
H12548,0.0265,LOW,,
H12549,0.0251,LOW,,
H12550,0.0315,LOW,,
H12551,0.0697,LOW,,
H12552,0.1059,LOW,,
H12553,0.3666,LOW,,
H12554,0.1118,LOW,,
H12555,0.1831,LOW,,
H12556,0.0406,LOW,,
H12557,0.3568,LOW,,
H12558,0.058,LOW,,
H12559,0.0183,LOW,,
H12560,0.4932,MEDIUM,,
H12561,0.1082,LOW,,
H12562,0.1765,LOW,,
H12563,0.1323,LOW,,
H12564,0.0195,LOW,,
H12565,0.1224,LOW,,
H12566,0.0802,LOW,,
H12567,0.0578,LOW,,
H12568,0.5249,MEDIUM,,
H12569,0.1134,LOW,,
H12570,0.2619,LOW,,
H12571,0.7055,HIGH,,
H12572,0.0996,LOW,,
H12573,0.1917,LOW,,
H12574,0.0563,LOW,,
H12575,0.1041,LOW,,
H12576,0.0409,LOW,,
H12577,0.0787,LOW,,
H12578,0.5165,MEDIUM,,
H12579,0.1524,LOW,,
H12580,0.0242,LOW,,
H12581,0.0279,LOW,,
H12582,0.1354,LOW,,
H12583,0.3994,LOW,,
H12584,0.2534,LOW,,
H12585,0.0365,LOW,,
H12586,0.3299,LOW,,
H12587,0.0088,LOW,,
H12588,0.6337,MEDIUM,,
H12589,0.096,LOW,,
H12590,0.1373,LOW,,
H12591,0.0343,LOW,,
H12592,0.0255,LOW,,
H12593,0.2597,LOW,,
H12594,0.4447,MEDIUM,,
H12595,0.6511,MEDIUM,,
H12596,0.1991,LOW,,
H12597,0.5625,MEDIUM,,
H12598,0.8607,HIGH,,
H12599,0.1624,LOW,,
H12600,0.0361,LOW,,
H12601,0.3072,LOW,,
H12602,0.0926,LOW,,
H12603,0.2326,LOW,,
H12604,0.02,LOW,,
H12605,0.7429,HIGH,,
H12606,0.5966,MEDIUM,,
H12607,0.1562,LOW,,
H12608,0.091,LOW,,
H12609,0.1409,LOW,,
H12610,0.0234,LOW,,
H12611,0.1794,LOW,,
H12612,0.6358,MEDIUM,,
H12613,0.0802,LOW,,
H12614,0.0703,LOW,,
H12615,0.0242,LOW,,
H12616,0.9351,HIGH,,
H12617,0.1682,LOW,,
H12618,0.0714,LOW,,
H12619,0.0494,LOW,,
H12620,0.334,LOW,,
H12621,0.2604,LOW,,
H12622,0.2264,LOW,,
H12623,0.0632,LOW,,
H12624,0.5149,MEDIUM,,
H12625,0.0624,LOW,,
H12626,0.0657,LOW,,
H12627,0.0219,LOW,,
H12628,0.8617,HIGH,,
H12629,0.0359,LOW,,
H12630,0.089,LOW,,
H12631,0.0316,LOW,,
H12632,0.1802,LOW,,
H12633,0.2257,LOW,,
H12634,0.1487,LOW,,
H12635,0.0785,LOW,,
H12636,0.1952,LOW,,
H12637,0.2442,LOW,,
H12638,0.0443,LOW,,
H12639,0.0209,LOW,,
H12640,0.546,MEDIUM,,
H12641,0.0581,LOW,,
H12642,0.0953,LOW,,
H12643,0.1289,LOW,,
H12644,0.0335,LOW,,
H12645,0.2746,LOW,,
H12646,0.5736,MEDIUM,,
H12647,0.547,MEDIUM,,
H12648,0.0567,LOW,,
H12649,0.6309,MEDIUM,,
H12650,0.6251,MEDIUM,,
H12651,0.1799,LOW,,
H12652,0.555,MEDIUM,,
H12653,0.3898,LOW,,
H12654,0.1316,LOW,,
H12655,0.1453,LOW,,
H12656,0.0187,LOW,,
H12657,0.0605,LOW,,
H12658,0.0582,LOW,,
H12659,0.6872,MEDIUM,,
H12660,0.0275,LOW,,
H12661,0.0464,LOW,,
H12662,0.0285,LOW,,
H12663,0.0231,LOW,,
H12664,0.9054,HIGH,,
H12665,0.1197,LOW,,
H12666,0.0703,LOW,,
H12667,0.0374,LOW,,
H12668,0.0202,LOW,,
H12669,0.692,MEDIUM,,
H12670,0.1317,LOW,,
H12671,0.0368,LOW,,
H12672,0.0254,LOW,,
H12673,0.2508,LOW,,
H12674,0.3998,LOW,,
H12675,0.0602,LOW,,
H12676,0.0794,LOW,,
H12677,0.0379,LOW,,
H12678,0.0435,LOW,,
H12679,0.1533,LOW,,
H12680,0.0213,LOW,,
H12681,0.0187,LOW,,
H12682,0.559,MEDIUM,,
H12683,0.0688,LOW,,
H12684,0.1496,LOW,,
H12685,0.0204,LOW,,
H12686,0.0212,LOW,,
H12687,0.5086,MEDIUM,,
H12688,0.0335,LOW,,
H12689,0.5467,MEDIUM,,
H12690,0.0711,LOW,,
H12691,0.0292,LOW,,
H12692,0.0179,LOW,,
H12693,0.0342,LOW,,
H12694,0.0883,LOW,,
H12695,0.026,LOW,,
H12696,0.0875,LOW,,
H12697,0.235,LOW,,
H12698,0.1129,LOW,,
H12699,0.8367,HIGH,,
H12700,0.1406,LOW,,
H12701,0.0895,LOW,,
H12702,0.0727,LOW,,
H12703,0.0303,LOW,,
H12704,0.0881,LOW,,
H12705,0.015,LOW,,
H12706,0.3435,LOW,,
H12707,0.5355,MEDIUM,,
H12708,0.1507,LOW,,
H12709,0.0288,LOW,,
H12710,0.0719,LOW,,
H12711,0.0532,LOW,,
H12712,0.4898,MEDIUM,,
H12713,0.8032,HIGH,,
H12714,0.37,LOW,,
H12715,0.7675,HIGH,,
H12716,0.0547,LOW,,
H12717,0.1924,LOW,,
H12718,0.6315,MEDIUM,,
H12719,0.2767,LOW,,
H12720,0.0479,LOW,,
H12721,0.0246,LOW,,
H12722,0.2116,LOW,,
H12723,0.0171,LOW,,
H12724,0.2103,LOW,,
H12725,0.1293,LOW,,
H12726,0.4008,MEDIUM,,
H12727,0.0555,LOW,,
H12728,0.0644,LOW,,
H12729,0.2802,LOW,,
H12730,0.0386,LOW,,
H12731,0.2936,LOW,,
H12732,0.0464,LOW,,
H12733,0.5262,MEDIUM,,
H12734,0.0331,LOW,,
H12735,0.4943,MEDIUM,,
H12736,0.1892,LOW,,
H12737,0.1488,LOW,,
H12738,0.1995,LOW,,
H12739,0.1876,LOW,,
H12740,0.0178,LOW,,
H12741,0.8375,HIGH,,
H12742,0.1376,LOW,,
H12743,0.024,LOW,,
H12744,0.0288,LOW,,
H12745,0.03,LOW,,
H12746,0.0216,LOW,,
H12747,0.3346,LOW,,
H12748,0.4189,MEDIUM,,
H12749,0.021,LOW,,
H12750,0.9263,HIGH,,
H12751,0.1688,LOW,,
H12752,0.691,MEDIUM,,
H12753,0.0184,LOW,,
H12754,0.0114,LOW,,
H12755,0.0358,LOW,,
H12756,0.2006,LOW,,
H12757,0.0453,LOW,,
H12758,0.9261,HIGH,,
H12759,0.0152,LOW,,
H12760,0.8789,HIGH,,
H12761,0.168,LOW,,
H12762,0.0434,LOW,,
H12763,0.0951,LOW,,
H12764,0.1562,LOW,,
H12765,0.1258,LOW,,
H12766,0.0283,LOW,,
H12767,0.4552,MEDIUM,,
H12768,0.1831,LOW,,
H12769,0.0782,LOW,,
H12770,0.3486,LOW,,
H12771,0.1879,LOW,,
H12772,0.0822,LOW,,
H12773,0.0384,LOW,,
H12774,0.1093,LOW,,
H12775,0.0365,LOW,,
H12776,0.0306,LOW,,
H12777,0.151,LOW,,
H12778,0.0244,LOW,,
H12779,0.0188,LOW,,
H12780,0.1055,LOW,,
H12781,0.0178,LOW,,
H12782,0.0618,LOW,,
H12783,0.2325,LOW,,
H12784,0.107,LOW,,
H12785,0.1883,LOW,,
H12786,0.1494,LOW,,
H12787,0.0424,LOW,,
H12788,0.0322,LOW,,
H12789,0.3749,LOW,,
H12790,0.1436,LOW,,
H12791,0.0545,LOW,,
H12792,0.039,LOW,,
H12793,0.441,MEDIUM,,
H12794,0.0287,LOW,,
H12795,0.1114,LOW,,
H12796,0.483,MEDIUM,,
H12797,0.0305,LOW,,
H12798,0.0357,LOW,,
H12799,0.7279,HIGH,,
H12800,0.3135,LOW,,
H12801,0.0484,LOW,,
H12802,0.0521,LOW,,
H12803,0.1373,LOW,,
H12804,0.0605,LOW,,
H12805,0.0766,LOW,,
H12806,0.0164,LOW,,
H12807,0.0365,LOW,,
H12808,0.1537,LOW,,
H12809,0.2778,LOW,,
H12810,0.7778,HIGH,,
H12811,0.1276,LOW,,
H12812,0.2159,LOW,,
H12813,0.3784,LOW,,
H12814,0.1444,LOW,,
H12815,0.0133,LOW,,
H12816,0.1852,LOW,,
H12817,0.0133,LOW,,
H12818,0.0292,LOW,,
H12819,0.649,MEDIUM,,
H12820,0.1324,LOW,,
H12821,0.0708,LOW,,
H12822,0.3972,LOW,,
H12823,0.0249,LOW,,
H12824,0.0144,LOW,,
H12825,0.1367,LOW,,
H12826,0.0828,LOW,,
H12827,0.0329,LOW,,
H12828,0.1872,LOW,,
H12829,0.0303,LOW,,
H12830,0.1137,LOW,,
H12831,0.0772,LOW,,
H12832,0.0526,LOW,,
H12833,0.0146,LOW,,
H12834,0.048,LOW,,
H12835,0.1512,LOW,,
H12836,0.0973,LOW,,
H12837,0.0685,LOW,,
H12838,0.3132,LOW,,
H12839,0.4246,MEDIUM,,
H12840,0.038,LOW,,
H12841,0.049,LOW,,
H12842,0.0617,LOW,,
H12843,0.2959,LOW,,
H12844,0.1461,LOW,,
H12845,0.2831,LOW,,
H12846,0.7603,HIGH,,
H12847,0.796,HIGH,,
H12848,0.0205,LOW,,
H12849,0.4908,MEDIUM,,
H12850,0.0213,LOW,,
H12851,0.0719,LOW,,
H12852,0.1683,LOW,,
H12853,0.0761,LOW,,
H12854,0.1156,LOW,,
H12855,0.4842,MEDIUM,,
H12856,0.0597,LOW,,
H12857,0.1649,LOW,,
H12858,0.0251,LOW,,
H12859,0.0835,LOW,,
H12860,0.0592,LOW,,
H12861,0.502,MEDIUM,,
H12862,0.0128,LOW,,
H12863,0.0185,LOW,,
H12864,0.0891,LOW,,
H12865,0.0192,LOW,,
H12866,0.4048,MEDIUM,,
H12867,0.9077,HIGH,,
H12868,0.0365,LOW,,
H12869,0.9324,HIGH,,
H12870,0.1932,LOW,,
H12871,0.0261,LOW,,
H12872,0.4093,MEDIUM,,
H12873,0.8394,HIGH,,
H12874,0.4872,MEDIUM,,
H12875,0.4788,MEDIUM,,
H12876,0.0277,LOW,,
H12877,0.8405,HIGH,,
H12878,0.0306,LOW,,
H12879,0.093,LOW,,
H12880,0.5084,MEDIUM,,
H12881,0.3611,LOW,,
H12882,0.0096,LOW,,
H12883,0.0542,LOW,,
H12884,0.059,LOW,,
H12885,0.082,LOW,,
H12886,0.0282,LOW,,
H12887,0.7971,HIGH,,
H12888,0.0315,LOW,,
H12889,0.094,LOW,,
H12890,0.0532,LOW,,
H12891,0.9673,HIGH,,
H12892,0.0877,LOW,,
H12893,0.0506,LOW,,
H12894,0.091,LOW,,
H12895,0.5931,MEDIUM,,
H12896,0.0494,LOW,,
H12897,0.0241,LOW,,
H12898,0.0425,LOW,,
H12899,0.018,LOW,,
H12900,0.0078,LOW,,
H12901,0.0549,LOW,,
H12902,0.097,LOW,,
H12903,0.0173,LOW,,
H12904,0.2114,LOW,,
H12905,0.0208,LOW,,
H12906,0.0958,LOW,,
H12907,0.7155,HIGH,,
H12908,0.026,LOW,,
H12909,0.0876,LOW,,
H12910,0.0357,LOW,,
H12911,0.0169,LOW,,
H12912,0.0827,LOW,,
H12913,0.215,LOW,,
H12914,0.0524,LOW,,
H12915,0.0366,LOW,,
H12916,0.0381,LOW,,
H12917,0.2757,LOW,,
H12918,0.8019,HIGH,,
H12919,0.0389,LOW,,
H12920,0.0505,LOW,,
H12921,0.2184,LOW,,
H12922,0.0136,LOW,,
H12923,0.0297,LOW,,
H12924,0.1219,LOW,,
H12925,0.6362,MEDIUM,,
H12926,0.1127,LOW,,
H12927,0.8512,HIGH,,
H12928,0.0293,LOW,,
H12929,0.0114,LOW,,
H12930,0.8804,HIGH,,
H12931,0.0319,LOW,,
H12932,0.0882,LOW,,
H12933,0.0836,LOW,,
H12934,0.1021,LOW,,
H12935,0.0759,LOW,,
H12936,0.0537,LOW,,
H12937,0.053,LOW,,
H12938,0.0256,LOW,,
H12939,0.0516,LOW,,
H12940,0.1961,LOW,,
H12941,0.0496,LOW,,
H12942,0.9363,HIGH,,
H12943,0.0243,LOW,,
H12944,0.5657,MEDIUM,,
H12945,0.0619,LOW,,
H12946,0.2222,LOW,,
H12947,0.1953,LOW,,
H12948,0.1069,LOW,,
H12949,0.1593,LOW,,
H12950,0.8898,HIGH,,
H12951,0.0192,LOW,,
H12952,0.697,MEDIUM,,
H12953,0.021,LOW,,
H12954,0.1129,LOW,,
H12955,0.0272,LOW,,
H12956,0.0971,LOW,,
H12957,0.0108,LOW,,
H12958,0.0679,LOW,,
H12959,0.4926,MEDIUM,,
H12960,0.4493,MEDIUM,,
H12961,0.6631,MEDIUM,,
H12962,0.0817,LOW,,
H12963,0.0446,LOW,,
H12964,0.048,LOW,,
H12965,0.0492,LOW,,
H12966,0.5146,MEDIUM,,
H12967,0.1057,LOW,,
H12968,0.0355,LOW,,
H12969,0.0211,LOW,,
H12970,0.0884,LOW,,
H12971,0.7658,HIGH,,
H12972,0.0223,LOW,,
H12973,0.0243,LOW,,
H12974,0.3562,LOW,,
H12975,0.0383,LOW,,
H12976,0.0867,LOW,,
H12977,0.1321,LOW,,
H12978,0.03,LOW,,
H12979,0.0608,LOW,,
H12980,0.0097,LOW,,
H12981,0.113,LOW,,
H12982,0.0304,LOW,,
H12983,0.0418,LOW,,
H12984,0.0361,LOW,,
H12985,0.9024,HIGH,,
H12986,0.0559,LOW,,
H12987,0.4454,MEDIUM,,
H12988,0.7164,HIGH,,
H12989,0.3247,LOW,,
H12990,0.106,LOW,,
H12991,0.3301,LOW,,
H12992,0.5155,MEDIUM,,
H12993,0.5039,MEDIUM,,
H12994,0.0775,LOW,,
H12995,0.0927,LOW,,
H12996,0.0503,LOW,,
H12997,0.0841,LOW,,
H12998,0.0557,LOW,,
H12999,0.0421,LOW,,
H13000,0.0189,LOW,,
H13001,0.5302,MEDIUM,,
H13002,0.6622,MEDIUM,,
H13003,0.0332,LOW,,
H13004,0.1103,LOW,,
H13005,0.7308,HIGH,,
H13006,0.0249,LOW,,
H13007,0.2309,LOW,,
H13008,0.1232,LOW,,
H13009,0.0375,LOW,,
H13010,0.0381,LOW,,
H13011,0.0923,LOW,,
H13012,0.3021,LOW,,
H13013,0.1852,LOW,,
H13014,0.1102,LOW,,
H13015,0.0523,LOW,,
H13016,0.08,LOW,,
H13017,0.0106,LOW,,
H13018,0.4404,MEDIUM,,
H13019,0.1857,LOW,,
H13020,0.1343,LOW,,
H13021,0.2712,LOW,,
H13022,0.1457,LOW,,
H13023,0.663,MEDIUM,,
H13024,0.8421,HIGH,,
H13025,0.0542,LOW,,
H13026,0.9082,HIGH,,
H13027,0.069,LOW,,
H13028,0.5118,MEDIUM,,
H13029,0.1668,LOW,,
H13030,0.0647,LOW,,
H13031,0.0626,LOW,,
H13032,0.1678,LOW,,
H13033,0.1764,LOW,,
H13034,0.1662,LOW,,
H13035,0.0279,LOW,,
H13036,0.024,LOW,,
H13037,0.6331,MEDIUM,,
H13038,0.032,LOW,,
H13039,0.0183,LOW,,
H13040,0.0249,LOW,,
H13041,0.1234,LOW,,
H13042,0.7747,HIGH,,
H13043,0.2325,LOW,,
H13044,0.0898,LOW,,
H13045,0.0998,LOW,,
H13046,0.053,LOW,,
H13047,0.0645,LOW,,
H13048,0.3162,LOW,,
H13049,0.5797,MEDIUM,,
H13050,0.0472,LOW,,
H13051,0.3564,LOW,,
H13052,0.9219,HIGH,,
H13053,0.0308,LOW,,
H13054,0.7593,HIGH,,
H13055,0.0293,LOW,,
H13056,0.076,LOW,,
H13057,0.3918,LOW,,
H13058,0.0936,LOW,,
H13059,0.0642,LOW,,
H13060,0.0434,LOW,,
H13061,0.0486,LOW,,
H13062,0.1568,LOW,,
H13063,0.15,LOW,,
H13064,0.077,LOW,,
H13065,0.0452,LOW,,
H13066,0.1609,LOW,,
H13067,0.0182,LOW,,
H13068,0.851,HIGH,,
H13069,0.0257,LOW,,
H13070,0.0295,LOW,,
H13071,0.4804,MEDIUM,,
H13072,0.0885,LOW,,
H13073,0.2438,LOW,,
H13074,0.4141,MEDIUM,,
H13075,0.0404,LOW,,
H13076,0.2451,LOW,,
H13077,0.8367,HIGH,,
H13078,0.2411,LOW,,
H13079,0.0461,LOW,,
H13080,0.0317,LOW,,
H13081,0.0347,LOW,,
H13082,0.1159,LOW,,
H13083,0.3935,LOW,,
H13084,0.9333,HIGH,,
H13085,0.0452,LOW,,
H13086,0.1093,LOW,,
H13087,0.0602,LOW,,
H13088,0.0397,LOW,,
H13089,0.0156,LOW,,
H13090,0.0452,LOW,,
H13091,0.0577,LOW,,
H13092,0.1053,LOW,,
H13093,0.3326,LOW,,
H13094,0.3817,LOW,,
H13095,0.169,LOW,,
H13096,0.0219,LOW,,
H13097,0.0411,LOW,,
H13098,0.7936,HIGH,,
H13099,0.7381,HIGH,,
H13100,0.0276,LOW,,
H13101,0.0465,LOW,,
H13102,0.056,LOW,,
H13103,0.1047,LOW,,
H13104,0.1218,LOW,,
H13105,0.0144,LOW,,
H13106,0.1244,LOW,,
H13107,0.0322,LOW,,
H13108,0.0465,LOW,,
H13109,0.1832,LOW,,
H13110,0.2165,LOW,,
H13111,0.2543,LOW,,
H13112,0.0174,LOW,,
H13113,0.2418,LOW,,
H13114,0.5243,MEDIUM,,
H13115,0.7542,HIGH,,
H13116,0.3427,LOW,,
H13117,0.0963,LOW,,
H13118,0.1924,LOW,,
H13119,0.0537,LOW,,
H13120,0.0834,LOW,,
H13121,0.1318,LOW,,
H13122,0.8198,HIGH,,
H13123,0.1164,LOW,,
H13124,0.0646,LOW,,
H13125,0.2443,LOW,,
H13126,0.4291,MEDIUM,,
H13127,0.0577,LOW,,
H13128,0.6029,MEDIUM,,
H13129,0.0265,LOW,,
H13130,0.0506,LOW,,
H13131,0.0284,LOW,,
H13132,0.0351,LOW,,
H13133,0.5936,MEDIUM,,
H13134,0.0207,LOW,,
H13135,0.1771,LOW,,
H13136,0.2282,LOW,,
H13137,0.0422,LOW,,
H13138,0.0238,LOW,,
H13139,0.1948,LOW,,
H13140,0.1582,LOW,,
H13141,0.5701,MEDIUM,,
H13142,0.0825,LOW,,
H13143,0.2515,LOW,,
H13144,0.021,LOW,,
H13145,0.2177,LOW,,
H13146,0.0517,LOW,,
H13147,0.0404,LOW,,
H13148,0.0437,LOW,,
H13149,0.2057,LOW,,
H13150,0.0641,LOW,,
H13151,0.0754,LOW,,
H13152,0.026,LOW,,
H13153,0.2176,LOW,,
H13154,0.0349,LOW,,
H13155,0.7436,HIGH,,
H13156,0.061,LOW,,
H13157,0.0236,LOW,,
H13158,0.1124,LOW,,
H13159,0.0384,LOW,,
H13160,0.0871,LOW,,
H13161,0.2579,LOW,,
H13162,0.0769,LOW,,
H13163,0.1043,LOW,,
H13164,0.0593,LOW,,
H13165,0.0618,LOW,,
H13166,0.8073,HIGH,,
H13167,0.6985,MEDIUM,,
H13168,0.0298,LOW,,
H13169,0.0137,LOW,,
H13170,0.0873,LOW,,
H13171,0.6941,MEDIUM,,
H13172,0.0647,LOW,,
H13173,0.1097,LOW,,
H13174,0.1093,LOW,,
H13175,0.6713,MEDIUM,,
H13176,0.5938,MEDIUM,,
H13177,0.1864,LOW,,
H13178,0.5174,MEDIUM,,
H13179,0.142,LOW,,
H13180,0.0345,LOW,,
H13181,0.051,LOW,,
H13182,0.0436,LOW,,
H13183,0.0923,LOW,,
H13184,0.7072,HIGH,,
H13185,0.2091,LOW,,
H13186,0.0185,LOW,,
H13187,0.0955,LOW,,
H13188,0.2262,LOW,,
H13189,0.0213,LOW,,
H13190,0.1076,LOW,,
H13191,0.6973,MEDIUM,,
H13192,0.1021,LOW,,
H13193,0.0302,LOW,,
H13194,0.822,HIGH,,
H13195,0.0245,LOW,,
H13196,0.0559,LOW,,
H13197,0.0219,LOW,,
H13198,0.0977,LOW,,
H13199,0.1058,LOW,,
H13200,0.0315,LOW,,
H13201,0.0569,LOW,,
H13202,0.1031,LOW,,
H13203,0.0682,LOW,,
H13204,0.0489,LOW,,
H13205,0.2191,LOW,,
H13206,0.168,LOW,,
H13207,0.1229,LOW,,
H13208,0.5479,MEDIUM,,
H13209,0.7432,HIGH,,
H13210,0.043,LOW,,
H13211,0.0229,LOW,,
H13212,0.1414,LOW,,
H13213,0.5503,MEDIUM,,
H13214,0.575,MEDIUM,,
H13215,0.0686,LOW,,
H13216,0.0305,LOW,,
H13217,0.0228,LOW,,
H13218,0.1228,LOW,,
H13219,0.2999,LOW,,
H13220,0.1613,LOW,,
H13221,0.0489,LOW,,
H13222,0.1454,LOW,,
H13223,0.6498,MEDIUM,,
H13224,0.0509,LOW,,
H13225,0.1136,LOW,,
H13226,0.0797,LOW,,
H13227,0.6116,MEDIUM,,
H13228,0.0939,LOW,,
H13229,0.2079,LOW,,
H13230,0.0324,LOW,,
H13231,0.0347,LOW,,
H13232,0.0269,LOW,,
H13233,0.2529,LOW,,
H13234,0.2404,LOW,,
H13235,0.0624,LOW,,
H13236,0.171,LOW,,
H13237,0.8125,HIGH,,
H13238,0.0117,LOW,,
H13239,0.1168,LOW,,
H13240,0.0446,LOW,,
H13241,0.1645,LOW,,
H13242,0.2416,LOW,,
H13243,0.0282,LOW,,
H13244,0.0274,LOW,,
H13245,0.3541,LOW,,
H13246,0.3683,LOW,,
H13247,0.075,LOW,,
H13248,0.0275,LOW,,
H13249,0.8072,HIGH,,
H13250,0.4084,MEDIUM,,
H13251,0.0346,LOW,,
H13252,0.1307,LOW,,
H13253,0.0449,LOW,,
H13254,0.2307,LOW,,
H13255,0.0734,LOW,,
H13256,0.0347,LOW,,
H13257,0.5916,MEDIUM,,
H13258,0.5833,MEDIUM,,
H13259,0.1762,LOW,,
H13260,0.0272,LOW,,
H13261,0.0397,LOW,,
H13262,0.4828,MEDIUM,,
H13263,0.1096,LOW,,
H13264,0.0587,LOW,,
H13265,0.0727,LOW,,
H13266,0.0713,LOW,,
H13267,0.2755,LOW,,
H13268,0.0859,LOW,,
H13269,0.837,HIGH,,
H13270,0.091,LOW,,
H13271,0.1875,LOW,,
H13272,0.0298,LOW,,
H13273,0.073,LOW,,
H13274,0.8215,HIGH,,
H13275,0.0271,LOW,,
H13276,0.0949,LOW,,
H13277,0.0227,LOW,,
H13278,0.0433,LOW,,
H13279,0.028,LOW,,
H13280,0.0374,LOW,,
H13281,0.049,LOW,,
H13282,0.049,LOW,,
H13283,0.1638,LOW,,
H13284,0.0167,LOW,,
H13285,0.0189,LOW,,
H13286,0.242,LOW,,
H13287,0.0918,LOW,,
H13288,0.281,LOW,,
H13289,0.0828,LOW,,
H13290,0.5327,MEDIUM,,
H13291,0.9014,HIGH,,
H13292,0.0789,LOW,,
H13293,0.0252,LOW,,
H13294,0.1921,LOW,,
H13295,0.5397,MEDIUM,,
H13296,0.1369,LOW,,
H13297,0.3175,LOW,,
H13298,0.6717,MEDIUM,,
H13299,0.0999,LOW,,
H13300,0.2437,LOW,,
H13301,0.0161,LOW,,
H13302,0.2977,LOW,,
H13303,0.0385,LOW,,
H13304,0.0873,LOW,,
H13305,0.1646,LOW,,
H13306,0.1423,LOW,,
H13307,0.0508,LOW,,
H13308,0.0814,LOW,,
H13309,0.4363,MEDIUM,,
H13310,0.1584,LOW,,
H13311,0.2149,LOW,,
H13312,0.0266,LOW,,
H13313,0.5454,MEDIUM,,
H13314,0.0253,LOW,,
H13315,0.256,LOW,,
H13316,0.0302,LOW,,
H13317,0.0204,LOW,,
H13318,0.0297,LOW,,
H13319,0.2995,LOW,,
H13320,0.0967,LOW,,
H13321,0.1048,LOW,,
H13322,0.0518,LOW,,
H13323,0.0169,LOW,,
H13324,0.0833,LOW,,
H13325,0.8168,HIGH,,
H13326,0.2099,LOW,,
H13327,0.8097,HIGH,,
H13328,0.9198,HIGH,,
H13329,0.0297,LOW,,
H13330,0.0366,LOW,,
H13331,0.0903,LOW,,
H13332,0.0617,LOW,,
H13333,0.5998,MEDIUM,,
H13334,0.1241,LOW,,
H13335,0.1032,LOW,,
H13336,0.0479,LOW,,
H13337,0.0977,LOW,,
H13338,0.132,LOW,,
H13339,0.0721,LOW,,
H13340,0.0216,LOW,,
H13341,0.1741,LOW,,
H13342,0.0184,LOW,,
H13343,0.0239,LOW,,
H13344,0.119,LOW,,
H13345,0.0432,LOW,,
H13346,0.0437,LOW,,
H13347,0.1287,LOW,,
H13348,0.0259,LOW,,
H13349,0.4662,MEDIUM,,
H13350,0.1594,LOW,,
H13351,0.4748,MEDIUM,,
H13352,0.0231,LOW,,
H13353,0.8204,HIGH,,
H13354,0.0188,LOW,,
H13355,0.3009,LOW,,
H13356,0.0748,LOW,,
H13357,0.1667,LOW,,
H13358,0.077,LOW,,
H13359,0.1151,LOW,,
H13360,0.5939,MEDIUM,,
H13361,0.0428,LOW,,
H13362,0.0672,LOW,,
H13363,0.0808,LOW,,
H13364,0.4818,MEDIUM,,
H13365,0.1472,LOW,,
H13366,0.0512,LOW,,
H13367,0.326,LOW,,
H13368,0.7779,HIGH,,
H13369,0.0605,LOW,,
H13370,0.0758,LOW,,
H13371,0.1229,LOW,,
H13372,0.0819,LOW,,
H13373,0.75,HIGH,,
H13374,0.067,LOW,,
H13375,0.2626,LOW,,
H13376,0.2741,LOW,,
H13377,0.0259,LOW,,
H13378,0.1834,LOW,,
H13379,0.0515,LOW,,
H13380,0.1463,LOW,,
H13381,0.0874,LOW,,
H13382,0.0365,LOW,,
H13383,0.0263,LOW,,
H13384,0.8186,HIGH,,
H13385,0.4598,MEDIUM,,
H13386,0.201,LOW,,
H13387,0.0443,LOW,,
H13388,0.6488,MEDIUM,,
H13389,0.192,LOW,,
H13390,0.4587,MEDIUM,,
H13391,0.054,LOW,,
H13392,0.0311,LOW,,
H13393,0.0838,LOW,,
H13394,0.0772,LOW,,
H13395,0.2078,LOW,,
H13396,0.0332,LOW,,
H13397,0.2038,LOW,,
H13398,0.1322,LOW,,
H13399,0.0264,LOW,,
H13400,0.0593,LOW,,
H13401,0.688,MEDIUM,,
H13402,0.1738,LOW,,
H13403,0.0852,LOW,,
H13404,0.0214,LOW,,
H13405,0.585,MEDIUM,,
H13406,0.0421,LOW,,
H13407,0.0339,LOW,,
H13408,0.0572,LOW,,
H13409,0.397,LOW,,
H13410,0.0349,LOW,,
H13411,0.167,LOW,,
H13412,0.0321,LOW,,
H13413,0.17,LOW,,
H13414,0.5256,MEDIUM,,
H13415,0.0188,LOW,,
H13416,0.0377,LOW,,
H13417,0.3528,LOW,,
H13418,0.2862,LOW,,
H13419,0.1966,LOW,,
H13420,0.8657,HIGH,,
H13421,0.479,MEDIUM,,
H13422,0.0904,LOW,,
H13423,0.1753,LOW,,
H13424,0.0227,LOW,,
H13425,0.5952,MEDIUM,,
H13426,0.0614,LOW,,
H13427,0.7605,HIGH,,
H13428,0.0219,LOW,,
H13429,0.0543,LOW,,
H13430,0.0226,LOW,,
H13431,0.0841,LOW,,
H13432,0.0629,LOW,,
H13433,0.0206,LOW,,
H13434,0.0407,LOW,,
H13435,0.6373,MEDIUM,,
H13436,0.0366,LOW,,
H13437,0.1472,LOW,,
H13438,0.0525,LOW,,
H13439,0.0979,LOW,,
H13440,0.0318,LOW,,
H13441,0.0468,LOW,,
H13442,0.1427,LOW,,
H13443,0.1814,LOW,,
H13444,0.4116,MEDIUM,,
H13445,0.3597,LOW,,
H13446,0.0426,LOW,,
H13447,0.0551,LOW,,
H13448,0.0553,LOW,,
H13449,0.0141,LOW,,
H13450,0.1646,LOW,,
H13451,0.0489,LOW,,
H13452,0.0233,LOW,,
H13453,0.0932,LOW,,
H13454,0.101,LOW,,
H13455,0.2518,LOW,,
H13456,0.0256,LOW,,
H13457,0.3962,LOW,,
H13458,0.3451,LOW,,
H13459,0.0273,LOW,,
H13460,0.0871,LOW,,
H13461,0.0526,LOW,,
H13462,0.3644,LOW,,
H13463,0.0875,LOW,,
H13464,0.1156,LOW,,
H13465,0.0961,LOW,,
H13466,0.8498,HIGH,,
H13467,0.0472,LOW,,
H13468,0.0167,LOW,,
H13469,0.0732,LOW,,
H13470,0.0538,LOW,,
H13471,0.0744,LOW,,
H13472,0.0437,LOW,,
H13473,0.1093,LOW,,
H13474,0.7503,HIGH,,
H13475,0.4722,MEDIUM,,
H13476,0.1876,LOW,,
H13477,0.1117,LOW,,
H13478,0.0274,LOW,,
H13479,0.0203,LOW,,
H13480,0.1738,LOW,,
H13481,0.0203,LOW,,
H13482,0.1647,LOW,,
H13483,0.0765,LOW,,
H13484,0.4289,MEDIUM,,
H13485,0.0689,LOW,,
H13486,0.0411,LOW,,
H13487,0.9163,HIGH,,
H13488,0.0239,LOW,,
H13489,0.1446,LOW,,
H13490,0.028,LOW,,
H13491,0.2046,LOW,,
H13492,0.2564,LOW,,
H13493,0.0548,LOW,,
H13494,0.1061,LOW,,
H13495,0.0115,LOW,,
H13496,0.0986,LOW,,
H13497,0.0332,LOW,,
H13498,0.2434,LOW,,
H13499,0.7885,HIGH,,
H13500,0.1495,LOW,,
H13501,0.0638,LOW,,
H13502,0.1075,LOW,,
H13503,0.044,LOW,,
H13504,0.7522,HIGH,,
H13505,0.0417,LOW,,
H13506,0.1022,LOW,,
H13507,0.2317,LOW,,
H13508,0.0778,LOW,,
H13509,0.1457,LOW,,
H13510,0.0836,LOW,,
H13511,0.0357,LOW,,
H13512,0.1289,LOW,,
H13513,0.0973,LOW,,
H13514,0.0771,LOW,,
H13515,0.1992,LOW,,
H13516,0.6278,MEDIUM,,
H13517,0.0613,LOW,,
H13518,0.6042,MEDIUM,,
H13519,0.0256,LOW,,
H13520,0.0282,LOW,,
H13521,0.3123,LOW,,
H13522,0.0159,LOW,,
H13523,0.0508,LOW,,
H13524,0.122,LOW,,
H13525,0.3658,LOW,,
H13526,0.0904,LOW,,
H13527,0.0302,LOW,,
H13528,0.0583,LOW,,
H13529,0.1025,LOW,,
H13530,0.075,LOW,,
H13531,0.5872,MEDIUM,,
H13532,0.057,LOW,,
H13533,0.0898,LOW,,
H13534,0.0124,LOW,,
H13535,0.0335,LOW,,
H13536,0.2114,LOW,,
H13537,0.0637,LOW,,
H13538,0.1451,LOW,,
H13539,0.0943,LOW,,
H13540,0.0749,LOW,,
H13541,0.1152,LOW,,
H13542,0.0463,LOW,,
H13543,0.0635,LOW,,
H13544,0.3058,LOW,,
H13545,0.1285,LOW,,
H13546,0.0695,LOW,,
H13547,0.0192,LOW,,
H13548,0.1151,LOW,,
H13549,0.0479,LOW,,
H13550,0.0303,LOW,,
H13551,0.062,LOW,,
H13552,0.0947,LOW,,
H13553,0.0598,LOW,,
H13554,0.1954,LOW,,
H13555,0.0583,LOW,,
H13556,0.0149,LOW,,
H13557,0.2067,LOW,,
H13558,0.0282,LOW,,
H13559,0.0501,LOW,,
H13560,0.6352,MEDIUM,,
H13561,0.582,MEDIUM,,
H13562,0.0177,LOW,,
H13563,0.1275,LOW,,
H13564,0.0755,LOW,,
H13565,0.4121,MEDIUM,,
H13566,0.0409,LOW,,
H13567,0.2134,LOW,,
H13568,0.3363,LOW,,
H13569,0.3922,LOW,,
H13570,0.1436,LOW,,
H13571,0.539,MEDIUM,,
H13572,0.0254,LOW,,
H13573,0.0689,LOW,,
H13574,0.3707,LOW,,
H13575,0.3471,LOW,,
H13576,0.3887,LOW,,
H13577,0.2669,LOW,,
H13578,0.1566,LOW,,
H13579,0.0381,LOW,,
H13580,0.0897,LOW,,
H13581,0.0263,LOW,,
H13582,0.0593,LOW,,
H13583,0.0561,LOW,,
H13584,0.058,LOW,,
H13585,0.044,LOW,,
H13586,0.0105,LOW,,
H13587,0.024,LOW,,
H13588,0.7809,HIGH,,
H13589,0.0629,LOW,,
H13590,0.0189,LOW,,
H13591,0.1163,LOW,,
H13592,0.1933,LOW,,
H13593,0.1106,LOW,,
H13594,0.2281,LOW,,
H13595,0.1243,LOW,,
H13596,0.05,LOW,,
H13597,0.0203,LOW,,
H13598,0.3282,LOW,,
H13599,0.0275,LOW,,
H13600,0.0677,LOW,,
H13601,0.212,LOW,,
H13602,0.0303,LOW,,
H13603,0.3935,LOW,,
H13604,0.1249,LOW,,
H13605,0.0395,LOW,,
H13606,0.1285,LOW,,
H13607,0.0521,LOW,,
H13608,0.0152,LOW,,
H13609,0.1092,LOW,,
H13610,0.2897,LOW,,
H13611,0.1992,LOW,,
H13612,0.0995,LOW,,
H13613,0.6791,MEDIUM,,
H13614,0.0367,LOW,,
H13615,0.0704,LOW,,
H13616,0.5849,MEDIUM,,
H13617,0.3563,LOW,,
H13618,0.2407,LOW,,
H13619,0.037,LOW,,
H13620,0.5475,MEDIUM,,
H13621,0.0837,LOW,,
H13622,0.0671,LOW,,
H13623,0.0167,LOW,,
H13624,0.1503,LOW,,
H13625,0.0505,LOW,,
H13626,0.0694,LOW,,
H13627,0.0181,LOW,,
H13628,0.5659,MEDIUM,,
H13629,0.0381,LOW,,
H13630,0.0231,LOW,,
H13631,0.0488,LOW,,
H13632,0.1432,LOW,,
H13633,0.0708,LOW,,
H13634,0.1115,LOW,,
H13635,0.0234,LOW,,
H13636,0.0569,LOW,,
H13637,0.0222,LOW,,
H13638,0.0117,LOW,,
H13639,0.0798,LOW,,
H13640,0.0326,LOW,,
H13641,0.2677,LOW,,
H13642,0.0355,LOW,,
H13643,0.0322,LOW,,
H13644,0.1001,LOW,,
H13645,0.0158,LOW,,
H13646,0.0224,LOW,,
H13647,0.8489,HIGH,,
H13648,0.0354,LOW,,
H13649,0.1152,LOW,,
H13650,0.0686,LOW,,
H13651,0.6193,MEDIUM,,
H13652,0.0491,LOW,,
H13653,0.1749,LOW,,
H13654,0.0386,LOW,,
H13655,0.0828,LOW,,
H13656,0.0818,LOW,,
H13657,0.7931,HIGH,,
H13658,0.0329,LOW,,
H13659,0.3882,LOW,,
H13660,0.0726,LOW,,
H13661,0.5474,MEDIUM,,
H13662,0.5222,MEDIUM,,
H13663,0.6064,MEDIUM,,
H13664,0.0306,LOW,,
H13665,0.847,HIGH,,
H13666,0.1414,LOW,,
H13667,0.1199,LOW,,
H13668,0.0049,LOW,,
H13669,0.5033,MEDIUM,,
H13670,0.1586,LOW,,
H13671,0.0438,LOW,,
H13672,0.1115,LOW,,
H13673,0.0768,LOW,,
H13674,0.051,LOW,,
H13675,0.0485,LOW,,
H13676,0.343,LOW,,
H13677,0.0327,LOW,,
H13678,0.0201,LOW,,
H13679,0.2325,LOW,,
H13680,0.5881,MEDIUM,,
H13681,0.1234,LOW,,
H13682,0.0178,LOW,,
H13683,0.1366,LOW,,
H13684,0.0156,LOW,,
H13685,0.362,LOW,,
H13686,0.0905,LOW,,
H13687,0.0414,LOW,,
H13688,0.2999,LOW,,
H13689,0.0224,LOW,,
H13690,0.7684,HIGH,,
H13691,0.8439,HIGH,,
H13692,0.1732,LOW,,
H13693,0.0346,LOW,,
H13694,0.0127,LOW,,
H13695,0.0173,LOW,,
H13696,0.0363,LOW,,
H13697,0.3051,LOW,,
H13698,0.0699,LOW,,
H13699,0.0438,LOW,,
H13700,0.661,MEDIUM,,
H13701,0.052,LOW,,
H13702,0.068,LOW,,
H13703,0.1362,LOW,,
H13704,0.103,LOW,,
H13705,0.0308,LOW,,
H13706,0.1024,LOW,,
H13707,0.0225,LOW,,
H13708,0.0778,LOW,,
H13709,0.1241,LOW,,
H13710,0.1859,LOW,,
H13711,0.2274,LOW,,
H13712,0.0511,LOW,,
H13713,0.048,LOW,,
H13714,0.3296,LOW,,
H13715,0.0383,LOW,,
H13716,0.556,MEDIUM,,
H13717,0.1221,LOW,,
H13718,0.549,MEDIUM,,
H13719,0.1493,LOW,,
H13720,0.3286,LOW,,
H13721,0.0587,LOW,,
H13722,0.0432,LOW,,
H13723,0.8559,HIGH,,
H13724,0.0236,LOW,,
H13725,0.0737,LOW,,
H13726,0.4693,MEDIUM,,
H13727,0.0168,LOW,,
H13728,0.6424,MEDIUM,,
H13729,0.0764,LOW,,
H13730,0.0377,LOW,,
H13731,0.314,LOW,,
H13732,0.7133,HIGH,,
H13733,0.4232,MEDIUM,,
H13734,0.132,LOW,,
H13735,0.1086,LOW,,
H13736,0.7533,HIGH,,
H13737,0.0393,LOW,,
H13738,0.1238,LOW,,
H13739,0.1082,LOW,,
H13740,0.6062,MEDIUM,,
H13741,0.2177,LOW,,
H13742,0.3339,LOW,,
H13743,0.3142,LOW,,
H13744,0.1977,LOW,,
H13745,0.2859,LOW,,
H13746,0.0506,LOW,,
H13747,0.145,LOW,,
H13748,0.8947,HIGH,,
H13749,0.0658,LOW,,
H13750,0.0517,LOW,,
H13751,0.0919,LOW,,
H13752,0.1786,LOW,,
H13753,0.8383,HIGH,,
H13754,0.0568,LOW,,
H13755,0.1213,LOW,,
H13756,0.1216,LOW,,
H13757,0.2393,LOW,,
H13758,0.1462,LOW,,
H13759,0.0733,LOW,,
H13760,0.0481,LOW,,
H13761,0.0886,LOW,,
H13762,0.2115,LOW,,
H13763,0.1484,LOW,,
H13764,0.3485,LOW,,
H13765,0.1232,LOW,,
H13766,0.7936,HIGH,,
H13767,0.2244,LOW,,
H13768,0.7403,HIGH,,
H13769,0.039,LOW,,
H13770,0.6123,MEDIUM,,
H13771,0.2605,LOW,,
H13772,0.0798,LOW,,
H13773,0.0227,LOW,,
H13774,0.1119,LOW,,
H13775,0.6516,MEDIUM,,
H13776,0.1476,LOW,,
H13777,0.1276,LOW,,
H13778,0.5419,MEDIUM,,
H13779,0.0311,LOW,,
H13780,0.6379,MEDIUM,,
H13781,0.1506,LOW,,
H13782,0.3876,LOW,,
H13783,0.043,LOW,,
H13784,0.0302,LOW,,
H13785,0.1187,LOW,,
H13786,0.0263,LOW,,
H13787,0.0124,LOW,,
H13788,0.3306,LOW,,
H13789,0.3634,LOW,,
H13790,0.0216,LOW,,
H13791,0.6666,MEDIUM,,
H13792,0.0136,LOW,,
H13793,0.0228,LOW,,
H13794,0.4444,MEDIUM,,
H13795,0.1133,LOW,,
H13796,0.157,LOW,,
H13797,0.0211,LOW,,
H13798,0.0234,LOW,,
H13799,0.06,LOW,,
H13800,0.0574,LOW,,
H13801,0.0688,LOW,,
H13802,0.2601,LOW,,
H13803,0.0959,LOW,,
H13804,0.8249,HIGH,,
H13805,0.1581,LOW,,
H13806,0.0403,LOW,,
H13807,0.0215,LOW,,
H13808,0.0631,LOW,,
H13809,0.1725,LOW,,
H13810,0.0819,LOW,,
H13811,0.0223,LOW,,
H13812,0.7223,HIGH,,
H13813,0.8748,HIGH,,
H13814,0.1212,LOW,,
H13815,0.162,LOW,,
H13816,0.2976,LOW,,
H13817,0.0234,LOW,,
H13818,0.0391,LOW,,
H13819,0.0213,LOW,,
H13820,0.0759,LOW,,
H13821,0.2819,LOW,,
H13822,0.0358,LOW,,
H13823,0.7606,HIGH,,
H13824,0.155,LOW,,
H13825,0.5694,MEDIUM,,
H13826,0.4214,MEDIUM,,
H13827,0.034,LOW,,
H13828,0.8629,HIGH,,
H13829,0.2879,LOW,,
H13830,0.0298,LOW,,
H13831,0.1651,LOW,,
H13832,0.1745,LOW,,
H13833,0.0564,LOW,,
H13834,0.0641,LOW,,
H13835,0.1411,LOW,,
H13836,0.7199,HIGH,,
H13837,0.0366,LOW,,
H13838,0.049,LOW,,
H13839,0.46,MEDIUM,,
H13840,0.2163,LOW,,
H13841,0.0265,LOW,,
H13842,0.092,LOW,,
H13843,0.0979,LOW,,
H13844,0.8971,HIGH,,
H13845,0.0625,LOW,,
H13846,0.0736,LOW,,
H13847,0.1295,LOW,,
H13848,0.1197,LOW,,
H13849,0.0348,LOW,,
H13850,0.2461,LOW,,
H13851,0.0189,LOW,,
H13852,0.2141,LOW,,
H13853,0.4387,MEDIUM,,
H13854,0.0977,LOW,,
H13855,0.0478,LOW,,
H13856,0.06,LOW,,
H13857,0.0616,LOW,,
H13858,0.0241,LOW,,
H13859,0.3072,LOW,,
H13860,0.7306,HIGH,,
H13861,0.6404,MEDIUM,,
H13862,0.0855,LOW,,
H13863,0.1698,LOW,,
H13864,0.2562,LOW,,
H13865,0.0333,LOW,,
H13866,0.0278,LOW,,
H13867,0.0444,LOW,,
H13868,0.1147,LOW,,
H13869,0.0418,LOW,,
H13870,0.2989,LOW,,
H13871,0.0407,LOW,,
H13872,0.9019,HIGH,,
H13873,0.3776,LOW,,
H13874,0.3516,LOW,,
H13875,0.42,MEDIUM,,
H13876,0.7582,HIGH,,
H13877,0.1298,LOW,,
H13878,0.0651,LOW,,
H13879,0.1971,LOW,,
H13880,0.0686,LOW,,
H13881,0.0149,LOW,,
H13882,0.0314,LOW,,
H13883,0.0139,LOW,,
H13884,0.0453,LOW,,
H13885,0.0674,LOW,,
H13886,0.0291,LOW,,
H13887,0.0681,LOW,,
H13888,0.6801,MEDIUM,,
H13889,0.047,LOW,,
H13890,0.3493,LOW,,
H13891,0.0153,LOW,,
H13892,0.0814,LOW,,
H13893,0.0532,LOW,,
H13894,0.9353,HIGH,,
H13895,0.0553,LOW,,
H13896,0.0482,LOW,,
H13897,0.5777,MEDIUM,,
H13898,0.5956,MEDIUM,,
H13899,0.0273,LOW,,
H13900,0.0515,LOW,,
H13901,0.0417,LOW,,
H13902,0.691,MEDIUM,,
H13903,0.3229,LOW,,
H13904,0.0354,LOW,,
H13905,0.6788,MEDIUM,,
H13906,0.0434,LOW,,
H13907,0.0466,LOW,,
H13908,0.0365,LOW,,
H13909,0.0188,LOW,,
H13910,0.0382,LOW,,
H13911,0.0937,LOW,,
H13912,0.0694,LOW,,
H13913,0.0315,LOW,,
H13914,0.7579,HIGH,,
H13915,0.0416,LOW,,
H13916,0.0485,LOW,,
H13917,0.0697,LOW,,
H13918,0.2586,LOW,,
H13919,0.2668,LOW,,
H13920,0.1182,LOW,,
H13921,0.0554,LOW,,
H13922,0.1601,LOW,,
H13923,0.0445,LOW,,
H13924,0.1651,LOW,,
H13925,0.2321,LOW,,
H13926,0.1891,LOW,,
H13927,0.0155,LOW,,
H13928,0.1114,LOW,,
H13929,0.04,LOW,,
H13930,0.0541,LOW,,
H13931,0.4438,MEDIUM,,
H13932,0.0722,LOW,,
H13933,0.1322,LOW,,
H13934,0.0116,LOW,,
H13935,0.0391,LOW,,
H13936,0.0225,LOW,,
H13937,0.0333,LOW,,
H13938,0.4674,MEDIUM,,
H13939,0.0484,LOW,,
H13940,0.0219,LOW,,
H13941,0.0347,LOW,,
H13942,0.6475,MEDIUM,,
H13943,0.2661,LOW,,
H13944,0.0517,LOW,,
H13945,0.1088,LOW,,
H13946,0.0347,LOW,,
H13947,0.4249,MEDIUM,,
H13948,0.0265,LOW,,
H13949,0.7413,HIGH,,
H13950,0.0617,LOW,,
H13951,0.5688,MEDIUM,,
H13952,0.0558,LOW,,
H13953,0.0551,LOW,,
H13954,0.7841,HIGH,,
H13955,0.2204,LOW,,
H13956,0.2069,LOW,,
H13957,0.5643,MEDIUM,,
H13958,0.3703,LOW,,
H13959,0.7347,HIGH,,
H13960,0.0762,LOW,,
H13961,0.659,MEDIUM,,
H13962,0.6709,MEDIUM,,
H13963,0.5778,MEDIUM,,
H13964,0.9229,HIGH,,
H13965,0.8699,HIGH,,
H13966,0.0706,LOW,,
H13967,0.0388,LOW,,
H13968,0.1495,LOW,,
H13969,0.1151,LOW,,
H13970,0.1907,LOW,,
H13971,0.0576,LOW,,
H13972,0.5383,MEDIUM,,
H13973,0.0993,LOW,,
H13974,0.0339,LOW,,
H13975,0.0332,LOW,,
H13976,0.7133,HIGH,,
H13977,0.0405,LOW,,
H13978,0.0806,LOW,,
H13979,0.6625,MEDIUM,,
H13980,0.6305,MEDIUM,,
H13981,0.0312,LOW,,
H13982,0.1162,LOW,,
H13983,0.2586,LOW,,
H13984,0.0589,LOW,,
H13985,0.14,LOW,,
H13986,0.0972,LOW,,
H13987,0.0094,LOW,,
H13988,0.2281,LOW,,
H13989,0.084,LOW,,
H13990,0.0241,LOW,,
H13991,0.3184,LOW,,
H13992,0.051,LOW,,
H13993,0.7655,HIGH,,
H13994,0.6492,MEDIUM,,
H13995,0.8996,HIGH,,
H13996,0.0343,LOW,,
H13997,0.0867,LOW,,
H13998,0.1606,LOW,,
H13999,0.0654,LOW,,
H14000,0.1556,LOW,,
H14001,0.092,LOW,,
H14002,0.2262,LOW,,
H14003,0.1147,LOW,,
H14004,0.0159,LOW,,
H14005,0.0359,LOW,,
H14006,0.0488,LOW,,
H14007,0.1438,LOW,,
H14008,0.0367,LOW,,
H14009,0.4726,MEDIUM,,
H14010,0.6961,MEDIUM,,
H14011,0.0269,LOW,,
H14012,0.0368,LOW,,
H14013,0.0325,LOW,,
H14014,0.1009,LOW,,
H14015,0.2121,LOW,,
H14016,0.8943,HIGH,,
H14017,0.0522,LOW,,
H14018,0.0264,LOW,,
H14019,0.1589,LOW,,
H14020,0.0978,LOW,,
H14021,0.0319,LOW,,
H14022,0.0309,LOW,,
H14023,0.0878,LOW,,
H14024,0.2407,LOW,,
H14025,0.109,LOW,,
H14026,0.1313,LOW,,
H14027,0.125,LOW,,
H14028,0.053,LOW,,
H14029,0.4212,MEDIUM,,
H14030,0.2048,LOW,,
H14031,0.2256,LOW,,
H14032,0.0611,LOW,,
H14033,0.0804,LOW,,
H14034,0.0641,LOW,,
H14035,0.1035,LOW,,
H14036,0.0377,LOW,,
H14037,0.1469,LOW,,
H14038,0.1994,LOW,,
H14039,0.7296,HIGH,,
H14040,0.0148,LOW,,
H14041,0.0401,LOW,,
H14042,0.5262,MEDIUM,,
H14043,0.6731,MEDIUM,,
H14044,0.0255,LOW,,
H14045,0.3407,LOW,,
H14046,0.0853,LOW,,
H14047,0.0368,LOW,,
H14048,0.2079,LOW,,
H14049,0.0134,LOW,,
H14050,0.0524,LOW,,
H14051,0.3719,LOW,,
H14052,0.1841,LOW,,
H14053,0.0334,LOW,,
H14054,0.2836,LOW,,
H14055,0.6249,MEDIUM,,
H14056,0.0406,LOW,,
H14057,0.0301,LOW,,
H14058,0.1564,LOW,,
H14059,0.3152,LOW,,
H14060,0.1754,LOW,,
H14061,0.403,MEDIUM,,
H14062,0.0623,LOW,,
H14063,0.3702,LOW,,
H14064,0.088,LOW,,
H14065,0.0287,LOW,,
H14066,0.4331,MEDIUM,,
H14067,0.1002,LOW,,
H14068,0.8292,HIGH,,
H14069,0.2411,LOW,,
H14070,0.2194,LOW,,
H14071,0.1885,LOW,,
H14072,0.0132,LOW,,
H14073,0.0562,LOW,,
H14074,0.0533,LOW,,
H14075,0.2317,LOW,,
H14076,0.5207,MEDIUM,,
H14077,0.0804,LOW,,
H14078,0.0754,LOW,,
H14079,0.0306,LOW,,
H14080,0.0547,LOW,,
H14081,0.7052,HIGH,,
H14082,0.6284,MEDIUM,,
H14083,0.0718,LOW,,
H14084,0.0611,LOW,,
H14085,0.0343,LOW,,
H14086,0.3414,LOW,,
H14087,0.1197,LOW,,
H14088,0.0305,LOW,,
H14089,0.028,LOW,,
H14090,0.507,MEDIUM,,
H14091,0.1677,LOW,,
H14092,0.8136,HIGH,,
H14093,0.6727,MEDIUM,,
H14094,0.0499,LOW,,
H14095,0.7567,HIGH,,
H14096,0.7172,HIGH,,
H14097,0.804,HIGH,,
H14098,0.1665,LOW,,
H14099,0.0284,LOW,,
H14100,0.0372,LOW,,
H14101,0.0698,LOW,,
H14102,0.0296,LOW,,
H14103,0.0301,LOW,,
H14104,0.5648,MEDIUM,,
H14105,0.0211,LOW,,
H14106,0.149,LOW,,
H14107,0.3055,LOW,,
H14108,0.592,MEDIUM,,
H14109,0.6917,MEDIUM,,
H14110,0.3484,LOW,,
H14111,0.1523,LOW,,
H14112,0.0663,LOW,,
H14113,0.0636,LOW,,
H14114,0.0857,LOW,,
H14115,0.8195,HIGH,,
H14116,0.195,LOW,,
H14117,0.7478,HIGH,,
H14118,0.2162,LOW,,
H14119,0.66,MEDIUM,,
H14120,0.1773,LOW,,
H14121,0.0406,LOW,,
H14122,0.1087,LOW,,
H14123,0.0716,LOW,,
H14124,0.0947,LOW,,
H14125,0.0273,LOW,,
H14126,0.8546,HIGH,,
H14127,0.5264,MEDIUM,,
H14128,0.2073,LOW,,
H14129,0.6976,MEDIUM,,
H14130,0.2212,LOW,,
H14131,0.4908,MEDIUM,,
H14132,0.2696,LOW,,
H14133,0.1221,LOW,,
H14134,0.356,LOW,,
H14135,0.021,LOW,,
H14136,0.2532,LOW,,
H14137,0.1025,LOW,,
H14138,0.0552,LOW,,
H14139,0.1231,LOW,,
H14140,0.5125,MEDIUM,,
H14141,0.0218,LOW,,
H14142,0.1314,LOW,,
H14143,0.0278,LOW,,
H14144,0.1339,LOW,,
H14145,0.0189,LOW,,
H14146,0.0989,LOW,,
H14147,0.1406,LOW,,
H14148,0.115,LOW,,
H14149,0.0381,LOW,,
H14150,0.0659,LOW,,
H14151,0.0503,LOW,,
H14152,0.8177,HIGH,,
H14153,0.0224,LOW,,
H14154,0.0386,LOW,,
H14155,0.1322,LOW,,
H14156,0.2533,LOW,,
H14157,0.0595,LOW,,
H14158,0.3968,LOW,,
H14159,0.0389,LOW,,
H14160,0.2954,LOW,,
H14161,0.2278,LOW,,
H14162,0.302,LOW,,
H14163,0.0275,LOW,,
H14164,0.1649,LOW,,
H14165,0.063,LOW,,
H14166,0.1116,LOW,,
H14167,0.0257,LOW,,
H14168,0.1646,LOW,,
H14169,0.1543,LOW,,
H14170,0.0413,LOW,,
H14171,0.0145,LOW,,
H14172,0.3398,LOW,,
H14173,0.0104,LOW,,
H14174,0.0467,LOW,,
H14175,0.4085,MEDIUM,,
H14176,0.0308,LOW,,
H14177,0.0383,LOW,,
H14178,0.0171,LOW,,
H14179,0.078,LOW,,
H14180,0.5336,MEDIUM,,
H14181,0.1314,LOW,,
H14182,0.0261,LOW,,
H14183,0.0467,LOW,,
H14184,0.0112,LOW,,
H14185,0.0723,LOW,,
H14186,0.0257,LOW,,
H14187,0.0299,LOW,,
H14188,0.197,LOW,,
H14189,0.132,LOW,,
H14190,0.7954,HIGH,,
H14191,0.0373,LOW,,
H14192,0.0351,LOW,,
H14193,0.1971,LOW,,
H14194,0.0349,LOW,,
H14195,0.1315,LOW,,
H14196,0.0159,LOW,,
H14197,0.1201,LOW,,
H14198,0.8666,HIGH,,
H14199,0.8982,HIGH,,
H14200,0.0903,LOW,,
H14201,0.0445,LOW,,
H14202,0.782,HIGH,,
H14203,0.0486,LOW,,
H14204,0.1717,LOW,,
H14205,0.076,LOW,,
H14206,0.0814,LOW,,
H14207,0.2273,LOW,,
H14208,0.0301,LOW,,
H14209,0.6737,MEDIUM,,
H14210,0.6047,MEDIUM,,
H14211,0.4823,MEDIUM,,
H14212,0.0549,LOW,,
H14213,0.0326,LOW,,
H14214,0.2124,LOW,,
H14215,0.0551,LOW,,
H14216,0.6491,MEDIUM,,
H14217,0.7451,HIGH,,
H14218,0.2707,LOW,,
H14219,0.0176,LOW,,
H14220,0.0986,LOW,,
H14221,0.2925,LOW,,
H14222,0.745,HIGH,,
H14223,0.2059,LOW,,
H14224,0.0193,LOW,,
H14225,0.0379,LOW,,
H14226,0.2262,LOW,,
H14227,0.245,LOW,,
H14228,0.7491,HIGH,,
H14229,0.0299,LOW,,
H14230,0.0522,LOW,,
H14231,0.0373,LOW,,
H14232,0.0268,LOW,,
H14233,0.048,LOW,,
H14234,0.0203,LOW,,
H14235,0.4514,MEDIUM,,
H14236,0.1943,LOW,,
H14237,0.0564,LOW,,
H14238,0.2081,LOW,,
H14239,0.0443,LOW,,
H14240,0.5142,MEDIUM,,
H14241,0.1177,LOW,,
H14242,0.1558,LOW,,
H14243,0.0168,LOW,,
H14244,0.0492,LOW,,
H14245,0.1295,LOW,,
H14246,0.8301,HIGH,,
H14247,0.1905,LOW,,
H14248,0.0175,LOW,,
H14249,0.0256,LOW,,
H14250,0.023,LOW,,
H14251,0.1118,LOW,,
H14252,0.0668,LOW,,
H14253,0.2891,LOW,,
H14254,0.049,LOW,,
H14255,0.8551,HIGH,,
H14256,0.1213,LOW,,
H14257,0.0212,LOW,,
H14258,0.0202,LOW,,
H14259,0.2366,LOW,,
H14260,0.0757,LOW,,
H14261,0.0528,LOW,,
H14262,0.9206,HIGH,,
H14263,0.1836,LOW,,
H14264,0.1513,LOW,,
H14265,0.4401,MEDIUM,,
H14266,0.0191,LOW,,
H14267,0.1774,LOW,,
H14268,0.1176,LOW,,
H14269,0.0111,LOW,,
H14270,0.1576,LOW,,
H14271,0.2667,LOW,,
H14272,0.143,LOW,,
H14273,0.1118,LOW,,
H14274,0.363,LOW,,
H14275,0.0318,LOW,,
H14276,0.0329,LOW,,
H14277,0.4538,MEDIUM,,
H14278,0.0591,LOW,,
H14279,0.0504,LOW,,
H14280,0.281,LOW,,
H14281,0.0404,LOW,,
H14282,0.0291,LOW,,
H14283,0.1702,LOW,,
H14284,0.3555,LOW,,
H14285,0.0257,LOW,,
H14286,0.1586,LOW,,
H14287,0.0151,LOW,,
H14288,0.057,LOW,,
H14289,0.0285,LOW,,
H14290,0.1782,LOW,,
H14291,0.8863,HIGH,,
H14292,0.7238,HIGH,,
H14293,0.034,LOW,,
H14294,0.3638,LOW,,
H14295,0.0238,LOW,,
H14296,0.2026,LOW,,
H14297,0.0279,LOW,,
H14298,0.8009,HIGH,,
H14299,0.5523,MEDIUM,,
H14300,0.0467,LOW,,
H14301,0.0506,LOW,,
H14302,0.163,LOW,,
H14303,0.0306,LOW,,
H14304,0.1634,LOW,,
H14305,0.4075,MEDIUM,,
H14306,0.1113,LOW,,
H14307,0.2762,LOW,,
H14308,0.2222,LOW,,
H14309,0.3836,LOW,,
H14310,0.0168,LOW,,
H14311,0.4856,MEDIUM,,
H14312,0.0559,LOW,,
H14313,0.0787,LOW,,
H14314,0.0303,LOW,,
H14315,0.0735,LOW,,
H14316,0.0086,LOW,,
H14317,0.5452,MEDIUM,,
H14318,0.1143,LOW,,
H14319,0.556,MEDIUM,,
H14320,0.2199,LOW,,
H14321,0.1319,LOW,,
H14322,0.5643,MEDIUM,,
H14323,0.1381,LOW,,
H14324,0.5484,MEDIUM,,
H14325,0.5965,MEDIUM,,
H14326,0.6815,MEDIUM,,
H14327,0.1099,LOW,,
H14328,0.0408,LOW,,
H14329,0.033,LOW,,
H14330,0.0571,LOW,,
H14331,0.1135,LOW,,
H14332,0.0484,LOW,,
H14333,0.1098,LOW,,
H14334,0.0524,LOW,,
H14335,0.0933,LOW,,
H14336,0.0355,LOW,,
H14337,0.0317,LOW,,
H14338,0.0683,LOW,,
H14339,0.0348,LOW,,
H14340,0.0268,LOW,,
H14341,0.019,LOW,,
H14342,0.2327,LOW,,
H14343,0.6372,MEDIUM,,
H14344,0.3976,LOW,,
H14345,0.3014,LOW,,
H14346,0.0722,LOW,,
H14347,0.0744,LOW,,
H14348,0.1449,LOW,,
H14349,0.0822,LOW,,
H14350,0.046,LOW,,
H14351,0.1541,LOW,,
H14352,0.7481,HIGH,,
H14353,0.156,LOW,,
H14354,0.0374,LOW,,
H14355,0.0547,LOW,,
H14356,0.48,MEDIUM,,
H14357,0.8527,HIGH,,
H14358,0.0414,LOW,,
H14359,0.5764,MEDIUM,,
H14360,0.0543,LOW,,
H14361,0.0087,LOW,,
H14362,0.883,HIGH,,
H14363,0.3186,LOW,,
H14364,0.1242,LOW,,
H14365,0.5056,MEDIUM,,
H14366,0.0484,LOW,,
H14367,0.0226,LOW,,
H14368,0.7333,HIGH,,
H14369,0.5134,MEDIUM,,
H14370,0.0181,LOW,,
H14371,0.0272,LOW,,
H14372,0.0251,LOW,,
H14373,0.0281,LOW,,
H14374,0.0378,LOW,,
H14375,0.0336,LOW,,
H14376,0.03,LOW,,
H14377,0.1309,LOW,,
H14378,0.2466,LOW,,
H14379,0.054,LOW,,
H14380,0.1895,LOW,,
H14381,0.054,LOW,,
H14382,0.6808,MEDIUM,,
H14383,0.0284,LOW,,
H14384,0.0842,LOW,,
H14385,0.0726,LOW,,
H14386,0.0106,LOW,,
H14387,0.0207,LOW,,
H14388,0.0496,LOW,,
H14389,0.2356,LOW,,
H14390,0.11,LOW,,
H14391,0.5589,MEDIUM,,
H14392,0.0319,LOW,,
H14393,0.0975,LOW,,
H14394,0.0268,LOW,,
H14395,0.0743,LOW,,
H14396,0.1212,LOW,,
H14397,0.0248,LOW,,
H14398,0.1003,LOW,,
H14399,0.0534,LOW,,
H14400,0.0609,LOW,,
H14401,0.0456,LOW,,
H14402,0.0161,LOW,,
H14403,0.0264,LOW,,
H14404,0.0896,LOW,,
H14405,0.0663,LOW,,
H14406,0.0249,LOW,,
H14407,0.0325,LOW,,
H14408,0.221,LOW,,
H14409,0.0434,LOW,,
H14410,0.1298,LOW,,
H14411,0.0395,LOW,,
H14412,0.0531,LOW,,
H14413,0.0557,LOW,,
H14414,0.0627,LOW,,
H14415,0.0918,LOW,,
H14416,0.0787,LOW,,
H14417,0.3703,LOW,,
H14418,0.2312,LOW,,
H14419,0.3589,LOW,,
H14420,0.2855,LOW,,
H14421,0.0253,LOW,,
H14422,0.2082,LOW,,
H14423,0.6092,MEDIUM,,
H14424,0.045,LOW,,
H14425,0.0376,LOW,,
H14426,0.0634,LOW,,
H14427,0.3559,LOW,,
H14428,0.3351,LOW,,
H14429,0.0453,LOW,,
H14430,0.0831,LOW,,
H14431,0.7315,HIGH,,
H14432,0.3192,LOW,,
H14433,0.7926,HIGH,,
H14434,0.0817,LOW,,
H14435,0.0836,LOW,,
H14436,0.8677,HIGH,,
H14437,0.75,HIGH,,
H14438,0.1372,LOW,,
H14439,0.4666,MEDIUM,,
H14440,0.9567,HIGH,,
H14441,0.0767,LOW,,
H14442,0.0453,LOW,,
H14443,0.0111,LOW,,
H14444,0.0162,LOW,,
H14445,0.1102,LOW,,
H14446,0.175,LOW,,
H14447,0.6011,MEDIUM,,
H14448,0.7137,HIGH,,
H14449,0.4199,MEDIUM,,
H14450,0.1208,LOW,,
H14451,0.2432,LOW,,
H14452,0.0335,LOW,,
H14453,0.068,LOW,,
H14454,0.024,LOW,,
H14455,0.3554,LOW,,
H14456,0.038,LOW,,
H14457,0.1279,LOW,,
H14458,0.2315,LOW,,
H14459,0.1444,LOW,,
H14460,0.0799,LOW,,
H14461,0.1631,LOW,,
H14462,0.0713,LOW,,
H14463,0.1785,LOW,,
H14464,0.8213,HIGH,,
H14465,0.9268,HIGH,,
H14466,0.3413,LOW,,
H14467,0.0795,LOW,,
H14468,0.0284,LOW,,
H14469,0.0145,LOW,,
H14470,0.5445,MEDIUM,,
H14471,0.1723,LOW,,
H14472,0.0499,LOW,,
H14473,0.0405,LOW,,
H14474,0.0477,LOW,,
H14475,0.2387,LOW,,
H14476,0.04,LOW,,
H14477,0.0764,LOW,,
H14478,0.1865,LOW,,
H14479,0.1853,LOW,,
H14480,0.5154,MEDIUM,,
H14481,0.177,LOW,,
H14482,0.249,LOW,,
H14483,0.0697,LOW,,
H14484,0.0373,LOW,,
H14485,0.1019,LOW,,
H14486,0.384,LOW,,
H14487,0.0723,LOW,,
H14488,0.1054,LOW,,
H14489,0.7323,HIGH,,
H14490,0.1009,LOW,,
H14491,0.1177,LOW,,
H14492,0.6617,MEDIUM,,
H14493,0.0371,LOW,,
H14494,0.0571,LOW,,
H14495,0.7462,HIGH,,
H14496,0.2023,LOW,,
H14497,0.0521,LOW,,
H14498,0.6918,MEDIUM,,
H14499,0.0323,LOW,,
H14500,0.1007,LOW,,
H14501,0.668,MEDIUM,,
H14502,0.2976,LOW,,
H14503,0.2687,LOW,,
H14504,0.1767,LOW,,
H14505,0.6886,MEDIUM,,
H14506,0.0303,LOW,,
H14507,0.0348,LOW,,
H14508,0.0526,LOW,,
H14509,0.91,HIGH,,
H14510,0.0955,LOW,,
H14511,0.5588,MEDIUM,,
H14512,0.1407,LOW,,
H14513,0.1829,LOW,,
H14514,0.0408,LOW,,
H14515,0.8103,HIGH,,
H14516,0.0303,LOW,,
H14517,0.1706,LOW,,
H14518,0.0366,LOW,,
H14519,0.1742,LOW,,
H14520,0.047,LOW,,
H14521,0.065,LOW,,
H14522,0.1925,LOW,,
H14523,0.1104,LOW,,
H14524,0.1497,LOW,,
H14525,0.0418,LOW,,
H14526,0.08,LOW,,
H14527,0.2395,LOW,,
H14528,0.1102,LOW,,
H14529,0.1892,LOW,,
H14530,0.028,LOW,,
H14531,0.0553,LOW,,
H14532,0.1052,LOW,,
H14533,0.5988,MEDIUM,,
H14534,0.0838,LOW,,
H14535,0.1504,LOW,,
H14536,0.039,LOW,,
H14537,0.6637,MEDIUM,,
H14538,0.1371,LOW,,
H14539,0.1253,LOW,,
H14540,0.0395,LOW,,
H14541,0.9198,HIGH,,
H14542,0.0636,LOW,,
H14543,0.0776,LOW,,
H14544,0.0166,LOW,,
H14545,0.2795,LOW,,
H14546,0.0392,LOW,,
H14547,0.024,LOW,,
H14548,0.0611,LOW,,
H14549,0.7539,HIGH,,
H14550,0.0767,LOW,,
H14551,0.5498,MEDIUM,,
H14552,0.3222,LOW,,
H14553,0.1866,LOW,,
H14554,0.0326,LOW,,
H14555,0.0444,LOW,,
H14556,0.0588,LOW,,
H14557,0.0258,LOW,,
H14558,0.683,MEDIUM,,
H14559,0.5735,MEDIUM,,
H14560,0.359,LOW,,
H14561,0.2491,LOW,,
H14562,0.0302,LOW,,
H14563,0.0289,LOW,,
H14564,0.1236,LOW,,
H14565,0.0818,LOW,,
H14566,0.7118,HIGH,,
H14567,0.1143,LOW,,
H14568,0.1565,LOW,,
H14569,0.1971,LOW,,
H14570,0.112,LOW,,
H14571,0.1388,LOW,,
H14572,0.183,LOW,,
H14573,0.2745,LOW,,
H14574,0.0865,LOW,,
H14575,0.0506,LOW,,
H14576,0.7645,HIGH,,
H14577,0.126,LOW,,
H14578,0.1172,LOW,,
H14579,0.1231,LOW,,
H14580,0.8191,HIGH,,
H14581,0.3149,LOW,,
H14582,0.0826,LOW,,
H14583,0.0322,LOW,,
H14584,0.045,LOW,,
H14585,0.503,MEDIUM,,
H14586,0.1093,LOW,,
H14587,0.6901,MEDIUM,,
H14588,0.0734,LOW,,
H14589,0.0442,LOW,,
H14590,0.5834,MEDIUM,,
H14591,0.049,LOW,,
H14592,0.2097,LOW,,
H14593,0.0872,LOW,,
H14594,0.0673,LOW,,
H14595,0.554,MEDIUM,,
H14596,0.0108,LOW,,
H14597,0.0441,LOW,,
H14598,0.5724,MEDIUM,,
H14599,0.5729,MEDIUM,,
H14600,0.0602,LOW,,
H14601,0.0429,LOW,,
H14602,0.153,LOW,,
H14603,0.8149,HIGH,,
H14604,0.0939,LOW,,
H14605,0.1615,LOW,,
H14606,0.0403,LOW,,
H14607,0.0216,LOW,,
H14608,0.0241,LOW,,
H14609,0.7445,HIGH,,
H14610,0.0336,LOW,,
H14611,0.0287,LOW,,
H14612,0.0169,LOW,,
H14613,0.0774,LOW,,
H14614,0.0583,LOW,,
H14615,0.0927,LOW,,
H14616,0.1048,LOW,,
H14617,0.7005,HIGH,,
H14618,0.4088,MEDIUM,,
H14619,0.5001,MEDIUM,,
H14620,0.0216,LOW,,
H14621,0.5546,MEDIUM,,
H14622,0.0551,LOW,,
H14623,0.0695,LOW,,
H14624,0.6344,MEDIUM,,
H14625,0.1336,LOW,,
H14626,0.0372,LOW,,
H14627,0.1194,LOW,,
H14628,0.0787,LOW,,
H14629,0.0995,LOW,,
H14630,0.6724,MEDIUM,,
H14631,0.076,LOW,,
H14632,0.097,LOW,,
H14633,0.0687,LOW,,
H14634,0.0111,LOW,,
H14635,0.1401,LOW,,
H14636,0.6622,MEDIUM,,
H14637,0.1221,LOW,,
H14638,0.0411,LOW,,
H14639,0.0429,LOW,,
H14640,0.0314,LOW,,
H14641,0.06,LOW,,
H14642,0.1314,LOW,,
H14643,0.1845,LOW,,
H14644,0.3746,LOW,,
H14645,0.1096,LOW,,
H14646,0.0323,LOW,,
H14647,0.1557,LOW,,
H14648,0.0112,LOW,,
H14649,0.1346,LOW,,
H14650,0.1576,LOW,,
H14651,0.0506,LOW,,
H14652,0.5073,MEDIUM,,
H14653,0.1557,LOW,,
H14654,0.023,LOW,,
H14655,0.3641,LOW,,
H14656,0.0672,LOW,,
H14657,0.0364,LOW,,
H14658,0.1668,LOW,,
H14659,0.0702,LOW,,
H14660,0.0598,LOW,,
H14661,0.0366,LOW,,
H14662,0.4268,MEDIUM,,
H14663,0.0538,LOW,,
H14664,0.0696,LOW,,
H14665,0.4069,MEDIUM,,
H14666,0.0164,LOW,,
H14667,0.1937,LOW,,
H14668,0.4334,MEDIUM,,
H14669,0.1049,LOW,,
H14670,0.1818,LOW,,
H14671,0.09,LOW,,
H14672,0.0226,LOW,,
H14673,0.0767,LOW,,
H14674,0.0273,LOW,,
H14675,0.305,LOW,,
H14676,0.0525,LOW,,
H14677,0.1981,LOW,,
H14678,0.2032,LOW,,
H14679,0.0983,LOW,,
H14680,0.7027,HIGH,,
H14681,0.1132,LOW,,
H14682,0.7963,HIGH,,
H14683,0.2694,LOW,,
H14684,0.0786,LOW,,
H14685,0.056,LOW,,
H14686,0.0116,LOW,,
H14687,0.7307,HIGH,,
H14688,0.0414,LOW,,
H14689,0.0251,LOW,,
H14690,0.0586,LOW,,
H14691,0.0466,LOW,,
H14692,0.0471,LOW,,
H14693,0.1077,LOW,,
H14694,0.0395,LOW,,
H14695,0.3588,LOW,,
H14696,0.0338,LOW,,
H14697,0.5527,MEDIUM,,
H14698,0.7816,HIGH,,
H14699,0.3135,LOW,,
H14700,0.1906,LOW,,
H14701,0.3337,LOW,,
H14702,0.2417,LOW,,
H14703,0.1827,LOW,,
H14704,0.0344,LOW,,
H14705,0.2273,LOW,,
H14706,0.7992,HIGH,,
H14707,0.0293,LOW,,
H14708,0.0381,LOW,,
H14709,0.0713,LOW,,
H14710,0.1063,LOW,,
H14711,0.4689,MEDIUM,,
H14712,0.1073,LOW,,
H14713,0.6841,MEDIUM,,
H14714,0.0377,LOW,,
H14715,0.0215,LOW,,
H14716,0.0779,LOW,,
H14717,0.1114,LOW,,
H14718,0.1041,LOW,,
H14719,0.0776,LOW,,
H14720,0.4196,MEDIUM,,
H14721,0.0373,LOW,,
H14722,0.0367,LOW,,
H14723,0.0497,LOW,,
H14724,0.2324,LOW,,
H14725,0.6423,MEDIUM,,
H14726,0.0106,LOW,,
H14727,0.0805,LOW,,
H14728,0.1239,LOW,,
H14729,0.1553,LOW,,
H14730,0.2507,LOW,,
H14731,0.0832,LOW,,
H14732,0.2006,LOW,,
H14733,0.0592,LOW,,
H14734,0.0204,LOW,,
H14735,0.4437,MEDIUM,,
H14736,0.0815,LOW,,
H14737,0.3092,LOW,,
H14738,0.0291,LOW,,
H14739,0.1191,LOW,,
H14740,0.0637,LOW,,
H14741,0.086,LOW,,
H14742,0.4633,MEDIUM,,
H14743,0.7636,HIGH,,
H14744,0.0433,LOW,,
H14745,0.0431,LOW,,
H14746,0.0124,LOW,,
H14747,0.0178,LOW,,
H14748,0.095,LOW,,
H14749,0.5619,MEDIUM,,
H14750,0.3411,LOW,,
H14751,0.0203,LOW,,
H14752,0.2795,LOW,,
H14753,0.0415,LOW,,
H14754,0.0857,LOW,,
H14755,0.203,LOW,,
H14756,0.068,LOW,,
H14757,0.1019,LOW,,
H14758,0.1301,LOW,,
H14759,0.8455,HIGH,,
H14760,0.25,LOW,,
H14761,0.0578,LOW,,
H14762,0.0153,LOW,,
H14763,0.1007,LOW,,
H14764,0.0337,LOW,,
H14765,0.7741,HIGH,,
H14766,0.4806,MEDIUM,,
H14767,0.7411,HIGH,,
H14768,0.2646,LOW,,
H14769,0.0143,LOW,,
H14770,0.0517,LOW,,
H14771,0.0225,LOW,,
H14772,0.0378,LOW,,
H14773,0.098,LOW,,
H14774,0.087,LOW,,
H14775,0.1216,LOW,,
H14776,0.0433,LOW,,
H14777,0.0589,LOW,,
H14778,0.1743,LOW,,
H14779,0.056,LOW,,
H14780,0.4713,MEDIUM,,
H14781,0.0321,LOW,,
H14782,0.0601,LOW,,
H14783,0.0359,LOW,,
H14784,0.0355,LOW,,
H14785,0.2845,LOW,,
H14786,0.5124,MEDIUM,,
H14787,0.0159,LOW,,
H14788,0.1674,LOW,,
H14789,0.2763,LOW,,
H14790,0.6848,MEDIUM,,
H14791,0.0997,LOW,,
H14792,0.0122,LOW,,
H14793,0.1063,LOW,,
H14794,0.9034,HIGH,,
H14795,0.0637,LOW,,
H14796,0.0568,LOW,,
H14797,0.1639,LOW,,
H14798,0.1365,LOW,,
H14799,0.027,LOW,,
H14800,0.3846,LOW,,
H14801,0.1401,LOW,,
H14802,0.5076,MEDIUM,,
H14803,0.2524,LOW,,
H14804,0.5108,MEDIUM,,
H14805,0.0734,LOW,,
H14806,0.834,HIGH,,
H14807,0.09,LOW,,
H14808,0.148,LOW,,
H14809,0.0852,LOW,,
H14810,0.0903,LOW,,
H14811,0.0495,LOW,,
H14812,0.0125,LOW,,
H14813,0.6962,MEDIUM,,
H14814,0.0367,LOW,,
H14815,0.0477,LOW,,
H14816,0.0634,LOW,,
H14817,0.3184,LOW,,
H14818,0.0175,LOW,,
H14819,0.1488,LOW,,
H14820,0.0276,LOW,,
H14821,0.1207,LOW,,
H14822,0.036,LOW,,
H14823,0.8015,HIGH,,
H14824,0.0872,LOW,,
H14825,0.1908,LOW,,
H14826,0.0535,LOW,,
H14827,0.1079,LOW,,
H14828,0.912,HIGH,,
H14829,0.2856,LOW,,
H14830,0.7705,HIGH,,
H14831,0.0158,LOW,,
H14832,0.0288,LOW,,
H14833,0.0798,LOW,,
H14834,0.187,LOW,,
H14835,0.1192,LOW,,
H14836,0.7027,HIGH,,
H14837,0.2823,LOW,,
H14838,0.714,HIGH,,
H14839,0.7017,HIGH,,
H14840,0.077,LOW,,
H14841,0.155,LOW,,
H14842,0.1677,LOW,,
H14843,0.0275,LOW,,
H14844,0.0756,LOW,,
H14845,0.0289,LOW,,
H14846,0.0622,LOW,,
H14847,0.058,LOW,,
H14848,0.542,MEDIUM,,
H14849,0.0626,LOW,,
H14850,0.0331,LOW,,
H14851,0.1055,LOW,,
H14852,0.1078,LOW,,
H14853,0.0657,LOW,,
H14854,0.07,LOW,,
H14855,0.0584,LOW,,
H14856,0.1488,LOW,,
H14857,0.1321,LOW,,
H14858,0.0203,LOW,,
H14859,0.8762,HIGH,,
H14860,0.0683,LOW,,
H14861,0.6745,MEDIUM,,
H14862,0.0579,LOW,,
H14863,0.1398,LOW,,
H14864,0.0632,LOW,,
H14865,0.5902,MEDIUM,,
H14866,0.0429,LOW,,
H14867,0.1187,LOW,,
H14868,0.0568,LOW,,
H14869,0.5325,MEDIUM,,
H14870,0.052,LOW,,
H14871,0.4909,MEDIUM,,
H14872,0.0391,LOW,,
H14873,0.0468,LOW,,
H14874,0.8249,HIGH,,
H14875,0.2377,LOW,,
H14876,0.2212,LOW,,
H14877,0.3298,LOW,,
H14878,0.0496,LOW,,
H14879,0.274,LOW,,
H14880,0.0364,LOW,,
H14881,0.0411,LOW,,
H14882,0.5838,MEDIUM,,
H14883,0.4465,MEDIUM,,
H14884,0.0234,LOW,,
H14885,0.3121,LOW,,
H14886,0.2917,LOW,,
H14887,0.1332,LOW,,
H14888,0.0539,LOW,,
H14889,0.0381,LOW,,
H14890,0.0436,LOW,,
H14891,0.0904,LOW,,
H14892,0.0411,LOW,,
H14893,0.0272,LOW,,
H14894,0.088,LOW,,
H14895,0.0734,LOW,,
H14896,0.0229,LOW,,
H14897,0.1265,LOW,,
H14898,0.2565,LOW,,
H14899,0.2876,LOW,,
H14900,0.1277,LOW,,
H14901,0.1579,LOW,,
H14902,0.0996,LOW,,
H14903,0.1776,LOW,,
H14904,0.2025,LOW,,
H14905,0.1642,LOW,,
H14906,0.0449,LOW,,
H14907,0.032,LOW,,
H14908,0.7597,HIGH,,
H14909,0.0511,LOW,,
H14910,0.0358,LOW,,
H14911,0.1208,LOW,,
H14912,0.155,LOW,,
H14913,0.1564,LOW,,
H14914,0.0514,LOW,,
H14915,0.0526,LOW,,
H14916,0.1942,LOW,,
H14917,0.763,HIGH,,
H14918,0.0732,LOW,,
H14919,0.0679,LOW,,
H14920,0.0199,LOW,,
H14921,0.0415,LOW,,
H14922,0.1293,LOW,,
H14923,0.0258,LOW,,
H14924,0.0398,LOW,,
H14925,0.8719,HIGH,,
H14926,0.0227,LOW,,
H14927,0.3771,LOW,,
H14928,0.1228,LOW,,
H14929,0.0843,LOW,,
H14930,0.0821,LOW,,
H14931,0.074,LOW,,
H14932,0.0603,LOW,,
H14933,0.2522,LOW,,
H14934,0.1378,LOW,,
H14935,0.0958,LOW,,
H14936,0.1852,LOW,,
H14937,0.074,LOW,,
H14938,0.0337,LOW,,
H14939,0.0464,LOW,,
H14940,0.2055,LOW,,
H14941,0.6779,MEDIUM,,
H14942,0.0657,LOW,,
H14943,0.1082,LOW,,
H14944,0.1837,LOW,,
H14945,0.1063,LOW,,
H14946,0.052,LOW,,
H14947,0.1169,LOW,,
H14948,0.2097,LOW,,
H14949,0.0503,LOW,,
H14950,0.0396,LOW,,
H14951,0.0426,LOW,,
H14952,0.193,LOW,,
H14953,0.0547,LOW,,
H14954,0.0185,LOW,,
H14955,0.0256,LOW,,
H14956,0.0702,LOW,,
H14957,0.032,LOW,,
H14958,0.0424,LOW,,
H14959,0.0845,LOW,,
H14960,0.0803,LOW,,
H14961,0.1067,LOW,,
H14962,0.0219,LOW,,
H14963,0.3759,LOW,,
H14964,0.7071,HIGH,,
H14965,0.0522,LOW,,
H14966,0.8778,HIGH,,
H14967,0.0427,LOW,,
H14968,0.0182,LOW,,
H14969,0.0794,LOW,,
H14970,0.1862,LOW,,
H14971,0.0897,LOW,,
H14972,0.4331,MEDIUM,,
H14973,0.061,LOW,,
H14974,0.5682,MEDIUM,,
H14975,0.0333,LOW,,
H14976,0.5527,MEDIUM,,
H14977,0.5069,MEDIUM,,
H14978,0.0855,LOW,,
H14979,0.1541,LOW,,
H14980,0.0197,LOW,,
H14981,0.0375,LOW,,
H14982,0.4303,MEDIUM,,
H14983,0.0462,LOW,,
H14984,0.0848,LOW,,
H14985,0.0135,LOW,,
H14986,0.5081,MEDIUM,,
H14987,0.1787,LOW,,
H14988,0.1623,LOW,,
H14989,0.2471,LOW,,
H14990,0.4216,MEDIUM,,
H14991,0.0382,LOW,,
H14992,0.0478,LOW,,
H14993,0.0324,LOW,,
H14994,0.0164,LOW,,
H14995,0.3637,LOW,,
H14996,0.2485,LOW,,
H14997,0.0433,LOW,,
H14998,0.0372,LOW,,
H14999,0.3459,LOW,,
